2026-09-25T03:00:06.161 [grid_node] DOING connecting to cam2 stream at http://10.127.227.40:8080/video
2026-09-25T03:00:08.523 [grid_node] INFO grid_node ready - viewer at http://<this-machine-ip>:8091/, paper_size=A4
2026-09-25T03:22:52.465 [grid_node] DOING connecting to cam2 stream at http://10.127.227.40:8080/video
2026-09-25T03:22:52.691 [grid_node] INFO grid_node ready - viewer at http://<this-machine-ip>:8091/, paper_size=A4
2026-09-25T03:47:26.433 [grid_node] DOING connecting to cam2 stream at http://10.127.227.40:8080/video
2026-09-25T03:47:37.716 [tool_state_node] INFO tool_state_node ready — holding: <none>
2026-09-25T03:47:38.746 [draw_line_node] INFO draw_line_node ready — action server on "draw_line"
2026-09-25T03:47:39.262 [mark_point_node] INFO mark_point_node ready — action server on "mark_point"
2026-09-25T03:47:39.276 [screen_state_node] WARN screen_state_node running in MOCK serial mode - no display Arduino attached
2026-09-25T03:47:39.473 [pick_and_place_node] INFO pick_and_place_node ready — action server on "pick_and_place"
2026-09-25T03:47:39.913 [dispatch_node] INFO dispatch_node ready - listening on /action/dispatch
2026-09-25T03:48:35.392 [dispatch_node] RECEIVED actionId=pick-1d4d498f source=robot pairId=pick-1d4d498f pairSize=1 payload={'action': 'pick', 'tool': 'pencil'}
2026-09-25T03:48:35.405 [dispatch_node] DOING routing robot action "pick"
2026-09-25T03:48:35.421 [dispatch_node] SENT pick goal: nexus_interfaces.action.PickTool_Goal(target_object='pencil')
2026-09-25T03:48:40.645 [dispatch_node] RECEIVED pick result: success=False message=""
2026-09-25T03:48:40.655 [dispatch_node] SENT completion for actionId=pick-1d4d498f source=robot result={'ok': False, 'action': 'pick', 'message': ''}
2026-09-25T03:49:11.096 [dispatch_node] RECEIVED actionId=mark-d5d46c3e source=robot pairId=mark-d5d46c3e pairSize=1 payload={'action': 'mark', 'point': [20.0, 22.0]}
2026-09-25T03:49:11.104 [dispatch_node] DOING routing robot action "mark"
2026-09-25T03:49:11.114 [dispatch_node] SENT mark goal: nexus_interfaces.action.MarkPoint_Goal(x_mm=20.0, y_mm=22.0)
2026-09-25T03:49:11.428 [mark_point_node] RECEIVED MarkPoint goal: (20.0, 22.0)
2026-09-25T03:49:11.442 [mark_point_node] DOING [markPoint] step: validating_point
2026-09-25T03:49:16.547 [dispatch_node] RECEIVED mark result: success=False message=""
2026-09-25T03:49:16.555 [dispatch_node] SENT completion for actionId=mark-d5d46c3e source=robot result={'ok': False, 'action': 'mark', 'message': ''}
2026-09-25T04:11:27.151 [grid_node] DOING connecting to cam2 stream at http://10.127.227.40:8080/video
2026-09-25T04:15:10.775 [grid_node] DOING connecting to cam2 stream at http://10.127.227.40:8080/video
2026-09-25T04:30:22.507 [grid_node] DOING connecting to cam2 stream at http://10.127.227.40:8080/video
2026-09-25T04:30:43.196 [dispatch_node] RECEIVED actionId=pick-7720765e source=robot pairId=pick-7720765e pairSize=1 payload={'action': 'pick', 'tool': 'pencil'}
2026-09-25T04:30:43.248 [dispatch_node] DOING routing robot action "pick"
2026-09-25T04:30:43.326 [dispatch_node] SENT pick goal: nexus_interfaces.action.PickTool_Goal(target_object='pencil')
2026-09-25T04:30:49.464 [dispatch_node] RECEIVED pick result: success=False message=""
2026-09-25T04:30:49.716 [dispatch_node] SENT completion for actionId=pick-7720765e source=robot result={'ok': False, 'action': 'pick', 'message': ''}
2026-09-25T04:33:37.588 [grid_node] DOING connecting to cam2 stream at http://10.127.227.40:8080/video
2026-09-25T04:34:01.824 [grid_node] DOING connecting to cam2 stream at http://10.127.227.40:8080/video
2026-09-25T04:34:18.793 [grid_node] DOING connecting to cam2 stream at http://10.127.227.40:8080/video
2026-09-25T04:36:50.065 [grid_node] DOING connecting to cam2 stream at http://10.127.227.40:8080/video
2026-09-25T04:37:00.839 [draw_arc_node] INFO draw_arc_node ready — action server on "draw_arc"
2026-09-25T04:37:00.907 [tool_state_node] INFO tool_state_node ready — holding: <none>
2026-09-25T04:37:01.154 [screen_state_node] WARN screen_state_node running in MOCK serial mode - no display Arduino attached
2026-09-25T04:37:01.452 [mark_point_node] INFO mark_point_node ready — action server on "mark_point"
2026-09-25T04:37:01.558 [screen_state_node] INFO screen_state_node ready (mock_serial=True) - serving /screen/set_state
2026-09-25T04:37:01.606 [pick_and_place_node] INFO pick_and_place_node ready — action server on "pick_and_place"
2026-09-25T04:37:01.979 [draw_line_node] INFO draw_line_node ready — action server on "draw_line"
2026-09-25T04:37:01.977 [pick_tool_node] INFO pick_tool_node ready — action server on "pick_tool"
2026-09-25T04:37:02.138 [dispatch_node] INFO dispatch_node ready - listening on /action/dispatch
2026-09-25T04:37:14.702 [dispatch_node] RECEIVED actionId=pick-daeaee93 source=robot pairId=pick-daeaee93 pairSize=1 payload={'action': 'pick', 'tool': 'pencil'}
2026-09-25T04:37:14.712 [screen_state_node] RECEIVED SetScreenState request: state="robot_pick_started" detail={"source": "robot", "payload": {"action": "pick", "tool": "pencil"}}
2026-09-25T04:37:14.719 [dispatch_node] SENT pick goal: nexus_interfaces.action.PickTool_Goal(target_object='pencil')
2026-09-25T04:37:14.738 [screen_state_node] RECEIVED SetScreenState request: state="picktool_checking_held_tool" detail={"target":"pencil"}
2026-09-25T04:37:14.769 [screen_state_node] SENT screen state -> robot_pick_started (display: "ROBOT PICK START")
2026-09-25T04:37:14.795 [screen_state_node] SENT screen state -> picktool_checking_held_tool (display: "CHECK TOOL")
2026-09-25T04:37:14.817 [pick_tool_node] DOING [pickTool:pencil] step: checking_held_tool
2026-09-25T04:37:14.824 [tool_state_node] RECEIVED GetHeldTool request
2026-09-25T04:37:14.830 [tool_state_node] SENT held tool: ""
2026-09-25T04:37:14.846 [screen_state_node] RECEIVED SetScreenState request: state="picktool_calibrating" detail={"target":"pencil"}
2026-09-25T04:37:14.903 [screen_state_node] SENT screen state -> picktool_calibrating (display: "CALIBRATING")
2026-09-25T04:37:14.925 [pick_tool_node] DOING [pickTool:pencil] step: calibrating
2026-09-25T04:37:14.936 [motion_node] RECEIVED MoveTo request: config="calibrate" x=0.0 y=0.0
2026-09-25T04:37:14.943 [motion_node] DOING sending SETANGLE 90 for config "calibrate"
2026-09-25T04:37:19.950 [motion_node] ERROR timed out waiting for servo ack on config "calibrate"
2026-09-25T04:37:19.969 [pick_tool_node] ERROR [pickTool:pencil] failed: move_to("calibrate") failed: timed out waiting for servo ack on config "calibrate"
2026-09-25T04:37:19.978 [screen_state_node] RECEIVED SetScreenState request: state="picktool_failed" detail={"target":"pencil","error":"move_to("calibrate") failed: timed out waiting for servo ack on config "calibrate""}
2026-09-25T04:37:20.036 [screen_state_node] SENT screen state -> picktool_failed (display: "PICK FAILED")
2026-09-25T04:37:20.065 [dispatch_node] RECEIVED pick result: success=False message="move_to("calibrate") failed: timed out waiting for servo ack on config "calibrate""
2026-09-25T04:37:20.081 [dispatch_node] SENT completion for actionId=pick-daeaee93 source=robot result={'ok': False, 'action': 'pick', 'message': 'move_to("calibrate") failed: timed out waiting for servo ack on config "calibrate"'}
2026-09-25T04:39:03.790 [dispatch_node] RECEIVED actionId=mark-66d095ae source=robot pairId=mark-66d095ae pairSize=1 payload={'action': 'mark', 'point': [20.0, 20.0]}
2026-09-25T04:39:03.803 [dispatch_node] DOING routing robot action "mark"
2026-09-25T04:39:03.826 [dispatch_node] SENT mark goal: nexus_interfaces.action.MarkPoint_Goal(x_mm=20.0, y_mm=20.0)
2026-09-25T04:39:03.831 [screen_state_node] RECEIVED SetScreenState request: state="robot_mark_started" detail={"source": "robot", "payload": {"action": "mark", "point": [20.0, 20.0]}}
2026-09-25T04:39:03.891 [screen_state_node] SENT screen state -> robot_mark_started (display: "ROBOT MARK START")
2026-09-25T04:39:04.018 [mark_point_node] RECEIVED MarkPoint goal: (20.0, 20.0)
2026-09-25T04:39:04.033 [mark_point_node] DOING [markPoint] step: validating_point
2026-09-25T04:39:09.082 [mark_point_node] ERROR [markPoint] failed: service /grid/get_point not available
2026-09-25T04:39:09.114 [dispatch_node] RECEIVED mark result: success=False message="service /grid/get_point not available"
2026-09-25T04:39:09.127 [dispatch_node] SENT completion for actionId=mark-66d095ae source=robot result={'ok': False, 'action': 'mark', 'message': 'service /grid/get_point not available'}
2026-09-25T04:41:50.403 [grid_node] DOING connecting to cam2 stream at http://10.127.227.40:8080/video
2026-09-25T04:41:55.024 [tool_state_node] INFO tool_state_node ready — holding: <none>
2026-09-25T04:41:57.834 [draw_line_node] INFO draw_line_node ready — action server on "draw_line"
2026-09-25T04:41:58.011 [screen_state_node] WARN screen_state_node running in MOCK serial mode - no display Arduino attached
2026-09-25T04:41:58.055 [mark_point_node] INFO mark_point_node ready — action server on "mark_point"
2026-09-25T04:41:58.208 [screen_state_node] INFO screen_state_node ready (mock_serial=True) - serving /screen/set_state
2026-09-25T04:41:58.384 [pick_and_place_node] INFO pick_and_place_node ready — action server on "pick_and_place"
2026-09-25T04:41:58.485 [draw_arc_node] INFO draw_arc_node ready — action server on "draw_arc"
2026-09-25T04:41:58.636 [pick_tool_node] INFO pick_tool_node ready — action server on "pick_tool"
2026-09-25T04:41:58.690 [dispatch_node] INFO dispatch_node ready - listening on /action/dispatch
2026-09-25T04:44:04.992 [dispatch_node] RECEIVED actionId=mark-d2fa5cc9 source=robot pairId=mark-d2fa5cc9 pairSize=1 payload={'action': 'mark', 'point': [12.0, 20.0]}
2026-09-25T04:44:05.011 [dispatch_node] DOING routing robot action "mark"
2026-09-25T04:44:05.045 [dispatch_node] SENT mark goal: nexus_interfaces.action.MarkPoint_Goal(x_mm=12.0, y_mm=20.0)
2026-09-25T04:44:05.136 [screen_state_node] RECEIVED SetScreenState request: state="robot_mark_started" detail={"source": "robot", "payload": {"action": "mark", "point": [12.0, 20.0]}}
2026-09-25T04:44:05.210 [screen_state_node] SENT screen state -> robot_mark_started (display: "ROBOT MARK START")
2026-09-25T04:44:05.274 [mark_point_node] RECEIVED MarkPoint goal: (12.0, 20.0)
2026-09-25T04:44:05.286 [mark_point_node] DOING [markPoint] step: validating_point
2026-09-25T04:44:10.323 [mark_point_node] ERROR [markPoint] failed: service /grid/get_point not available
2026-09-25T04:44:10.360 [dispatch_node] RECEIVED mark result: success=False message="service /grid/get_point not available"
2026-09-25T04:44:10.373 [dispatch_node] SENT completion for actionId=mark-d2fa5cc9 source=robot result={'ok': False, 'action': 'mark', 'message': 'service /grid/get_point not available'}
2026-09-25T04:45:19.441 [dispatch_node] RECEIVED actionId=mark-7bd27836 source=robot pairId=mark-7bd27836 pairSize=1 payload={'action': 'mark', 'point': [10.0, 20.0]}
2026-09-25T04:45:19.449 [dispatch_node] DOING routing robot action "mark"
2026-09-25T04:45:19.456 [screen_state_node] RECEIVED SetScreenState request: state="robot_mark_started" detail={"source": "robot", "payload": {"action": "mark", "point": [10.0, 20.0]}}
2026-09-25T04:45:19.459 [dispatch_node] SENT mark goal: nexus_interfaces.action.MarkPoint_Goal(x_mm=10.0, y_mm=20.0)
2026-09-25T04:45:19.480 [mark_point_node] RECEIVED MarkPoint goal: (10.0, 20.0)
2026-09-25T04:45:19.489 [mark_point_node] DOING [markPoint] step: validating_point
2026-09-25T04:45:19.516 [screen_state_node] SENT screen state -> robot_mark_started (display: "ROBOT MARK START")
2026-09-25T04:45:24.509 [mark_point_node] ERROR [markPoint] failed: service /grid/get_point not available
2026-09-25T04:45:24.545 [dispatch_node] RECEIVED mark result: success=False message="service /grid/get_point not available"
2026-09-25T04:45:24.559 [dispatch_node] SENT completion for actionId=mark-7bd27836 source=robot result={'ok': False, 'action': 'mark', 'message': 'service /grid/get_point not available'}
2026-09-25T04:46:44.321 [grid_node] DOING connecting to cam2 stream at http://10.127.227.40:8080/video
2026-09-25T04:46:46.237 [grid_node] INFO grid_node ready - viewer at http://<this-machine-ip>:8091/, paper_size=A4
2026-09-26T01:25:43.294 [grid_node] DOING connecting to cam2 stream at http://10.197.0.147:8080/video
2026-09-26T01:25:44.060 [grid_node] INFO grid_node ready - viewer at http://<this-machine-ip>:8091/, paper_size=A4
2026-09-26T01:29:59.255 [screen_state_node] WARN screen_state_node running in MOCK serial mode - no display Arduino attached
2026-09-26T01:30:00.923 [tool_state_node] INFO tool_state_node ready — holding: <none>
2026-09-26T01:30:01.024 [pick_and_place_node] INFO pick_and_place_node ready — action server on "pick_and_place"
2026-09-26T01:30:01.173 [screen_state_node] INFO screen_state_node ready (mock_serial=True) - serving /screen/set_state
2026-09-26T01:30:01.592 [draw_line_node] INFO draw_line_node ready — action server on "draw_line"
2026-09-26T01:30:01.961 [draw_arc_node] INFO draw_arc_node ready — action server on "draw_arc"
2026-09-26T01:30:02.050 [mark_point_node] INFO mark_point_node ready — action server on "mark_point"
2026-09-26T01:30:02.409 [dispatch_node] INFO dispatch_node ready - listening on /action/dispatch
2026-09-26T01:31:11.513 [dispatch_node] RECEIVED actionId=mark-ccf410ec source=robot pairId=mark-ccf410ec pairSize=1 payload={'action': 'mark', 'point': [20.0, 20.0]}
2026-09-26T01:31:11.650 [dispatch_node] DOING routing robot action "mark"
2026-09-26T01:31:11.815 [dispatch_node] SENT mark goal: nexus_interfaces.action.MarkPoint_Goal(x_mm=20.0, y_mm=20.0)
2026-09-26T01:31:12.650 [screen_state_node] RECEIVED SetScreenState request: state="robot_mark_started" detail={"source": "robot", "payload": {"action": "mark", "point": [20.0, 20.0]}}
2026-09-26T01:31:12.808 [screen_state_node] SENT screen state -> robot_mark_started (display: "ROBOT MARK START")
2026-09-26T01:31:13.300 [mark_point_node] RECEIVED MarkPoint goal: (20.0, 20.0)
2026-09-26T01:31:13.323 [mark_point_node] DOING [markPoint] step: validating_point
2026-09-26T01:31:13.881 [grid_node] RECEIVED GetGridPoint request: (20.0, 20.0) label="mark"
2026-09-26T01:31:23.412 [mark_point_node] ERROR [markPoint] failed: timed out waiting for /grid/get_point
2026-09-26T01:31:23.452 [dispatch_node] RECEIVED mark result: success=False message="timed out waiting for /grid/get_point"
2026-09-26T01:31:23.465 [dispatch_node] SENT completion for actionId=mark-ccf410ec source=robot result={'ok': False, 'action': 'mark', 'message': 'timed out waiting for /grid/get_point'}
2026-09-26T01:36:51.323 [grid_node] DOING connecting to cam2 stream at http://10.197.0.147:8080/video
2026-09-26T01:36:52.087 [grid_node] INFO grid_node ready - viewer at http://<this-machine-ip>:8091/, paper_size=A4
2026-09-26T01:38:26.599 [screen_state_node] WARN screen_state_node running in MOCK serial mode - no display Arduino attached
2026-09-26T01:38:27.040 [tool_state_node] INFO tool_state_node ready — holding: <none>
2026-09-26T01:38:27.327 [mark_point_node] INFO mark_point_node ready — action server on "mark_point"
2026-09-26T01:38:27.391 [screen_state_node] INFO screen_state_node ready (mock_serial=True) - serving /screen/set_state
2026-09-26T01:38:28.228 [draw_line_node] INFO draw_line_node ready — action server on "draw_line"
2026-09-26T01:38:28.633 [pick_tool_node] INFO pick_tool_node ready — action server on "pick_tool"
ick_and_place"
2026-09-26T01:38:29.319 [draw_arc_node] INFO draw_arc_node ready — action server on "draw_arc"
2026-09-26T01:38:29.369 [dispatch_node] INFO dispatch_node ready - listening on /action/dispatch
2026-09-26T01:40:46.740 [dispatch_node] RECEIVED actionId=mark-5f1fbbca source=robot pairId=mark-5f1fbbca pairSize=1 payload={'action': 'mark', 'point': [22.0, 29.0]}
2026-09-26T01:40:46.794 [dispatch_node] DOING routing robot action "mark"
2026-09-26T01:40:46.898 [dispatch_node] SENT mark goal: nexus_interfaces.action.MarkPoint_Goal(x_mm=22.0, y_mm=29.0)
2026-09-26T01:40:47.196 [screen_state_node] RECEIVED SetScreenState request: state="robot_mark_started" detail={"source": "robot", "payload": {"action": "mark", "point": [22.0, 29.0]}}
2026-09-26T01:40:47.316 [screen_state_node] SENT screen state -> robot_mark_started (display: "ROBOT MARK START")
2026-09-26T01:40:47.549 [mark_point_node] RECEIVED MarkPoint goal: (22.0, 29.0)
2026-09-26T01:40:47.580 [mark_point_node] DOING [markPoint] step: validating_point
2026-09-26T01:40:47.940 [grid_node] RECEIVED GetGridPoint request: (22.0, 29.0) label="mark"
2026-09-26T01:40:47.985 [grid_node] SENT point accepted
2026-09-26T01:40:48.010 [mark_point_node] DOING [markPoint] step: standby
2026-09-26T01:40:48.022 [mark_point_node] DOING move_to("mark_standby")
2026-09-26T01:40:48.371 [motion_node] RECEIVED MoveTo request: config="mark_standby" x=0.0 y=0.0
2026-09-26T01:40:48.383 [motion_node] DOING sending SETANGLE 90 for config "mark_standby"
2026-09-26T01:40:53.406 [motion_node] ERROR timed out waiting for servo ack on config "mark_standby"
2026-09-26T01:40:53.449 [mark_point_node] ERROR [markPoint] failed: move_to("mark_standby") failed: timed out waiting for servo ack on config "mark_standby"
2026-09-26T01:40:53.497 [dispatch_node] RECEIVED mark result: success=False message="move_to("mark_standby") failed: timed out waiting for servo ack on config "mark_standby""
2026-09-26T01:40:53.527 [dispatch_node] SENT completion for actionId=mark-5f1fbbca source=robot result={'ok': False, 'action': 'mark', 'message': 'move_to("mark_standby") failed: timed out waiting for servo ack on config "mark_standby"'}
2026-09-26T01:59:28.350 [dispatch_node] RECEIVED actionId=pick-6c9eaf8d source=robot pairId=pick-6c9eaf8d pairSize=1 payload={'action': 'pick', 'tool': 'pencil'}
2026-09-26T01:59:28.407 [dispatch_node] DOING routing robot action "pick"
2026-09-26T01:59:28.509 [dispatch_node] SENT pick goal: nexus_interfaces.action.PickTool_Goal(target_object='pencil')
2026-09-26T01:59:29.169 [screen_state_node] RECEIVED SetScreenState request: state="robot_pick_started" detail={"source": "robot", "payload": {"action": "pick", "tool": "pencil"}}
2026-09-26T01:59:29.283 [screen_state_node] SENT screen state -> robot_pick_started (display: "ROBOT PICK START")
2026-09-26T01:59:29.549 [screen_state_node] RECEIVED SetScreenState request: state="picktool_checking_held_tool" detail={"target":"pencil"}
2026-09-26T01:59:29.609 [screen_state_node] SENT screen state -> picktool_checking_held_tool (display: "CHECK TOOL")
2026-09-26T01:59:29.731 [pick_tool_node] DOING [pickTool:pencil] step: checking_held_tool
2026-09-26T01:59:30.053 [tool_state_node] RECEIVED GetHeldTool request
2026-09-26T01:59:30.076 [tool_state_node] SENT held tool: ""
2026-09-26T01:59:30.105 [screen_state_node] RECEIVED SetScreenState request: state="picktool_calibrating" detail={"target":"pencil"}
2026-09-26T01:59:30.170 [screen_state_node] SENT screen state -> picktool_calibrating (display: "CALIBRATING")
2026-09-26T01:59:30.184 [pick_tool_node] DOING [pickTool:pencil] step: calibrating
2026-09-26T01:59:30.435 [motion_node] RECEIVED MoveTo request: config="calibrate" x=0.0 y=0.0
2026-09-26T01:59:30.454 [motion_node] DOING sending SETANGLE 90 for config "calibrate"
2026-09-26T01:59:35.474 [motion_node] ERROR timed out waiting for servo ack on config "calibrate"
2026-09-26T01:59:35.530 [pick_tool_node] ERROR [pickTool:pencil] failed: move_to("calibrate") failed: timed out waiting for servo ack on config "calibrate"
2026-09-26T01:59:35.568 [screen_state_node] RECEIVED SetScreenState request: state="picktool_failed" detail={"target":"pencil","error":"move_to("calibrate") failed: timed out waiting for servo ack on config "calibrate""}
2026-09-26T01:59:35.643 [screen_state_node] SENT screen state -> picktool_failed (display: "PICK FAILED")
2026-09-26T01:59:35.998 [dispatch_node] RECEIVED pick result: success=False message="move_to("calibrate") failed: timed out waiting for servo ack on config "calibrate""
2026-09-26T01:59:36.011 [dispatch_node] SENT completion for actionId=pick-6c9eaf8d source=robot result={'ok': False, 'action': 'pick', 'message': 'move_to("calibrate") failed: timed out waiting for servo ack on config "calibrate"'}
2026-09-26T02:02:00.195 [dispatch_node] RECEIVED actionId=pick-e94691da source=robot pairId=pick-e94691da pairSize=1 payload={'action': 'pick', 'tool': 'pencil'}
2026-09-26T02:02:00.240 [dispatch_node] DOING routing robot action "pick"
2026-09-26T02:02:00.310 [dispatch_node] SENT pick goal: nexus_interfaces.action.PickTool_Goal(target_object='pencil')
2026-09-26T02:02:00.439 [screen_state_node] RECEIVED SetScreenState request: state="robot_pick_started" detail={"source": "robot", "payload": {"action": "pick", "tool": "pencil"}}
2026-09-26T02:02:00.536 [screen_state_node] SENT screen state -> robot_pick_started (display: "ROBOT PICK START")
2026-09-26T02:02:00.654 [screen_state_node] RECEIVED SetScreenState request: state="picktool_checking_held_tool" detail={"target":"pencil"}
2026-09-26T02:02:00.716 [screen_state_node] SENT screen state -> picktool_checking_held_tool (display: "CHECK TOOL")
2026-09-26T02:02:00.788 [pick_tool_node] DOING [pickTool:pencil] step: checking_held_tool
2026-09-26T02:02:00.958 [tool_state_node] RECEIVED GetHeldTool request
2026-09-26T02:02:00.977 [tool_state_node] SENT held tool: ""
2026-09-26T02:02:01.024 [screen_state_node] RECEIVED SetScreenState request: state="picktool_calibrating" detail={"target":"pencil"}
2026-09-26T02:02:01.086 [screen_state_node] SENT screen state -> picktool_calibrating (display: "CALIBRATING")
2026-09-26T02:02:01.116 [pick_tool_node] DOING [pickTool:pencil] step: calibrating
2026-09-26T02:02:01.285 [motion_node] RECEIVED MoveTo request: config="calibrate" x=0.0 y=0.0
2026-09-26T02:02:01.300 [motion_node] DOING sending SETANGLE 90 for config "calibrate"
2026-09-26T02:02:06.317 [motion_node] ERROR timed out waiting for servo ack on config "calibrate"
2026-09-26T02:02:06.380 [pick_tool_node] ERROR [pickTool:pencil] failed: move_to("calibrate") failed: timed out waiting for servo ack on config "calibrate"
2026-09-26T02:02:06.421 [screen_state_node] RECEIVED SetScreenState request: state="picktool_failed" detail={"target":"pencil","error":"move_to("calibrate") failed: timed out waiting for servo ack on config "calibrate""}
2026-09-26T02:02:06.496 [screen_state_node] SENT screen state -> picktool_failed (display: "PICK FAILED")
2026-09-26T02:02:06.545 [dispatch_node] RECEIVED pick result: success=False message="move_to("calibrate") failed: timed out waiting for servo ack on config "calibrate""
2026-09-26T02:02:06.557 [dispatch_node] SENT completion for actionId=pick-e94691da source=robot result={'ok': False, 'action': 'pick', 'message': 'move_to("calibrate") failed: timed out waiting for servo ack on config "calibrate"'}
2026-09-26T02:09:11.908 [pick_and_place_node] INFO pick_and_place_node ready — action server on "pick_and_place"
2026-09-26T02:09:12.215 [draw_arc_node] INFO draw_arc_node ready — action server on "draw_arc"
2026-09-26T02:09:12.365 [tool_state_node] INFO tool_state_node ready — holding: <none>
2026-09-26T02:09:12.397 [screen_state_node] WARN screen_state_node running in MOCK serial mode - no display Arduino attached
2026-09-26T02:09:12.485 [pick_tool_node] INFO pick_tool_node ready — action server on "pick_tool"
2026-09-26T02:09:12.518 [draw_line_node] INFO draw_line_node ready — action server on "draw_line"
2026-09-26T02:09:12.596 [mark_point_node] INFO mark_point_node ready — action server on "mark_point"
2026-09-26T02:09:12.616 [screen_state_node] INFO screen_state_node ready (mock_serial=True) - serving /screen/set_state
2026-09-26T02:09:12.866 [dispatch_node] INFO dispatch_node ready - listening on /action/dispatch
2026-09-26T02:09:27.389 [dispatch_node] RECEIVED actionId=pick-c4dece11 source=robot pairId=pick-c4dece11 pairSize=1 payload={'action': 'pick', 'tool': 'pencil'}
2026-09-26T02:09:27.406 [dispatch_node] DOING routing robot action "pick"
2026-09-26T02:09:27.418 [dispatch_node] SENT pick goal: nexus_interfaces.action.PickTool_Goal(target_object='pencil')
2026-09-26T02:09:27.434 [screen_state_node] RECEIVED SetScreenState request: state="robot_pick_started" detail={"source": "robot", "payload": {"action": "pick", "tool": "pencil"}}
2026-09-26T02:09:27.462 [screen_state_node] RECEIVED SetScreenState request: state="picktool_checking_held_tool" detail={"target":"pencil"}
2026-09-26T02:09:27.499 [screen_state_node] SENT screen state -> robot_pick_started (display: "ROBOT PICK START")
2026-09-26T02:09:27.523 [screen_state_node] SENT screen state -> picktool_checking_held_tool (display: "CHECK TOOL")
2026-09-26T02:09:27.540 [pick_tool_node] DOING [pickTool:pencil] step: checking_held_tool
2026-09-26T02:09:27.555 [tool_state_node] RECEIVED GetHeldTool request
2026-09-26T02:09:27.562 [tool_state_node] SENT held tool: ""
2026-09-26T02:09:27.591 [screen_state_node] RECEIVED SetScreenState request: state="picktool_calibrating" detail={"target":"pencil"}
2026-09-26T02:09:27.651 [screen_state_node] SENT screen state -> picktool_calibrating (display: "CALIBRATING")
2026-09-26T02:09:27.670 [pick_tool_node] DOING [pickTool:pencil] step: calibrating
2026-09-26T02:09:27.686 [motion_node] RECEIVED MoveTo request: config="calibrate" x=0.0 y=0.0
2026-09-26T02:09:27.694 [motion_node] DOING sending SETANGLE 90 for config "calibrate"
2026-09-26T02:09:32.705 [motion_node] ERROR timed out waiting for servo ack on config "calibrate"
2026-09-26T02:09:32.745 [pick_tool_node] ERROR [pickTool:pencil] failed: move_to("calibrate") failed: timed out waiting for servo ack on config "calibrate"
2026-09-26T02:09:32.785 [screen_state_node] RECEIVED SetScreenState request: state="picktool_failed" detail={"target":"pencil","error":"move_to("calibrate") failed: timed out waiting for servo ack on config "calibrate""}
2026-09-26T02:09:32.845 [screen_state_node] SENT screen state -> picktool_failed (display: "PICK FAILED")
2026-09-26T02:09:32.877 [dispatch_node] RECEIVED pick result: success=False message="move_to("calibrate") failed: timed out waiting for servo ack on config "calibrate""
2026-09-26T02:09:32.887 [dispatch_node] SENT completion for actionId=pick-c4dece11 source=robot result={'ok': False, 'action': 'pick', 'message': 'move_to("calibrate") failed: timed out waiting for servo ack on config "calibrate"'}
2026-09-26T02:14:40.796 [dispatch_node] RECEIVED actionId=pick-8b03aff9 source=robot pairId=pick-8b03aff9 pairSize=1 payload={'action': 'pick', 'tool': 'pencil'}
2026-09-26T02:14:40.877 [dispatch_node] DOING routing robot action "pick"
2026-09-26T02:14:41.002 [dispatch_node] SENT pick goal: nexus_interfaces.action.PickTool_Goal(target_object='pencil')
2026-09-26T02:14:41.163 [screen_state_node] RECEIVED SetScreenState request: state="robot_pick_started" detail={"source": "robot", "payload": {"action": "pick", "tool": "pencil"}}
2026-09-26T02:14:41.298 [screen_state_node] SENT screen state -> robot_pick_started (display: "ROBOT PICK START")
2026-09-26T02:14:41.517 [screen_state_node] RECEIVED SetScreenState request: state="picktool_checking_held_tool" detail={"target":"pencil"}
2026-09-26T02:14:41.582 [screen_state_node] SENT screen state -> picktool_checking_held_tool (display: "CHECK TOOL")
2026-09-26T02:14:41.687 [pick_tool_node] DOING [pickTool:pencil] step: checking_held_tool
2026-09-26T02:14:42.003 [tool_state_node] RECEIVED GetHeldTool request
2026-09-26T02:14:42.039 [tool_state_node] SENT held tool: ""
2026-09-26T02:14:42.096 [screen_state_node] RECEIVED SetScreenState request: state="picktool_calibrating" detail={"target":"pencil"}
2026-09-26T02:14:42.168 [screen_state_node] SENT screen state -> picktool_calibrating (display: "CALIBRATING")
2026-09-26T02:14:42.187 [pick_tool_node] DOING [pickTool:pencil] step: calibrating
2026-09-26T02:14:42.335 [motion_node] RECEIVED MoveTo request: config="calibrate" x=0.0 y=0.0
2026-09-26T02:14:42.351 [motion_node] DOING sending SETANGLE 90 for config "calibrate"
2026-09-26T02:14:57.215 [pick_tool_node] ERROR [pickTool:pencil] failed: timed out waiting for /motion/move_to
2026-09-26T02:14:57.239 [screen_state_node] RECEIVED SetScreenState request: state="picktool_failed" detail={"target":"pencil","error":"timed out waiting for /motion/move_to"}
2026-09-26T02:14:57.299 [screen_state_node] SENT screen state -> picktool_failed (display: "PICK FAILED")
2026-09-26T02:14:57.346 [dispatch_node] RECEIVED pick result: success=False message="timed out waiting for /motion/move_to"
2026-09-26T02:14:57.360 [dispatch_node] SENT completion for actionId=pick-8b03aff9 source=robot result={'ok': False, 'action': 'pick', 'message': 'timed out waiting for /motion/move_to'}
2026-09-26T02:21:37.994 [dispatch_node] RECEIVED actionId=pick-11d7bba0 source=robot pairId=pick-11d7bba0 pairSize=1 payload={'action': 'pick', 'tool': 'pencil'}
2026-09-26T02:21:38.078 [dispatch_node] DOING routing robot action "pick"
2026-09-26T02:21:38.180 [dispatch_node] SENT pick goal: nexus_interfaces.action.PickTool_Goal(target_object='pencil')
2026-09-26T02:21:38.347 [screen_state_node] RECEIVED SetScreenState request: state="robot_pick_started" detail={"source": "robot", "payload": {"action": "pick", "tool": "pencil"}}
2026-09-26T02:21:39.076 [screen_state_node] RECEIVED SetScreenState request: state="picktool_checking_held_tool" detail={"target":"pencil"}
2026-09-26T02:21:39.126 [screen_state_node] SENT screen state -> robot_pick_started (display: "ROBOT PICK START")
2026-09-26T02:21:39.491 [screen_state_node] SENT screen state -> picktool_checking_held_tool (display: "CHECK TOOL")
2026-09-26T02:21:39.584 [pick_tool_node] DOING [pickTool:pencil] step: checking_held_tool
2026-09-26T02:21:39.770 [tool_state_node] RECEIVED GetHeldTool request
2026-09-26T02:21:39.797 [tool_state_node] SENT held tool: ""
2026-09-26T02:21:39.867 [screen_state_node] RECEIVED SetScreenState request: state="picktool_calibrating" detail={"target":"pencil"}
2026-09-26T02:21:39.932 [screen_state_node] SENT screen state -> picktool_calibrating (display: "CALIBRATING")
2026-09-26T02:21:39.959 [pick_tool_node] DOING [pickTool:pencil] step: calibrating
2026-09-26T02:23:36.711 [screen_state_node] WARN screen_state_node running in MOCK serial mode - no display Arduino attached
2026-09-26T02:23:37.093 [mark_point_node] INFO mark_point_node ready — action server on "mark_point"
2026-09-26T02:23:37.122 [screen_state_node] INFO screen_state_node ready (mock_serial=True) - serving /screen/set_state
2026-09-26T02:23:37.226 [tool_state_node] INFO tool_state_node ready — holding: <none>
2026-09-26T02:23:37.526 [pick_tool_node] INFO pick_tool_node ready — action server on "pick_tool"
2026-09-26T02:23:37.548 [draw_line_node] INFO draw_line_node ready — action server on "draw_line"
2026-09-26T02:23:38.293 [draw_arc_node] INFO draw_arc_node ready — action server on "draw_arc"
2026-09-26T02:23:38.296 [pick_and_place_node] INFO pick_and_place_node ready — action server on "pick_and_place"
2026-09-26T02:23:38.357 [dispatch_node] INFO dispatch_node ready - listening on /action/dispatch
2026-09-26T02:23:46.912 [dispatch_node] RECEIVED actionId=pick-aad47a90 source=robot pairId=pick-aad47a90 pairSize=1 payload={'action': 'pick', 'tool': 'pencil'}
2026-09-26T02:23:46.925 [dispatch_node] DOING routing robot action "pick"
2026-09-26T02:23:46.931 [screen_state_node] RECEIVED SetScreenState request: state="robot_pick_started" detail={"source": "robot", "payload": {"action": "pick", "tool": "pencil"}}
2026-09-26T02:23:46.934 [dispatch_node] SENT pick goal: nexus_interfaces.action.PickTool_Goal(target_object='pencil')
2026-09-26T02:23:46.981 [screen_state_node] RECEIVED SetScreenState request: state="picktool_checking_held_tool" detail={"target":"pencil"}
2026-09-26T02:23:46.991 [screen_state_node] SENT screen state -> robot_pick_started (display: "ROBOT PICK START")
2026-09-26T02:23:47.040 [screen_state_node] SENT screen state -> picktool_checking_held_tool (display: "CHECK TOOL")
2026-09-26T02:23:47.053 [pick_tool_node] DOING [pickTool:pencil] step: checking_held_tool
2026-09-26T02:23:47.063 [tool_state_node] RECEIVED GetHeldTool request
2026-09-26T02:23:47.071 [tool_state_node] SENT held tool: ""
2026-09-26T02:23:47.107 [screen_state_node] RECEIVED SetScreenState request: state="picktool_calibrating" detail={"target":"pencil"}
2026-09-26T02:23:47.168 [screen_state_node] SENT screen state -> picktool_calibrating (display: "CALIBRATING")
2026-09-26T02:23:47.188 [pick_tool_node] DOING [pickTool:pencil] step: calibrating
2026-09-26T02:23:47.221 [motion_node] RECEIVED MoveTo request: config="calibrate" x=0.0 y=0.0
2026-09-26T02:23:47.229 [motion_node] DOING sending SETANGLE 90 for config "calibrate"
2026-09-26T02:23:52.243 [motion_node] ERROR timed out waiting for servo ack on config "calibrate"
2026-09-26T02:23:52.279 [pick_tool_node] ERROR [pickTool:pencil] failed: move_to("calibrate") failed: timed out waiting for servo ack on config "calibrate"
2026-09-26T02:23:52.292 [screen_state_node] RECEIVED SetScreenState request: state="picktool_failed" detail={"target":"pencil","error":"move_to("calibrate") failed: timed out waiting for servo ack on config "calibrate""}
2026-09-26T02:23:52.350 [screen_state_node] SENT screen state -> picktool_failed (display: "PICK FAILED")
2026-09-26T02:23:52.385 [dispatch_node] RECEIVED pick result: success=False message="move_to("calibrate") failed: timed out waiting for servo ack on config "calibrate""
2026-09-26T02:23:52.393 [dispatch_node] SENT completion for actionId=pick-aad47a90 source=robot result={'ok': False, 'action': 'pick', 'message': 'move_to("calibrate") failed: timed out waiting for servo ack on config "calibrate"'}
2026-09-26T02:34:40.029 [screen_state_node] WARN screen_state_node running in MOCK serial mode - no display Arduino attached
2026-09-26T02:34:40.307 [draw_line_node] INFO draw_line_node ready — action server on "draw_line"
2026-09-26T02:34:40.400 [screen_state_node] INFO screen_state_node ready (mock_serial=True) - serving /screen/set_state
2026-09-26T02:34:40.476 [tool_state_node] INFO tool_state_node ready — holding: <none>
2026-09-26T02:34:40.485 [draw_arc_node] INFO draw_arc_node ready — action server on "draw_arc"
2026-09-26T02:34:40.488 [mark_point_node] INFO mark_point_node ready — action server on "mark_point"
2026-09-26T02:34:40.525 [pick_tool_node] INFO pick_tool_node ready — action server on "pick_tool"
2026-09-26T02:34:40.592 [pick_and_place_node] INFO pick_and_place_node ready — action server on "pick_and_place"
2026-09-26T02:34:40.604 [dispatch_node] INFO dispatch_node ready - listening on /action/dispatch
2026-09-26T02:35:00.535 [dispatch_node] RECEIVED actionId=pick-fb236d94 source=robot pairId=pick-fb236d94 pairSize=1 payload={'action': 'pick', 'tool': 'pencil'}
2026-09-26T02:35:00.548 [dispatch_node] DOING routing robot action "pick"
2026-09-26T02:35:00.554 [screen_state_node] RECEIVED SetScreenState request: state="robot_pick_started" detail={"source": "robot", "payload": {"action": "pick", "tool": "pencil"}}
2026-09-26T02:35:00.559 [dispatch_node] SENT pick goal: nexus_interfaces.action.PickTool_Goal(target_object='pencil')
2026-09-26T02:35:00.594 [screen_state_node] RECEIVED SetScreenState request: state="picktool_checking_held_tool" detail={"target":"pencil"}
2026-09-26T02:35:00.614 [screen_state_node] SENT screen state -> robot_pick_started (display: "ROBOT PICK START")
2026-09-26T02:35:00.652 [screen_state_node] SENT screen state -> picktool_checking_held_tool (display: "CHECK TOOL")
2026-09-26T02:35:00.672 [pick_tool_node] DOING [pickTool:pencil] step: checking_held_tool
2026-09-26T02:35:00.688 [tool_state_node] RECEIVED GetHeldTool request
2026-09-26T02:35:00.697 [tool_state_node] SENT held tool: ""
2026-09-26T02:35:00.732 [screen_state_node] RECEIVED SetScreenState request: state="picktool_calibrating" detail={"target":"pencil"}
2026-09-26T02:35:00.793 [screen_state_node] SENT screen state -> picktool_calibrating (display: "CALIBRATING")
2026-09-26T02:35:00.810 [pick_tool_node] DOING [pickTool:pencil] step: calibrating
2026-09-26T02:35:00.833 [motion_node] RECEIVED MoveTo request: config="calibrate" x=0.0 y=0.0
2026-09-26T02:35:00.841 [motion_node] DOING sending SETANGLE 90 for config "calibrate"
2026-09-26T02:35:01.157 [motion_node] SENT moved to "calibrate" (angle=90)
2026-09-26T02:35:01.193 [screen_state_node] RECEIVED SetScreenState request: state="picktool_searching" detail={"target":"pencil"}
2026-09-26T02:35:01.262 [screen_state_node] SENT screen state -> picktool_searching (display: "SEARCHING...")
2026-09-26T02:35:01.293 [pick_tool_node] DOING [pickTool:pencil] step: searching
2026-09-26T02:35:11.355 [pick_tool_node] ERROR [pickTool:pencil] failed: service /vision/detect_object not available
2026-09-26T02:35:11.377 [screen_state_node] RECEIVED SetScreenState request: state="picktool_failed" detail={"target":"pencil","error":"service /vision/detect_object not available"}
2026-09-26T02:35:11.454 [screen_state_node] SENT screen state -> picktool_failed (display: "PICK FAILED")
2026-09-26T02:35:11.486 [dispatch_node] RECEIVED pick result: success=False message="service /vision/detect_object not available"
2026-09-26T02:35:11.504 [dispatch_node] SENT completion for actionId=pick-fb236d94 source=robot result={'ok': False, 'action': 'pick', 'message': 'service /vision/detect_object not available'}
2026-09-26T02:36:28.796 [dispatch_node] RECEIVED actionId=pick-58fca852 source=robot pairId=pick-58fca852 pairSize=1 payload={'action': 'pick', 'tool': 'pencil'}
2026-09-26T02:36:28.814 [dispatch_node] DOING routing robot action "pick"
2026-09-26T02:36:28.872 [dispatch_node] SENT pick goal: nexus_interfaces.action.PickTool_Goal(target_object='pencil')
2026-09-26T02:36:28.932 [screen_state_node] RECEIVED SetScreenState request: state="robot_pick_started" detail={"source": "robot", "payload": {"action": "pick", "tool": "pencil"}}
2026-09-26T02:36:29.004 [screen_state_node] RECEIVED SetScreenState request: state="picktool_checking_held_tool" detail={"target":"pencil"}
2026-09-26T02:36:29.030 [screen_state_node] SENT screen state -> robot_pick_started (display: "ROBOT PICK START")
2026-09-26T02:36:29.070 [screen_state_node] SENT screen state -> picktool_checking_held_tool (display: "CHECK TOOL")
2026-09-26T02:36:29.103 [pick_tool_node] DOING [pickTool:pencil] step: checking_held_tool
2026-09-26T02:36:29.259 [tool_state_node] RECEIVED GetHeldTool request
2026-09-26T02:36:29.276 [tool_state_node] SENT held tool: ""
2026-09-26T02:36:29.309 [screen_state_node] RECEIVED SetScreenState request: state="picktool_calibrating" detail={"target":"pencil"}
2026-09-26T02:36:29.367 [screen_state_node] SENT screen state -> picktool_calibrating (display: "CALIBRATING")
2026-09-26T02:36:29.384 [pick_tool_node] DOING [pickTool:pencil] step: calibrating
2026-09-26T02:36:29.466 [motion_node] RECEIVED MoveTo request: config="calibrate" x=0.0 y=0.0
2026-09-26T02:36:29.481 [motion_node] DOING sending SETANGLE 90 for config "calibrate"
2026-09-26T02:36:29.795 [motion_node] SENT moved to "calibrate" (angle=90)
2026-09-26T02:36:29.905 [screen_state_node] RECEIVED SetScreenState request: state="picktool_searching" detail={"target":"pencil"}
2026-09-26T02:36:29.999 [screen_state_node] SENT screen state -> picktool_searching (display: "SEARCHING...")
2026-09-26T02:36:30.027 [pick_tool_node] DOING [pickTool:pencil] step: searching
2026-09-26T02:36:40.263 [pick_tool_node] ERROR [pickTool:pencil] failed: service /vision/detect_object not available
2026-09-26T02:36:40.294 [screen_state_node] RECEIVED SetScreenState request: state="picktool_failed" detail={"target":"pencil","error":"service /vision/detect_object not available"}
2026-09-26T02:36:40.362 [screen_state_node] SENT screen state -> picktool_failed (display: "PICK FAILED")
2026-09-26T02:36:40.697 [dispatch_node] RECEIVED pick result: success=False message="service /vision/detect_object not available"
2026-09-26T02:36:40.756 [dispatch_node] SENT completion for actionId=pick-58fca852 source=robot result={'ok': False, 'action': 'pick', 'message': 'service /vision/detect_object not available'}
2026-09-26T02:37:01.533 [dispatch_node] RECEIVED actionId=pick-bf5ebec7 source=robot pairId=pick-bf5ebec7 pairSize=1 payload={'action': 'pick', 'tool': 'pencil'}
2026-09-26T02:37:01.545 [dispatch_node] DOING routing robot action "pick"
2026-09-26T02:37:01.552 [screen_state_node] RECEIVED SetScreenState request: state="robot_pick_started" detail={"source": "robot", "payload": {"action": "pick", "tool": "pencil"}}
2026-09-26T02:37:01.587 [dispatch_node] SENT pick goal: nexus_interfaces.action.PickTool_Goal(target_object='pencil')
2026-09-26T02:37:01.612 [screen_state_node] SENT screen state -> robot_pick_started (display: "ROBOT PICK START")
2026-09-26T02:37:01.634 [screen_state_node] RECEIVED SetScreenState request: state="picktool_checking_held_tool" detail={"target":"pencil"}
2026-09-26T02:37:01.701 [screen_state_node] SENT screen state -> picktool_checking_held_tool (display: "CHECK TOOL")
2026-09-26T02:37:01.728 [pick_tool_node] DOING [pickTool:pencil] step: checking_held_tool
2026-09-26T02:37:01.816 [tool_state_node] RECEIVED GetHeldTool request
2026-09-26T02:37:01.826 [tool_state_node] SENT held tool: ""
2026-09-26T02:37:01.849 [screen_state_node] RECEIVED SetScreenState request: state="picktool_calibrating" detail={"target":"pencil"}
2026-09-26T02:37:01.907 [screen_state_node] SENT screen state -> picktool_calibrating (display: "CALIBRATING")
2026-09-26T02:37:01.922 [pick_tool_node] DOING [pickTool:pencil] step: calibrating
2026-09-26T02:37:01.989 [motion_node] RECEIVED MoveTo request: config="calibrate" x=0.0 y=0.0
2026-09-26T02:37:01.997 [motion_node] DOING sending SETANGLE 90 for config "calibrate"
2026-09-26T02:37:02.316 [motion_node] SENT moved to "calibrate" (angle=90)
2026-09-26T02:37:02.351 [screen_state_node] RECEIVED SetScreenState request: state="picktool_searching" detail={"target":"pencil"}
2026-09-26T02:37:02.416 [screen_state_node] SENT screen state -> picktool_searching (display: "SEARCHING...")
2026-09-26T02:37:02.430 [pick_tool_node] DOING [pickTool:pencil] step: searching
2026-09-26T02:37:12.522 [pick_tool_node] ERROR [pickTool:pencil] failed: service /vision/detect_object not available
2026-09-26T02:37:12.556 [screen_state_node] RECEIVED SetScreenState request: state="picktool_failed" detail={"target":"pencil","error":"service /vision/detect_object not available"}
2026-09-26T02:37:12.752 [screen_state_node] SENT screen state -> picktool_failed (display: "PICK FAILED")
2026-09-26T02:37:12.794 [dispatch_node] RECEIVED pick result: success=False message="service /vision/detect_object not available"
2026-09-26T02:37:12.803 [dispatch_node] SENT completion for actionId=pick-bf5ebec7 source=robot result={'ok': False, 'action': 'pick', 'message': 'service /vision/detect_object not available'}
2026-09-26T02:47:33.474 [dispatch_node] RECEIVED actionId=pick-862f4d70 source=robot pairId=pick-862f4d70 pairSize=1 payload={'action': 'pick', 'tool': 'pen'}
2026-09-26T02:47:33.524 [dispatch_node] DOING routing robot action "pick"
2026-09-26T02:47:33.601 [dispatch_node] SENT pick goal: nexus_interfaces.action.PickTool_Goal(target_object='pen')
2026-09-26T02:47:33.847 [screen_state_node] RECEIVED SetScreenState request: state="robot_pick_started" detail={"source": "robot", "payload": {"action": "pick", "tool": "pen"}}
2026-09-26T02:47:33.975 [screen_state_node] SENT screen state -> robot_pick_started (display: "ROBOT PICK START")
2026-09-26T02:47:34.108 [screen_state_node] RECEIVED SetScreenState request: state="picktool_checking_held_tool" detail={"target":"pen"}
2026-09-26T02:47:34.170 [screen_state_node] SENT screen state -> picktool_checking_held_tool (display: "CHECK TOOL")
2026-09-26T02:47:34.242 [pick_tool_node] DOING [pickTool:pen] step: checking_held_tool
2026-09-26T02:47:34.471 [tool_state_node] RECEIVED GetHeldTool request
2026-09-26T02:47:34.486 [tool_state_node] SENT held tool: ""
2026-09-26T02:47:34.513 [screen_state_node] RECEIVED SetScreenState request: state="picktool_calibrating" detail={"target":"pen"}
2026-09-26T02:47:34.575 [screen_state_node] SENT screen state -> picktool_calibrating (display: "CALIBRATING")
2026-09-26T02:47:34.592 [pick_tool_node] DOING [pickTool:pen] step: calibrating
2026-09-26T02:47:34.846 [motion_node] RECEIVED MoveTo request: config="calibrate" x=0.0 y=0.0
2026-09-26T02:47:34.873 [motion_node] DOING sending SETANGLE 90 for config "calibrate"
2026-09-26T02:47:49.614 [pick_tool_node] ERROR [pickTool:pen] failed: timed out waiting for /motion/move_to
2026-09-26T02:47:49.625 [screen_state_node] RECEIVED SetScreenState request: state="picktool_failed" detail={"target":"pen","error":"timed out waiting for /motion/move_to"}
2026-09-26T02:47:49.683 [screen_state_node] SENT screen state -> picktool_failed (display: "PICK FAILED")
2026-09-26T02:47:49.721 [dispatch_node] RECEIVED pick result: success=False message="timed out waiting for /motion/move_to"
2026-09-26T02:47:49.736 [dispatch_node] SENT completion for actionId=pick-862f4d70 source=robot result={'ok': False, 'action': 'pick', 'message': 'timed out waiting for /motion/move_to'}
2026-09-26T02:48:02.685 [dispatch_node] RECEIVED actionId=pick-b773797a source=robot pairId=pick-b773797a pairSize=1 payload={'action': 'pick', 'tool': 'pencil'}
2026-09-26T02:48:02.766 [dispatch_node] DOING routing robot action "pick"
2026-09-26T02:48:02.769 [screen_state_node] RECEIVED SetScreenState request: state="robot_pick_started" detail={"source": "robot", "payload": {"action": "pick", "tool": "pencil"}}
2026-09-26T02:48:02.773 [dispatch_node] SENT pick goal: nexus_interfaces.action.PickTool_Goal(target_object='pencil')
2026-09-26T02:48:02.827 [screen_state_node] SENT screen state -> robot_pick_started (display: "ROBOT PICK START")
2026-09-26T02:48:02.868 [screen_state_node] RECEIVED SetScreenState request: state="picktool_checking_held_tool" detail={"target":"pencil"}
2026-09-26T02:48:02.935 [screen_state_node] SENT screen state -> picktool_checking_held_tool (display: "CHECK TOOL")
2026-09-26T02:48:03.023 [pick_tool_node] DOING [pickTool:pencil] step: checking_held_tool
2026-09-26T02:48:03.050 [tool_state_node] RECEIVED GetHeldTool request
2026-09-26T02:48:03.066 [tool_state_node] SENT held tool: ""
2026-09-26T02:48:03.178 [screen_state_node] RECEIVED SetScreenState request: state="picktool_calibrating" detail={"target":"pencil"}
2026-09-26T02:48:03.237 [screen_state_node] SENT screen state -> picktool_calibrating (display: "CALIBRATING")
2026-09-26T02:48:03.258 [pick_tool_node] DOING [pickTool:pencil] step: calibrating
2026-09-26T02:48:03.289 [motion_node] RECEIVED MoveTo request: config="calibrate" x=0.0 y=0.0
2026-09-26T02:48:03.301 [motion_node] DOING sending SETANGLE 90 for config "calibrate"
2026-09-26T02:48:18.283 [pick_tool_node] ERROR [pickTool:pencil] failed: timed out waiting for /motion/move_to
2026-09-26T02:48:18.316 [screen_state_node] RECEIVED SetScreenState request: state="picktool_failed" detail={"target":"pencil","error":"timed out waiting for /motion/move_to"}
2026-09-26T02:48:18.385 [screen_state_node] SENT screen state -> picktool_failed (display: "PICK FAILED")
2026-09-26T02:48:18.429 [dispatch_node] RECEIVED pick result: success=False message="timed out waiting for /motion/move_to"
2026-09-26T02:48:18.436 [dispatch_node] SENT completion for actionId=pick-b773797a source=robot result={'ok': False, 'action': 'pick', 'message': 'timed out waiting for /motion/move_to'}
2026-09-26T02:52:17.527 [screen_state_node] WARN screen_state_node running in MOCK serial mode - no display Arduino attached
2026-09-26T02:52:17.752 [draw_arc_node] INFO draw_arc_node ready — action server on "draw_arc"
2026-09-26T02:52:17.907 [draw_line_node] INFO draw_line_node ready — action server on "draw_line"
2026-09-26T02:52:17.980 [mark_point_node] INFO mark_point_node ready — action server on "mark_point"
2026-09-26T02:52:18.134 [screen_state_node] INFO screen_state_node ready (mock_serial=True) - serving /screen/set_state
2026-09-26T02:52:18.181 [tool_state_node] INFO tool_state_node ready — holding: <none>
2026-09-26T02:52:18.269 [pick_tool_node] INFO pick_tool_node ready — action server on "pick_tool"
2026-09-26T02:52:18.350 [pick_and_place_node] INFO pick_and_place_node ready — action server on "pick_and_place"
2026-09-26T02:52:18.585 [dispatch_node] INFO dispatch_node ready - listening on /action/dispatch
2026-09-26T02:52:42.163 [dispatch_node] RECEIVED actionId=pick-251246df source=robot pairId=pick-251246df pairSize=1 payload={'action': 'pick', 'tool': 'prn'}
2026-09-26T02:52:42.173 [dispatch_node] DOING routing robot action "pick"
2026-09-26T02:52:42.182 [dispatch_node] SENT pick goal: nexus_interfaces.action.PickTool_Goal(target_object='prn')
urce": "robot", "payload": {"action": "pick", "tool": "prn"}}
2026-09-26T02:52:42.241 [screen_state_node] SENT screen state -> robot_pick_started (display: "ROBOT PICK START")
2026-09-26T02:52:42.251 [screen_state_node] RECEIVED SetScreenState request: state="picktool_checking_held_tool" detail={"target":"prn"}
2026-09-26T02:52:42.311 [screen_state_node] SENT screen state -> picktool_checking_held_tool (display: "CHECK TOOL")
2026-09-26T02:52:42.330 [pick_tool_node] DOING [pickTool:prn] step: checking_held_tool
2026-09-26T02:52:42.341 [tool_state_node] RECEIVED GetHeldTool request
2026-09-26T02:52:42.348 [tool_state_node] SENT held tool: ""
2026-09-26T02:52:42.361 [screen_state_node] RECEIVED SetScreenState request: state="picktool_calibrating" detail={"target":"prn"}
2026-09-26T02:52:42.425 [screen_state_node] SENT screen state -> picktool_calibrating (display: "CALIBRATING")
2026-09-26T02:52:42.449 [pick_tool_node] DOING [pickTool:prn] step: calibrating
2026-09-26T02:52:42.474 [motion_node] RECEIVED MoveTo request: config="calibrate" x=0.0 y=0.0
2026-09-26T02:52:42.485 [motion_node] DOING sending SETANGLE 90 for config "calibrate"
2026-09-26T02:52:42.801 [motion_node] SENT moved to "calibrate" (angle=90)
2026-09-26T02:52:42.833 [screen_state_node] RECEIVED SetScreenState request: state="picktool_searching" detail={"target":"prn"}
2026-09-26T02:52:42.894 [screen_state_node] SENT screen state -> picktool_searching (display: "SEARCHING...")
2026-09-26T02:52:42.917 [pick_tool_node] DOING [pickTool:prn] step: searching
2026-09-26T02:52:52.987 [pick_tool_node] ERROR [pickTool:prn] failed: service /vision/detect_object not available
2026-09-26T02:52:53.013 [screen_state_node] RECEIVED SetScreenState request: state="picktool_failed" detail={"target":"prn","error":"service /vision/detect_object not available"}
2026-09-26T02:52:53.085 [screen_state_node] SENT screen state -> picktool_failed (display: "PICK FAILED")
2026-09-26T02:52:53.135 [dispatch_node] RECEIVED pick result: success=False message="service /vision/detect_object not available"
2026-09-26T02:52:53.157 [dispatch_node] SENT completion for actionId=pick-251246df source=robot result={'ok': False, 'action': 'pick', 'message': 'service /vision/detect_object not available'}
2026-09-26T03:17:09.432 [dispatch_node] RECEIVED actionId=pick-66e09918 source=robot pairId=pick-66e09918 pairSize=1 payload={'action': 'pick', 'tool': 'pencil'}
2026-09-26T03:17:09.490 [dispatch_node] DOING routing robot action "pick"
2026-09-26T03:17:09.592 [dispatch_node] SENT pick goal: nexus_interfaces.action.PickTool_Goal(target_object='pencil')
2026-09-26T03:17:09.800 [screen_state_node] RECEIVED SetScreenState request: state="robot_pick_started" detail={"source": "robot", "payload": {"action": "pick", "tool": "pencil"}}
2026-09-26T03:17:09.911 [screen_state_node] SENT screen state -> robot_pick_started (display: "ROBOT PICK START")
2026-09-26T03:17:10.011 [screen_state_node] RECEIVED SetScreenState request: state="picktool_checking_held_tool" detail={"target":"pencil"}
2026-09-26T03:17:10.070 [screen_state_node] SENT screen state -> picktool_checking_held_tool (display: "CHECK TOOL")
2026-09-26T03:17:10.137 [pick_tool_node] DOING [pickTool:pencil] step: checking_held_tool
2026-09-26T03:17:10.350 [tool_state_node] RECEIVED GetHeldTool request
2026-09-26T03:17:10.362 [tool_state_node] SENT held tool: ""
2026-09-26T03:17:10.387 [screen_state_node] RECEIVED SetScreenState request: state="picktool_calibrating" detail={"target":"pencil"}
2026-09-26T03:17:10.448 [screen_state_node] SENT screen state -> picktool_calibrating (display: "CALIBRATING")
2026-09-26T03:17:10.464 [pick_tool_node] DOING [pickTool:pencil] step: calibrating
2026-09-26T03:17:10.698 [motion_node] RECEIVED MoveTo request: config="calibrate" x=0.0 y=0.0
2026-09-26T03:17:10.718 [motion_node] DOING sending SETANGLE 90 for config "calibrate"
2026-09-26T03:17:11.049 [motion_node] SENT moved to "calibrate" (angle=90)
2026-09-26T03:17:11.092 [screen_state_node] RECEIVED SetScreenState request: state="picktool_searching" detail={"target":"pencil"}
2026-09-26T03:17:11.163 [screen_state_node] SENT screen state -> picktool_searching (display: "SEARCHING...")
2026-09-26T03:17:11.183 [pick_tool_node] DOING [pickTool:pencil] step: searching
2026-09-26T03:17:19.388 [pick_tool_node] ERROR [pickTool:pencil] failed: timed out waiting for /vision/detect_object
2026-09-26T03:17:19.668 [screen_state_node] RECEIVED SetScreenState request: state="picktool_failed" detail={"target":"pencil","error":"timed out waiting for /vision/detect_object"}
2026-09-26T03:17:19.726 [screen_state_node] SENT screen state -> picktool_failed (display: "PICK FAILED")
2026-09-26T03:17:19.765 [dispatch_node] RECEIVED pick result: success=False message="timed out waiting for /vision/detect_object"
2026-09-26T03:17:19.784 [dispatch_node] SENT completion for actionId=pick-66e09918 source=robot result={'ok': False, 'action': 'pick', 'message': 'timed out waiting for /vision/detect_object'}
2026-09-26T03:24:57.173 [dispatch_node] RECEIVED actionId=pick-2ae4ef2b source=robot pairId=pick-2ae4ef2b pairSize=1 payload={'action': 'pick', 'tool': 'pencil'}
2026-09-26T03:24:57.259 [dispatch_node] DOING routing robot action "pick"
2026-09-26T03:24:57.371 [dispatch_node] SENT pick goal: nexus_interfaces.action.PickTool_Goal(target_object='pencil')
2026-09-26T03:24:57.471 [screen_state_node] RECEIVED SetScreenState request: state="robot_pick_started" detail={"source": "robot", "payload": {"action": "pick", "tool": "pencil"}}
2026-09-26T03:24:57.571 [screen_state_node] SENT screen state -> robot_pick_started (display: "ROBOT PICK START")
2026-09-26T03:24:57.857 [screen_state_node] RECEIVED SetScreenState request: state="picktool_checking_held_tool" detail={"target":"pencil"}
2026-09-26T03:24:57.917 [screen_state_node] SENT screen state -> picktool_checking_held_tool (display: "CHECK TOOL")
2026-09-26T03:24:57.965 [pick_tool_node] DOING [pickTool:pencil] step: checking_held_tool
2026-09-26T03:24:58.166 [tool_state_node] RECEIVED GetHeldTool request
2026-09-26T03:24:58.181 [tool_state_node] SENT held tool: ""
2026-09-26T03:24:58.218 [screen_state_node] RECEIVED SetScreenState request: state="picktool_calibrating" detail={"target":"pencil"}
2026-09-26T03:24:58.279 [screen_state_node] SENT screen state -> picktool_calibrating (display: "CALIBRATING")
2026-09-26T03:24:58.316 [pick_tool_node] DOING [pickTool:pencil] step: calibrating
2026-09-26T03:24:59.155 [motion_node] RECEIVED MoveTo request: config="calibrate" x=0.0 y=0.0
2026-09-26T03:24:59.189 [motion_node] DOING sending SETANGLE 90 for config "calibrate"
2026-09-26T03:24:59.542 [motion_node] SENT moved to "calibrate" (angle=90)
2026-09-26T03:24:59.781 [screen_state_node] RECEIVED SetScreenState request: state="picktool_searching" detail={"target":"pencil"}
2026-09-26T03:24:59.853 [screen_state_node] SENT screen state -> picktool_searching (display: "SEARCHING...")
2026-09-26T03:24:59.876 [pick_tool_node] DOING [pickTool:pencil] step: searching
2026-09-26T03:25:08.137 [pick_tool_node] ERROR [pickTool:pencil] failed: timed out waiting for /vision/detect_object
2026-09-26T03:25:08.153 [screen_state_node] RECEIVED SetScreenState request: state="picktool_failed" detail={"target":"pencil","error":"timed out waiting for /vision/detect_object"}
2026-09-26T03:25:08.215 [screen_state_node] SENT screen state -> picktool_failed (display: "PICK FAILED")
2026-09-26T03:25:08.250 [dispatch_node] RECEIVED pick result: success=False message="timed out waiting for /vision/detect_object"
2026-09-26T03:25:08.263 [dispatch_node] SENT completion for actionId=pick-2ae4ef2b source=robot result={'ok': False, 'action': 'pick', 'message': 'timed out waiting for /vision/detect_object'}
2026-09-26T03:45:23.639 [dispatch_node] RECEIVED actionId=pick-fcc41561 source=robot pairId=pick-fcc41561 pairSize=1 payload={'action': 'pick', 'tool': 'penci'}
2026-09-26T03:45:23.700 [dispatch_node] DOING routing robot action "pick"
2026-09-26T03:45:23.780 [dispatch_node] SENT pick goal: nexus_interfaces.action.PickTool_Goal(target_object='penci')
2026-09-26T03:45:23.896 [screen_state_node] RECEIVED SetScreenState request: state="robot_pick_started" detail={"source": "robot", "payload": {"action": "pick", "tool": "penci"}}
2026-09-26T03:45:23.999 [screen_state_node] SENT screen state -> robot_pick_started (display: "ROBOT PICK START")
2026-09-26T03:45:24.134 [screen_state_node] RECEIVED SetScreenState request: state="picktool_checking_held_tool" detail={"target":"penci"}
2026-09-26T03:45:24.258 [screen_state_node] SENT screen state -> picktool_checking_held_tool (display: "CHECK TOOL")
2026-09-26T03:45:24.311 [pick_tool_node] DOING [pickTool:penci] step: checking_held_tool
2026-09-26T03:45:24.557 [tool_state_node] RECEIVED GetHeldTool request
2026-09-26T03:45:24.730 [tool_state_node] SENT held tool: ""
2026-09-26T03:45:24.788 [screen_state_node] RECEIVED SetScreenState request: state="picktool_calibrating" detail={"target":"penci"}
2026-09-26T03:45:24.849 [screen_state_node] SENT screen state -> picktool_calibrating (display: "CALIBRATING")
2026-09-26T03:45:24.863 [pick_tool_node] DOING [pickTool:penci] step: calibrating
2026-09-26T03:45:25.024 [motion_node] RECEIVED MoveTo request: config="calibrate" x=0.0 y=0.0
2026-09-26T03:45:25.044 [motion_node] DOING sending SETANGLE 90 for config "calibrate"
2026-09-26T03:45:25.377 [motion_node] SENT moved to "calibrate" (angle=90)
2026-09-26T03:45:25.440 [screen_state_node] RECEIVED SetScreenState request: state="picktool_searching" detail={"target":"penci"}
2026-09-26T03:45:25.756 [screen_state_node] SENT screen state -> picktool_searching (display: "SEARCHING...")
2026-09-26T03:45:25.792 [pick_tool_node] DOING [pickTool:penci] step: searching
2026-09-26T03:45:35.952 [pick_tool_node] ERROR [pickTool:penci] failed: service /vision/detect_object not available
2026-09-26T03:45:35.964 [screen_state_node] RECEIVED SetScreenState request: state="picktool_failed" detail={"target":"penci","error":"service /vision/detect_object not available"}
2026-09-26T03:45:36.025 [screen_state_node] SENT screen state -> picktool_failed (display: "PICK FAILED")
2026-09-26T03:45:36.068 [dispatch_node] RECEIVED pick result: success=False message="service /vision/detect_object not available"
2026-09-26T03:45:36.078 [dispatch_node] SENT completion for actionId=pick-fcc41561 source=robot result={'ok': False, 'action': 'pick', 'message': 'service /vision/detect_object not available'}
2026-09-26T03:53:29.705 [dispatch_node] RECEIVED actionId=pick-e716c006 source=robot pairId=pick-e716c006 pairSize=1 payload={'action': 'pick', 'tool': 'pencil'}
2026-09-26T03:53:29.758 [dispatch_node] DOING routing robot action "pick"
2026-09-26T03:53:29.881 [dispatch_node] SENT pick goal: nexus_interfaces.action.PickTool_Goal(target_object='pencil')
2026-09-26T03:53:30.025 [screen_state_node] RECEIVED SetScreenState request: state="robot_pick_started" detail={"source": "robot", "payload": {"action": "pick", "tool": "pencil"}}
2026-09-26T03:53:30.159 [screen_state_node] SENT screen state -> robot_pick_started (display: "ROBOT PICK START")
2026-09-26T03:53:30.214 [screen_state_node] RECEIVED SetScreenState request: state="picktool_checking_held_tool" detail={"target":"pencil"}
2026-09-26T03:53:30.275 [screen_state_node] SENT screen state -> picktool_checking_held_tool (display: "CHECK TOOL")
2026-09-26T03:53:30.358 [pick_tool_node] DOING [pickTool:pencil] step: checking_held_tool
2026-09-26T03:53:30.578 [tool_state_node] RECEIVED GetHeldTool request
2026-09-26T03:53:30.592 [tool_state_node] SENT held tool: ""
2026-09-26T03:53:30.630 [screen_state_node] RECEIVED SetScreenState request: state="picktool_calibrating" detail={"target":"pencil"}
2026-09-26T03:53:30.694 [screen_state_node] SENT screen state -> picktool_calibrating (display: "CALIBRATING")
2026-09-26T03:53:30.707 [pick_tool_node] DOING [pickTool:pencil] step: calibrating
2026-09-26T03:53:30.804 [motion_node] RECEIVED MoveTo request: config="calibrate" x=0.0 y=0.0
2026-09-26T03:53:30.831 [motion_node] DOING sending SETANGLE 90 for config "calibrate"
2026-09-26T03:53:31.166 [motion_node] SENT moved to "calibrate" (angle=90)
2026-09-26T03:53:31.199 [screen_state_node] RECEIVED SetScreenState request: state="picktool_searching" detail={"target":"pencil"}
2026-09-26T03:53:31.270 [screen_state_node] SENT screen state -> picktool_searching (display: "SEARCHING...")
2026-09-26T03:53:31.291 [pick_tool_node] DOING [pickTool:pencil] step: searching
2026-09-26T03:53:39.455 [pick_tool_node] ERROR [pickTool:pencil] failed: timed out waiting for /vision/detect_object
2026-09-26T03:53:39.469 [screen_state_node] RECEIVED SetScreenState request: state="picktool_failed" detail={"target":"pencil","error":"timed out waiting for /vision/detect_object"}
2026-09-26T03:53:39.529 [screen_state_node] SENT screen state -> picktool_failed (display: "PICK FAILED")
2026-09-26T03:53:39.579 [dispatch_node] RECEIVED pick result: success=False message="timed out waiting for /vision/detect_object"
2026-09-26T03:53:39.596 [dispatch_node] SENT completion for actionId=pick-e716c006 source=robot result={'ok': False, 'action': 'pick', 'message': 'timed out waiting for /vision/detect_object'}
2026-09-26T04:02:02.476 [dispatch_node] RECEIVED actionId=pick-4e0ba92d source=robot pairId=pick-4e0ba92d pairSize=1 payload={'action': 'pick', 'tool': 'pencil'}
2026-09-26T04:02:02.520 [dispatch_node] DOING routing robot action "pick"
2026-09-26T04:02:02.879 [dispatch_node] SENT pick goal: nexus_interfaces.action.PickTool_Goal(target_object='pencil')
2026-09-26T04:02:02.993 [screen_state_node] RECEIVED SetScreenState request: state="robot_pick_started" detail={"source": "robot", "payload": {"action": "pick", "tool": "pencil"}}
2026-09-26T04:02:03.097 [screen_state_node] SENT screen state -> robot_pick_started (display: "ROBOT PICK START")
2026-09-26T04:02:03.150 [screen_state_node] RECEIVED SetScreenState request: state="picktool_checking_held_tool" detail={"target":"pencil"}
2026-09-26T04:02:03.208 [screen_state_node] SENT screen state -> picktool_checking_held_tool (display: "CHECK TOOL")
2026-09-26T04:02:03.277 [pick_tool_node] DOING [pickTool:pencil] step: checking_held_tool
2026-09-26T04:02:03.528 [tool_state_node] RECEIVED GetHeldTool request
2026-09-26T04:02:03.544 [tool_state_node] SENT held tool: ""
2026-09-26T04:02:03.581 [screen_state_node] RECEIVED SetScreenState request: state="picktool_calibrating" detail={"target":"pencil"}
2026-09-26T04:02:03.646 [screen_state_node] SENT screen state -> picktool_calibrating (display: "CALIBRATING")
2026-09-26T04:02:03.669 [pick_tool_node] DOING [pickTool:pencil] step: calibrating
2026-09-26T04:02:03.891 [motion_node] RECEIVED MoveTo request: config="calibrate" x=0.0 y=0.0
2026-09-26T04:02:03.915 [motion_node] DOING sending SETANGLE 90 for config "calibrate"
2026-09-26T04:02:04.259 [motion_node] SENT moved to "calibrate" (angle=90)
2026-09-26T04:02:04.306 [screen_state_node] RECEIVED SetScreenState request: state="picktool_searching" detail={"target":"pencil"}
2026-09-26T04:02:04.370 [screen_state_node] SENT screen state -> picktool_searching (display: "SEARCHING...")
2026-09-26T04:02:04.399 [pick_tool_node] DOING [pickTool:pencil] step: searching
2026-09-26T04:02:15.230 [pick_tool_node] ERROR [pickTool:pencil] failed: service /vision/detect_object not available
2026-09-26T04:02:15.252 [screen_state_node] RECEIVED SetScreenState request: state="picktool_failed" detail={"target":"pencil","error":"service /vision/detect_object not available"}
2026-09-26T04:02:15.320 [screen_state_node] SENT screen state -> picktool_failed (display: "PICK FAILED")
2026-09-26T04:02:15.387 [dispatch_node] RECEIVED pick result: success=False message="service /vision/detect_object not available"
2026-09-26T04:02:15.407 [dispatch_node] SENT completion for actionId=pick-4e0ba92d source=robot result={'ok': False, 'action': 'pick', 'message': 'service /vision/detect_object not available'}
2026-09-26T04:04:31.893 [dispatch_node] RECEIVED actionId=pick-26876af6 source=robot pairId=pick-26876af6 pairSize=1 payload={'action': 'pick', 'tool': 'pencil'}
2026-09-26T04:04:31.931 [dispatch_node] DOING routing robot action "pick"
2026-09-26T04:04:32.054 [dispatch_node] SENT pick goal: nexus_interfaces.action.PickTool_Goal(target_object='pencil')
2026-09-26T04:04:32.130 [screen_state_node] RECEIVED SetScreenState request: state="robot_pick_started" detail={"source": "robot", "payload": {"action": "pick", "tool": "pencil"}}
2026-09-26T04:04:32.250 [screen_state_node] SENT screen state -> robot_pick_started (display: "ROBOT PICK START")
2026-09-26T04:04:32.336 [screen_state_node] RECEIVED SetScreenState request: state="picktool_checking_held_tool" detail={"target":"pencil"}
2026-09-26T04:04:32.399 [screen_state_node] SENT screen state -> picktool_checking_held_tool (display: "CHECK TOOL")
2026-09-26T04:04:32.458 [pick_tool_node] DOING [pickTool:pencil] step: checking_held_tool
2026-09-26T04:04:32.657 [tool_state_node] RECEIVED GetHeldTool request
2026-09-26T04:04:32.673 [tool_state_node] SENT held tool: ""
2026-09-26T04:04:32.719 [screen_state_node] RECEIVED SetScreenState request: state="picktool_calibrating" detail={"target":"pencil"}
2026-09-26T04:04:32.783 [screen_state_node] SENT screen state -> picktool_calibrating (display: "CALIBRATING")
2026-09-26T04:04:32.812 [pick_tool_node] DOING [pickTool:pencil] step: calibrating
2026-09-26T04:04:32.890 [motion_node] RECEIVED MoveTo request: config="calibrate" x=0.0 y=0.0
2026-09-26T04:04:32.906 [motion_node] DOING sending SETANGLE 90 for config "calibrate"
2026-09-26T04:04:33.224 [motion_node] SENT moved to "calibrate" (angle=90)
2026-09-26T04:04:33.381 [screen_state_node] RECEIVED SetScreenState request: state="picktool_searching" detail={"target":"pencil"}
2026-09-26T04:04:33.444 [screen_state_node] SENT screen state -> picktool_searching (display: "SEARCHING...")
2026-09-26T04:04:33.477 [pick_tool_node] DOING [pickTool:pencil] step: searching
2026-09-26T04:04:41.595 [pick_tool_node] ERROR [pickTool:pencil] failed: timed out waiting for /vision/detect_object
2026-09-26T04:04:41.736 [screen_state_node] RECEIVED SetScreenState request: state="picktool_failed" detail={"target":"pencil","error":"timed out waiting for /vision/detect_object"}
2026-09-26T04:04:41.820 [screen_state_node] SENT screen state -> picktool_failed (display: "PICK FAILED")
2026-09-26T04:04:41.927 [dispatch_node] RECEIVED pick result: success=False message="timed out waiting for /vision/detect_object"
2026-09-26T04:04:42.065 [dispatch_node] SENT completion for actionId=pick-26876af6 source=robot result={'ok': False, 'action': 'pick', 'message': 'timed out waiting for /vision/detect_object'}
2026-09-26T04:05:42.391 [dispatch_node] RECEIVED actionId=pick-3a4c8e7e source=robot pairId=pick-3a4c8e7e pairSize=1 payload={'action': 'pick', 'tool': 'pencil'}
2026-09-26T04:05:42.404 [dispatch_node] DOING routing robot action "pick"
2026-09-26T04:05:42.409 [screen_state_node] RECEIVED SetScreenState request: state="robot_pick_started" detail={"source": "robot", "payload": {"action": "pick", "tool": "pencil"}}
2026-09-26T04:05:42.417 [dispatch_node] SENT pick goal: nexus_interfaces.action.PickTool_Goal(target_object='pencil')
2026-09-26T04:05:42.798 [screen_state_node] SENT screen state -> robot_pick_started (display: "ROBOT PICK START")
etail={"target":"pencil"}
2026-09-26T04:05:42.861 [screen_state_node] SENT screen state -> picktool_checking_held_tool (display: "CHECK TOOL")
2026-09-26T04:05:42.875 [pick_tool_node] DOING [pickTool:pencil] step: checking_held_tool
2026-09-26T04:05:42.929 [tool_state_node] RECEIVED GetHeldTool request
2026-09-26T04:05:42.942 [tool_state_node] SENT held tool: ""
2026-09-26T04:05:42.967 [screen_state_node] RECEIVED SetScreenState request: state="picktool_calibrating" detail={"target":"pencil"}
2026-09-26T04:05:43.025 [screen_state_node] SENT screen state -> picktool_calibrating (display: "CALIBRATING")
2026-09-26T04:05:43.046 [pick_tool_node] DOING [pickTool:pencil] step: calibrating
2026-09-26T04:05:43.067 [motion_node] RECEIVED MoveTo request: config="calibrate" x=0.0 y=0.0
2026-09-26T04:05:43.075 [motion_node] DOING sending SETANGLE 90 for config "calibrate"
2026-09-26T04:05:43.385 [motion_node] SENT moved to "calibrate" (angle=90)
2026-09-26T04:05:43.426 [screen_state_node] RECEIVED SetScreenState request: state="picktool_searching" detail={"target":"pencil"}
2026-09-26T04:05:43.483 [screen_state_node] SENT screen state -> picktool_searching (display: "SEARCHING...")
2026-09-26T04:05:43.500 [pick_tool_node] DOING [pickTool:pencil] step: searching
2026-09-26T04:06:44.834 [dispatch_node] RECEIVED pick result: success=False message=""pencil" not found after full search rotation"
2026-09-26T04:06:44.865 [dispatch_node] SENT completion for actionId=pick-3a4c8e7e source=robot result={'ok': False, 'action': 'pick', 'message': '"pencil" not found after full search rotation'}
2026-09-26T04:08:32.141 [dispatch_node] RECEIVED actionId=pick-345ff469 source=robot pairId=pick-345ff469 pairSize=1 payload={'action': 'pick', 'tool': 'pencil'}
2026-09-26T04:08:32.206 [dispatch_node] DOING routing robot action "pick"
2026-09-26T04:08:32.309 [dispatch_node] SENT pick goal: nexus_interfaces.action.PickTool_Goal(target_object='pencil')
2026-09-26T04:08:32.466 [screen_state_node] RECEIVED SetScreenState request: state="robot_pick_started" detail={"source": "robot", "payload": {"action": "pick", "tool": "pencil"}}
2026-09-26T04:08:32.542 [screen_state_node] RECEIVED SetScreenState request: state="picktool_checking_held_tool" detail={"target":"pencil"}
2026-09-26T04:08:32.590 [screen_state_node] SENT screen state -> robot_pick_started (display: "ROBOT PICK START")
2026-09-26T04:08:32.614 [screen_state_node] SENT screen state -> picktool_checking_held_tool (display: "CHECK TOOL")
2026-09-26T04:08:32.670 [pick_tool_node] DOING [pickTool:pencil] step: checking_held_tool
2026-09-26T04:08:32.883 [tool_state_node] RECEIVED GetHeldTool request
2026-09-26T04:08:32.899 [tool_state_node] SENT held tool: ""
2026-09-26T04:08:32.934 [screen_state_node] RECEIVED SetScreenState request: state="picktool_calibrating" detail={"target":"pencil"}
2026-09-26T04:08:32.998 [screen_state_node] SENT screen state -> picktool_calibrating (display: "CALIBRATING")
2026-09-26T04:08:33.025 [pick_tool_node] DOING [pickTool:pencil] step: calibrating
2026-09-26T04:08:33.137 [motion_node] RECEIVED MoveTo request: config="calibrate" x=0.0 y=0.0
2026-09-26T04:08:33.153 [motion_node] DOING sending SETANGLE 90 for config "calibrate"
2026-09-26T04:08:33.473 [motion_node] SENT moved to "calibrate" (angle=90)
2026-09-26T04:08:33.515 [screen_state_node] RECEIVED SetScreenState request: state="picktool_searching" detail={"target":"pencil"}
2026-09-26T04:08:33.584 [screen_state_node] SENT screen state -> picktool_searching (display: "SEARCHING...")
2026-09-26T04:08:33.608 [pick_tool_node] DOING [pickTool:pencil] step: searching
2026-09-26T04:08:41.732 [pick_tool_node] ERROR [pickTool:pencil] failed: timed out waiting for /vision/detect_object
2026-09-26T04:08:41.769 [screen_state_node] RECEIVED SetScreenState request: state="picktool_failed" detail={"target":"pencil","error":"timed out waiting for /vision/detect_object"}
2026-09-26T04:08:42.050 [screen_state_node] SENT screen state -> picktool_failed (display: "PICK FAILED")
2026-09-26T04:08:42.546 [dispatch_node] RECEIVED pick result: success=False message="timed out waiting for /vision/detect_object"
2026-09-26T04:08:42.632 [dispatch_node] SENT completion for actionId=pick-345ff469 source=robot result={'ok': False, 'action': 'pick', 'message': 'timed out waiting for /vision/detect_object'}
2026-09-26T04:20:53.188 [dispatch_node] RECEIVED actionId=pick-0f132935 source=robot pairId=pick-0f132935 pairSize=1 payload={'action': 'pick', 'tool': 'pencil'}
2026-09-26T04:20:53.233 [dispatch_node] DOING routing robot action "pick"
2026-09-26T04:20:53.322 [dispatch_node] SENT pick goal: nexus_interfaces.action.PickTool_Goal(target_object='pencil')
2026-09-26T04:20:53.454 [screen_state_node] RECEIVED SetScreenState request: state="robot_pick_started" detail={"source": "robot", "payload": {"action": "pick", "tool": "pencil"}}
2026-09-26T04:20:53.548 [screen_state_node] SENT screen state -> robot_pick_started (display: "ROBOT PICK START")
2026-09-26T04:20:53.706 [screen_state_node] RECEIVED SetScreenState request: state="picktool_checking_held_tool" detail={"target":"pencil"}
2026-09-26T04:20:53.765 [screen_state_node] SENT screen state -> picktool_checking_held_tool (display: "CHECK TOOL")
2026-09-26T04:20:53.834 [pick_tool_node] DOING [pickTool:pencil] step: checking_held_tool
2026-09-26T04:20:54.067 [tool_state_node] RECEIVED GetHeldTool request
2026-09-26T04:20:54.098 [tool_state_node] SENT held tool: ""
2026-09-26T04:20:54.133 [screen_state_node] RECEIVED SetScreenState request: state="picktool_calibrating" detail={"target":"pencil"}
2026-09-26T04:20:54.193 [screen_state_node] SENT screen state -> picktool_calibrating (display: "CALIBRATING")
2026-09-26T04:20:54.208 [pick_tool_node] DOING [pickTool:pencil] step: calibrating
2026-09-26T04:20:54.404 [motion_node] RECEIVED MoveTo request: config="calibrate" x=0.0 y=0.0
2026-09-26T04:20:54.425 [motion_node] DOING sending SETANGLE 90 for config "calibrate"
2026-09-26T04:20:54.764 [motion_node] SENT moved to "calibrate" (angle=90)
2026-09-26T04:20:54.815 [screen_state_node] RECEIVED SetScreenState request: state="picktool_searching" detail={"target":"pencil"}
2026-09-26T04:20:54.879 [screen_state_node] SENT screen state -> picktool_searching (display: "SEARCHING...")
2026-09-26T04:20:54.893 [pick_tool_node] DOING [pickTool:pencil] step: searching
2026-09-26T04:20:55.931 [screen_state_node] RECEIVED SetScreenState request: state="picktool_picking" detail={"target":"pencil"}
2026-09-26T04:20:55.989 [screen_state_node] SENT screen state -> picktool_picking (display: "PICKING UP")
2026-09-26T04:20:56.007 [pick_tool_node] DOING [pickTool:pencil] step: picking
2026-09-26T04:20:56.023 [motion_node] RECEIVED MoveTo request: config="pick" x=373.0873718261719 y=302.898193359375
2026-09-26T04:20:56.030 [motion_node] DOING sending SETANGLE 105 for config "pick"
2026-09-26T04:20:56.348 [motion_node] SENT moved to "pick" (angle=105)
2026-09-26T04:20:56.746 [tool_state_node] RECEIVED SetHeldTool request: "pencil"
2026-09-26T04:20:56.756 [tool_state_node] SENT held tool changed: "" -> "pencil"
2026-09-26T04:20:56.824 [screen_state_node] RECEIVED SetScreenState request: state="picktool_returning_ready" detail={"target":"pencil"}
2026-09-26T04:20:56.898 [screen_state_node] SENT screen state -> picktool_returning_ready (display: "GOING READY")
2026-09-26T04:20:56.918 [pick_tool_node] DOING [pickTool:pencil] step: returning_ready
2026-09-26T04:20:56.932 [motion_node] RECEIVED MoveTo request: config="ready" x=0.0 y=0.0
2026-09-26T04:20:56.941 [motion_node] DOING sending SETANGLE 90 for config "ready"
2026-09-26T04:20:57.252 [motion_node] SENT moved to "ready" (angle=90)
2026-09-26T04:20:57.279 [screen_state_node] RECEIVED SetScreenState request: state="picktool_success" detail={"target":"pencil"}
2026-09-26T04:20:57.337 [screen_state_node] SENT screen state -> picktool_success (display: "PICK OK")
2026-09-26T04:20:57.355 [pick_tool_node] DOING [pickTool:pencil] step: success
2026-09-26T04:20:57.378 [dispatch_node] RECEIVED pick result: success=True message="holding "pencil""
2026-09-26T04:20:57.392 [dispatch_node] SENT completion for actionId=pick-0f132935 source=robot result={'ok': True, 'action': 'pick', 'message': 'holding "pencil"'}
2026-09-26T04:22:01.484 [dispatch_node] RECEIVED actionId=mark-64d6651a source=robot pairId=mark-64d6651a pairSize=1 payload={'action': 'mark', 'point': [20.0, 20.0]}
2026-09-26T04:22:01.504 [dispatch_node] DOING routing robot action "mark"
2026-09-26T04:22:01.532 [dispatch_node] SENT mark goal: nexus_interfaces.action.MarkPoint_Goal(x_mm=20.0, y_mm=20.0)
ce": "robot", "payload": {"action": "mark", "point": [20.0, 20.0]}}
2026-09-26T04:22:01.592 [screen_state_node] SENT screen state -> robot_mark_started (display: "ROBOT MARK START")
2026-09-26T04:22:01.946 [mark_point_node] RECEIVED MarkPoint goal: (20.0, 20.0)
2026-09-26T04:22:01.988 [mark_point_node] DOING [markPoint] step: validating_point
2026-09-26T04:22:02.757 [grid_node] RECEIVED GetGridPoint request: (20.0, 20.0) label="mark"
2026-09-26T04:22:02.790 [grid_node] SENT point accepted
2026-09-26T04:22:02.828 [mark_point_node] DOING [markPoint] step: standby
2026-09-26T04:22:02.850 [mark_point_node] DOING move_to("mark_standby")
2026-09-26T04:22:02.884 [motion_node] RECEIVED MoveTo request: config="mark_standby" x=0.0 y=0.0
2026-09-26T04:22:02.890 [motion_node] DOING sending SETANGLE 90 for config "mark_standby"
2026-09-26T04:22:03.205 [motion_node] SENT moved to "mark_standby" (angle=90)
2026-09-26T04:22:03.255 [mark_point_node] SENT move_to("mark_standby") -> success
2026-09-26T04:22:03.261 [mark_point_node] DOING [markPoint] step: waiting_for_tof
2026-09-26T04:22:03.288 [motion_node] RECEIVED GetDistance request
2026-09-26T04:22:03.300 [motion_node] SENT TOF reading: -1.0mm
2026-09-26T04:22:03.316 [mark_point_node] INFO TOF distance: -1.0mm (threshold 20.0mm)
2026-09-26T04:22:03.323 [mark_point_node] DOING [markPoint] step: landing
2026-09-26T04:22:03.333 [mark_point_node] DOING move_to("mark_land")
2026-09-26T04:22:03.343 [motion_node] RECEIVED MoveTo request: config="mark_land" x=0.0 y=0.0
2026-09-26T04:22:03.348 [motion_node] DOING sending SETANGLE 45 for config "mark_land"
2026-09-26T04:22:03.658 [motion_node] SENT moved to "mark_land" (angle=45)
2026-09-26T04:22:03.686 [mark_point_node] SENT move_to("mark_land") -> success
2026-09-26T04:22:03.697 [mark_point_node] DOING [markPoint] step: marking
2026-09-26T04:22:03.706 [mark_point_node] DOING move_to("mark_config")
2026-09-26T04:22:03.716 [motion_node] RECEIVED MoveTo request: config="mark_config" x=0.0 y=0.0
2026-09-26T04:22:03.722 [motion_node] DOING sending SETANGLE 30 for config "mark_config"
2026-09-26T04:22:04.033 [motion_node] SENT moved to "mark_config" (angle=30)
2026-09-26T04:22:04.057 [mark_point_node] SENT move_to("mark_config") -> success
2026-09-26T04:22:04.065 [mark_point_node] DOING [markPoint] step: returning_ready
2026-09-26T04:22:04.071 [mark_point_node] DOING move_to("ready")
2026-09-26T04:22:04.081 [motion_node] RECEIVED MoveTo request: config="ready" x=0.0 y=0.0
2026-09-26T04:22:04.087 [motion_node] DOING sending SETANGLE 90 for config "ready"
2026-09-26T04:22:04.401 [motion_node] SENT moved to "ready" (angle=90)
2026-09-26T04:22:04.423 [mark_point_node] SENT move_to("ready") -> success
2026-09-26T04:22:04.432 [mark_point_node] DOING [markPoint] step: saving_snapshot
2026-09-26T04:22:04.468 [grid_node] RECEIVED SaveTaskSnapshot request: task_id=1790396521 type=mark_point
2026-09-26T04:22:09.057 [grid_node] SENT snapshot saved to /ros2_ws/captures/grid_snapshots/mark_point_1790396521_1790396528.jpg
2026-09-26T04:22:09.143 [mark_point_node] DOING [markPoint] step: success
2026-09-26T04:22:09.227 [dispatch_node] RECEIVED mark result: success=True message="marked point (20.0, 20.0)"
2026-09-26T04:22:09.241 [dispatch_node] SENT completion for actionId=mark-64d6651a source=robot result={'ok': True, 'action': 'mark', 'message': 'marked point (20.0, 20.0)'}
2026-09-26T04:22:29.239 [dispatch_node] RECEIVED actionId=draw-49c4f54a source=robot pairId=draw-49c4f54a pairSize=1 payload={'action': 'draw', 'from': [20.0, 20.0], 'to': [40.0, 40.0]}
2026-09-26T04:22:29.252 [dispatch_node] DOING routing robot action "draw"
2026-09-26T04:22:29.260 [screen_state_node] RECEIVED SetScreenState request: state="robot_draw_started" detail={"source": "robot", "payload": {"action": "draw", "from": [20.0, 20.0], "to": [40.0, 40.0]}}
2026-09-26T04:22:29.274 [dispatch_node] SENT draw goal: nexus_interfaces.action.DrawLine_Goal(orientation='', from_x_mm=20.0, from_y_mm=20.0, to_x_mm=40.0, to_y_mm=40.0)
2026-09-26T04:22:29.323 [screen_state_node] SENT screen state -> robot_draw_started (display: "ROBOT DRAW START")
2026-09-26T04:22:29.784 [draw_line_node] RECEIVED DrawLine goal: (20.0,20.0) -> (40.0,40.0) orientation=""
2026-09-26T04:22:29.822 [draw_line_node] DOING [drawLine] step: validating_line
2026-09-26T04:22:29.999 [grid_node] RECEIVED GetGridLine request: (20.0,20.0) -> (40.0,40.0) label="drawLine"
2026-09-26T04:22:30.006 [grid_node] SENT line accepted (orientation=diagonal)
2026-09-26T04:22:30.046 [draw_line_node] INFO orientation resolved to "diagonal"
2026-09-26T04:22:30.055 [draw_line_node] DOING [drawLine] step: drawing
2026-09-26T04:22:30.108 [motion_node] RECEIVED ExecutePath request: type="draw_line" params={"from": [20.0, 20.0], "to": [40.0, 40.0], "orientation": "diagonal"}
2026-09-26T04:22:30.127 [motion_node] DOING executing path "draw_line" -> SETANGLE 90
2026-09-26T04:22:30.439 [motion_node] SENT executed "draw_line"
2026-09-26T04:22:30.466 [draw_line_node] DOING [drawLine] step: returning_ready
2026-09-26T04:22:30.483 [motion_node] RECEIVED MoveTo request: config="ready" x=0.0 y=0.0
2026-09-26T04:22:30.489 [motion_node] DOING sending SETANGLE 90 for config "ready"
2026-09-26T04:22:30.799 [motion_node] SENT moved to "ready" (angle=90)
2026-09-26T04:22:30.826 [draw_line_node] DOING [drawLine] step: saving_snapshot
2026-09-26T04:22:30.841 [grid_node] RECEIVED SaveTaskSnapshot request: task_id=1790396549 type=draw_line
2026-09-26T04:22:30.956 [grid_node] SENT snapshot saved to /ros2_ws/captures/grid_snapshots/draw_line_1790396549_1790396550.jpg
2026-09-26T04:22:30.980 [draw_line_node] DOING [drawLine] step: success
2026-09-26T04:22:31.015 [dispatch_node] RECEIVED draw result: success=True message="drew diagonal line"
2026-09-26T04:22:31.021 [dispatch_node] SENT completion for actionId=draw-49c4f54a source=robot result={'ok': True, 'action': 'draw', 'message': 'drew diagonal line'}
2026-09-26T05:41:36.326 [dispatch_node] RECEIVED actionId=draw-17dea49c source=robot pairId=draw-17dea49c pairSize=1 payload={'action': 'draw', 'from': [20.0, 20.0], 'to': [30.0, 40.0]}
2026-09-26T05:41:36.428 [dispatch_node] DOING routing robot action "draw"
2026-09-26T05:41:36.881 [dispatch_node] SENT draw goal: nexus_interfaces.action.DrawLine_Goal(orientation='', from_x_mm=20.0, from_y_mm=20.0, to_x_mm=30.0, to_y_mm=40.0)
2026-09-26T05:41:37.293 [screen_state_node] RECEIVED SetScreenState request: state="robot_draw_started" detail={"source": "robot", "payload": {"action": "draw", "from": [20.0, 20.0], "to": [30.0, 40.0]}}
2026-09-26T05:41:37.528 [screen_state_node] SENT screen state -> robot_draw_started (display: "ROBOT DRAW START")
2026-09-26T05:41:37.981 [draw_line_node] RECEIVED DrawLine goal: (20.0,20.0) -> (30.0,40.0) orientation=""
2026-09-26T05:41:38.033 [draw_line_node] DOING [drawLine] step: validating_line
2026-09-26T05:41:39.796 [grid_node] RECEIVED GetGridLine request: (20.0,20.0) -> (30.0,40.0) label="drawLine"
2026-09-26T05:41:39.893 [grid_node] SENT line accepted (orientation=diagonal)
2026-09-26T05:41:39.952 [draw_line_node] INFO orientation resolved to "diagonal"
2026-09-26T05:41:39.963 [draw_line_node] DOING [drawLine] step: drawing
2026-09-26T05:41:40.221 [motion_node] RECEIVED ExecutePath request: type="draw_line" params={"from": [20.0, 20.0], "to": [30.0, 40.0], "orientation": "diagonal"}
2026-09-26T05:41:40.247 [motion_node] DOING executing path "draw_line" -> SETANGLE 90
2026-09-26T05:41:40.608 [motion_node] SENT executed "draw_line"
2026-09-26T05:41:40.638 [draw_line_node] DOING [drawLine] step: returning_ready
2026-09-26T05:41:40.687 [motion_node] RECEIVED MoveTo request: config="ready" x=0.0 y=0.0
2026-09-26T05:41:40.715 [motion_node] DOING sending SETANGLE 90 for config "ready"
2026-09-26T05:41:41.033 [motion_node] SENT moved to "ready" (angle=90)
2026-09-26T05:41:41.059 [draw_line_node] DOING [drawLine] step: saving_snapshot
2026-09-26T05:41:41.082 [grid_node] RECEIVED SaveTaskSnapshot request: task_id=1790401297 type=draw_line
2026-09-26T05:41:42.070 [grid_node] SENT snapshot saved to /ros2_ws/captures/grid_snapshots/draw_line_1790401297_1790401301.jpg
2026-09-26T05:41:42.104 [draw_line_node] DOING [drawLine] step: success
2026-09-26T05:41:42.125 [dispatch_node] RECEIVED draw result: success=True message="drew diagonal line"
2026-09-26T05:41:42.136 [dispatch_node] SENT completion for actionId=draw-17dea49c source=robot result={'ok': True, 'action': 'draw', 'message': 'drew diagonal line'}
2026-09-26T05:42:07.256 [dispatch_node] RECEIVED actionId=draw-0d19d5d3 source=robot pairId=draw-0d19d5d3 pairSize=1 payload={'action': 'draw', 'from': [40.0, 0.0], 'to': [40.0, 30.0]}
2026-09-26T05:42:07.265 [dispatch_node] DOING routing robot action "draw"
2026-09-26T05:42:07.275 [screen_state_node] RECEIVED SetScreenState request: state="robot_draw_started" detail={"source": "robot", "payload": {"action": "draw", "from": [40.0, 0.0], "to": [40.0, 30.0]}}
2026-09-26T05:42:07.310 [draw_line_node] RECEIVED DrawLine goal: (40.0,0.0) -> (40.0,30.0) orientation=""
2026-09-26T05:42:07.318 [draw_line_node] DOING [drawLine] step: validating_line
2026-09-26T05:42:07.331 [grid_node] RECEIVED GetGridLine request: (40.0,0.0) -> (40.0,30.0) label="drawLine"
2026-09-26T05:42:07.338 [screen_state_node] SENT screen state -> robot_draw_started (display: "ROBOT DRAW START")
2026-09-26T05:42:07.367 [draw_line_node] INFO orientation resolved to "vertical"
2026-09-26T05:42:07.376 [draw_line_node] DOING [drawLine] step: drawing
2026-09-26T05:42:07.387 [motion_node] RECEIVED ExecutePath request: type="draw_line" params={"from": [40.0, 0.0], "to": [40.0, 30.0], "orientation": "vertical"}
2026-09-26T05:42:07.393 [motion_node] DOING executing path "draw_line" -> SETANGLE 90
2026-09-26T05:42:07.705 [motion_node] SENT executed "draw_line"
2026-09-26T05:42:07.738 [draw_line_node] DOING [drawLine] step: returning_ready
2026-09-26T05:42:07.761 [motion_node] RECEIVED MoveTo request: config="ready" x=0.0 y=0.0
2026-09-26T05:42:07.769 [motion_node] DOING sending SETANGLE 90 for config "ready"
2026-09-26T05:42:08.090 [motion_node] SENT moved to "ready" (angle=90)
2026-09-26T05:42:08.127 [draw_line_node] DOING [drawLine] step: saving_snapshot
2026-09-26T05:42:08.149 [grid_node] RECEIVED SaveTaskSnapshot request: task_id=1790401327 type=draw_line
2026-09-26T05:42:08.379 [grid_node] SENT snapshot saved to /ros2_ws/captures/grid_snapshots/draw_line_1790401327_1790401328.jpg
2026-09-26T05:42:08.411 [draw_line_node] DOING [drawLine] step: success
2026-09-26T05:42:08.445 [dispatch_node] RECEIVED draw result: success=True message="drew vertical line"
2026-09-26T05:42:08.455 [dispatch_node] SENT completion for actionId=draw-0d19d5d3 source=robot result={'ok': True, 'action': 'draw', 'message': 'drew vertical line'}
2026-09-26T05:42:41.166 [dispatch_node] RECEIVED actionId=mark-989b8876 source=robot pairId=mark-989b8876 pairSize=1 payload={'action': 'mark', 'point': [30.0, 30.0]}
2026-09-26T05:42:41.174 [dispatch_node] DOING routing robot action "mark"
2026-09-26T05:42:41.185 [screen_state_node] RECEIVED SetScreenState request: state="robot_mark_started" detail={"source": "robot", "payload": {"action": "mark", "point": [30.0, 30.0]}}
2026-09-26T05:42:41.190 [dispatch_node] SENT mark goal: nexus_interfaces.action.MarkPoint_Goal(x_mm=30.0, y_mm=30.0)
2026-09-26T05:42:41.245 [screen_state_node] SENT screen state -> robot_mark_started (display: "ROBOT MARK START")
2026-09-26T05:42:41.437 [mark_point_node] RECEIVED MarkPoint goal: (30.0, 30.0)
2026-09-26T05:42:41.461 [mark_point_node] DOING [markPoint] step: validating_point
2026-09-26T05:42:41.553 [grid_node] RECEIVED GetGridPoint request: (30.0, 30.0) label="mark"
2026-09-26T05:42:41.558 [grid_node] SENT point accepted
2026-09-26T05:42:41.593 [mark_point_node] DOING [markPoint] step: standby
2026-09-26T05:42:41.605 [mark_point_node] DOING move_to("mark_standby")
2026-09-26T05:42:41.617 [motion_node] RECEIVED MoveTo request: config="mark_standby" x=0.0 y=0.0
2026-09-26T05:42:41.624 [motion_node] DOING sending SETANGLE 90 for config "mark_standby"
2026-09-26T05:42:41.938 [motion_node] SENT moved to "mark_standby" (angle=90)
2026-09-26T05:42:41.963 [mark_point_node] SENT move_to("mark_standby") -> success
2026-09-26T05:42:41.971 [mark_point_node] DOING [markPoint] step: waiting_for_tof
2026-09-26T05:42:41.991 [motion_node] RECEIVED GetDistance request
2026-09-26T05:42:42.001 [motion_node] SENT TOF reading: -1.0mm
2026-09-26T05:42:42.026 [mark_point_node] INFO TOF distance: -1.0mm (threshold 20.0mm)
2026-09-26T05:42:42.033 [mark_point_node] DOING [markPoint] step: landing
2026-09-26T05:42:42.042 [mark_point_node] DOING move_to("mark_land")
2026-09-26T05:42:42.052 [motion_node] RECEIVED MoveTo request: config="mark_land" x=0.0 y=0.0
2026-09-26T05:42:42.058 [motion_node] DOING sending SETANGLE 45 for config "mark_land"
2026-09-26T05:42:42.368 [motion_node] SENT moved to "mark_land" (angle=45)
2026-09-26T05:42:42.394 [mark_point_node] SENT move_to("mark_land") -> success
2026-09-26T05:42:42.402 [mark_point_node] DOING [markPoint] step: marking
2026-09-26T05:42:42.408 [mark_point_node] DOING move_to("mark_config")
2026-09-26T05:42:42.418 [motion_node] RECEIVED MoveTo request: config="mark_config" x=0.0 y=0.0
2026-09-26T05:42:42.423 [motion_node] DOING sending SETANGLE 30 for config "mark_config"
2026-09-26T05:42:42.734 [motion_node] SENT moved to "mark_config" (angle=30)
2026-09-26T05:42:42.760 [mark_point_node] SENT move_to("mark_config") -> success
2026-09-26T05:42:42.768 [mark_point_node] DOING [markPoint] step: returning_ready
2026-09-26T05:42:42.774 [mark_point_node] DOING move_to("ready")
2026-09-26T05:42:42.783 [motion_node] RECEIVED MoveTo request: config="ready" x=0.0 y=0.0
2026-09-26T05:42:42.789 [motion_node] DOING sending SETANGLE 90 for config "ready"
2026-09-26T05:42:43.101 [motion_node] SENT moved to "ready" (angle=90)
2026-09-26T05:42:43.124 [mark_point_node] SENT move_to("ready") -> success
2026-09-26T05:42:43.139 [mark_point_node] DOING [markPoint] step: saving_snapshot
2026-09-26T05:42:43.149 [grid_node] RECEIVED SaveTaskSnapshot request: task_id=1790401361 type=mark_point
2026-09-26T05:42:43.259 [grid_node] SENT snapshot saved to /ros2_ws/captures/grid_snapshots/mark_point_1790401361_1790401363.jpg
2026-09-26T05:42:43.275 [mark_point_node] DOING [markPoint] step: success
2026-09-26T05:42:43.292 [dispatch_node] RECEIVED mark result: success=True message="marked point (30.0, 30.0)"
2026-09-26T05:42:43.299 [dispatch_node] SENT completion for actionId=mark-989b8876 source=robot result={'ok': True, 'action': 'mark', 'message': 'marked point (30.0, 30.0)'}
2026-09-30T21:55:20.618 [tool_state_node] INFO tool_state_node ready — holding: <none>
2026-09-30T21:55:23.636 [screen_state_node] WARN screen_state_node running in MOCK serial mode - no display Arduino attached
2026-09-30T21:55:25.485 [screen_state_node] INFO screen_state_node ready (mock_serial=True) - serving /screen/set_state
2026-09-30T21:55:26.299 [draw_arc_node] INFO draw_arc_node ready — action server on "draw_arc"
2026-09-30T21:55:27.427 [mark_point_node] INFO mark_point_node ready — action server on "mark_point"
2026-09-30T21:55:28.208 [pick_and_place_node] INFO pick_and_place_node ready — action server on "pick_and_place"
2026-09-30T21:55:30.454 [pick_tool_node] INFO pick_tool_node ready — action server on "pick_tool"
2026-09-30T21:55:30.694 [dispatch_node] INFO dispatch_node ready - listening on /action/dispatch
2026-09-30T21:55:30.758 [draw_line_node] INFO draw_line_node ready — action server on "draw_line"
2026-09-30T22:07:30.100 [grid_node] INFO grid_node using shared camera via /camera/frame
2026-09-30T22:07:30.630 [grid_node] INFO grid_node ready - viewer at http://<this-machine-ip>:8091/, paper_size=A4
2026-09-30T22:07:40.260 [screen_state_node] WARN screen_state_node running in MOCK serial mode - no display Arduino attached
2026-09-30T22:07:40.574 [screen_state_node] INFO screen_state_node ready (mock_serial=True) - serving /screen/set_state
2026-09-30T22:07:40.833 [tool_state_node] INFO tool_state_node ready — holding: <none>
2026-09-30T22:07:41.318 [draw_arc_node] INFO draw_arc_node ready — action server on "draw_arc"
2026-09-30T22:07:42.321 [pick_tool_node] INFO pick_tool_node ready — action server on "pick_tool"
2026-09-30T22:07:42.910 [dispatch_node] INFO dispatch_node ready - listening on /action/dispatch
2026-09-30T22:07:43.350 [draw_line_node] INFO draw_line_node ready — action server on "draw_line"
2026-09-30T22:07:43.615 [mark_point_node] INFO mark_point_node ready — action server on "mark_point"
2026-09-30T22:07:44.151 [pick_and_place_node] INFO pick_and_place_node ready — action server on "pick_and_place"
2026-09-30T22:17:11.029 [grid_node] INFO grid_node using shared camera via /camera/frame
2026-09-30T22:17:11.252 [grid_node] INFO grid_node ready - viewer at http://<this-machine-ip>:8091/, paper_size=A4
2026-09-30T22:17:17.616 [screen_state_node] WARN screen_state_node running in MOCK serial mode - no display Arduino attached
2026-09-30T22:17:18.003 [screen_state_node] INFO screen_state_node ready (mock_serial=True) - serving /screen/set_state
2026-09-30T22:17:18.808 [tool_state_node] INFO tool_state_node ready — holding: <none>
2026-09-30T22:17:19.299 [mark_point_node] INFO mark_point_node ready — action server on "mark_point"
2026-09-30T22:17:19.525 [pick_tool_node] INFO pick_tool_node ready — action server on "pick_tool"
2026-09-30T22:17:19.675 [draw_line_node] INFO draw_line_node ready — action server on "draw_line"
2026-09-30T22:17:19.737 [draw_arc_node] INFO draw_arc_node ready — action server on "draw_arc"
2026-09-30T22:17:19.764 [dispatch_node] INFO dispatch_node ready - listening on /action/dispatch
2026-09-30T22:17:20.139 [pick_and_place_node] INFO pick_and_place_node ready — action server on "pick_and_place"
2026-09-30T22:17:59.534 [motion_node] RECEIVED SetState request: BOOT
2026-09-30T22:18:06.177 [motion_node] SENT state BOOT: OK BOOT
2026-09-30T22:20:12.077 [draw_arc_node] RECEIVED push button pressed
2026-09-30T22:20:12.156 [pick_tool_node] RECEIVED push button pressed
2026-09-30T22:20:12.170 [mark_point_node] RECEIVED push button pressed
2026-09-30T22:20:12.246 [draw_line_node] RECEIVED push button pressed
2026-09-30T22:22:36.241 [motion_node] RECEIVED SetState request: BOOT
2026-09-30T22:22:42.832 [motion_node] SENT state BOOT: OK BOOT
2026-09-30T22:22:57.139 [motion_node] RECEIVED SetState request: BOOT
2026-09-30T22:23:03.759 [motion_node] SENT state BOOT: OK BOOT
2026-09-30T22:23:13.258 [motion_node] RECEIVED SetState request: BOOT
2026-09-30T22:23:19.886 [motion_node] SENT state BOOT: OK BOOT
2026-09-30T22:29:54.778 [dispatch_node] RECEIVED push button pressed
d
2026-09-30T22:29:54.815 [pick_tool_node] RECEIVED push button pressed
2026-09-30T22:29:54.855 [draw_line_node] RECEIVED push button pressed
2026-09-30T22:29:55.030 [dispatch_node] RECEIVED push button pressed
2026-09-30T22:29:55.039 [pick_tool_node] RECEIVED push button pressed
2026-09-30T22:29:55.044 [draw_arc_node] RECEIVED push button pressed
d
2026-09-30T22:29:55.053 [draw_line_node] RECEIVED push button pressed
2026-09-30T22:29:55.852 [pick_tool_node] RECEIVED push button pressed
2026-09-30T22:29:55.876 [mark_point_node] RECEIVED push button pressed2026-09-30T22:29:55.868 [dispatch_node] RECEIVED push button pressed
2026-09-30T22:29:55.884 [draw_arc_node] RECEIVED push button pressed
2026-09-30T22:30:14.478 [pick_tool_node] RECEIVED push button pressed
2026-09-30T22:30:14.493 [draw_line_node] RECEIVED push button pressed
2026-09-30T22:30:14.514 [mark_point_node] RECEIVED push button pressed
2026-09-30T22:30:17.868 [draw_arc_node] RECEIVED push button pressed


2026-09-30T22:30:17.902 [pick_tool_node] RECEIVED push button pressed
2026-09-30T22:30:25.628 [draw_arc_node] RECEIVED push button pressed
2026-09-30T22:30:25.669 [dispatch_node] RECEIVED push button pressed
d
2026-09-30T22:30:25.707 [draw_line_node] RECEIVED push button pressed
2026-09-30T22:30:25.769 [pick_tool_node] RECEIVED push button pressed
2026-09-30T22:30:27.612 [mark_point_node] RECEIVED push button pressed
2026-09-30T22:30:27.630 [draw_arc_node] RECEIVED push button pressed
2026-09-30T22:30:27.630 [draw_line_node] RECEIVED push button pressed
2026-09-30T22:30:27.648 [dispatch_node] RECEIVED push button pressed
2026-09-30T22:30:31.403 [pick_tool_node] RECEIVED push button pressed
2026-09-30T22:30:31.406 [draw_arc_node] RECEIVED push button pressed
2026-09-30T22:30:31.424 [mark_point_node] RECEIVED push button pressed
2026-09-30T22:30:31.440 [dispatch_node] RECEIVED push button pressed

2026-09-30T22:30:32.133 [draw_arc_node] RECEIVED push button pressed
d
2026-09-30T22:30:32.142 [pick_tool_node] RECEIVED push button pressed
2026-09-30T22:30:32.148 [draw_line_node] RECEIVED push button pressed
2026-09-30T22:30:32.855 [dispatch_node] RECEIVED push button pressed
2026-09-30T22:30:32.885 [pick_tool_node] RECEIVED push button pressed
2026-09-30T22:30:32.918 [mark_point_node] RECEIVED push button pressed
2026-09-30T22:30:33.604 [mark_point_node] RECEIVED push button presse2026-09-30T22:30:33.604 [draw_line_node] RECEIVED push button pressed
2026-09-30T22:30:34.228 [draw_line_node] RECEIVED push button pressed
2026-09-30T22:30:34.212 [draw_arc_node] RECEIVED push button pressed
2026-09-30T22:30:34.212 [pick_tool_node] RECEIVED push button pressed
2026-09-30T22:30:34.193 [dispatch_node] RECEIVED push button pressed
d
2026-09-30T22:30:34.774 [draw_line_node] RECEIVED push button pressed
2026-09-30T22:30:34.791 [draw_arc_node] RECEIVED push button pressed

2026-09-30T22:30:34.794 [mark_point_node] RECEIVED push button pressed
2026-09-30T22:30:34.820 [dispatch_node] RECEIVED push button pressed
2026-09-30T22:30:36.382 [draw_line_node] RECEIVED push button pressed
2026-09-30T22:30:36.394 [dispatch_node] RECEIVED push button pressed

2026-09-30T22:30:36.399 [mark_point_node] RECEIVED push button pressed
2026-09-30T22:30:36.406 [draw_arc_node] RECEIVED push button pressed
2026-09-30T22:30:36.965 [dispatch_node] RECEIVED push button pressed
2026-09-30T22:30:36.959 [mark_point_node] RECEIVED push button pressed
2026-09-30T22:30:54.814 [draw_line_node] RECEIVED push button pressed
2026-09-30T22:30:54.833 [pick_tool_node] RECEIVED push button pressed
2026-09-30T22:30:54.841 [mark_point_node] RECEIVED push button pressed
2026-09-30T22:30:54.857 [draw_arc_node] RECEIVED push button pressed
2026-09-30T22:30:55.540 [draw_arc_node] RECEIVED push button pressed


2026-09-30T22:30:55.548 [dispatch_node] RECEIVED push button pressed
2026-09-30T22:30:55.572 [pick_tool_node] RECEIVED push button pressed
2026-09-30T22:30:57.076 [pick_tool_node] RECEIVED push button pressed
2026-09-30T22:30:57.089 [draw_arc_node] RECEIVED push button pressed
d
2026-09-30T22:30:57.080 [draw_line_node] RECEIVED push button pressed
2026-09-30T22:31:45.157 [dispatch_node] RECEIVED actionId=pick-f53aa7f9 source=robot pairId=pick-f53aa7f9 pairSize=1 payload={'action': 'pick', 'tool': 'pencil'}
2026-09-30T22:31:45.471 [motion_node] RECEIVED SetState request: BOOT
2026-09-30T22:31:45.669 [screen_state_node] RECEIVED SetScreenState request: state="robot_pick_started" detail={"source": "robot", "payload": {"action": "pick", "tool": "pencil"}}
2026-09-30T22:31:45.830 [screen_state_node] SENT screen state -> robot_pick_started (display: "ROBOT PICK START")
2026-09-30T22:31:52.102 [motion_node] SENT state BOOT: OK BOOT
2026-09-30T22:31:52.141 [dispatch_node] SENT state -> BOOT
2026-09-30T22:31:52.152 [dispatch_node] DOING routing robot action "pick"
2026-09-30T22:31:52.188 [dispatch_node] SENT pick goal: nexus_interfaces.action.PickTool_Goal(target_object='pencil')
2026-09-30T22:31:52.484 [pick_tool_node] RECEIVED PickTool goal: pencil
2026-09-30T22:31:52.515 [pick_tool_node] DOING [pickTool:pencil] step: receive_tool
2026-09-30T22:31:52.621 [motion_node] RECEIVED SetState request: STANDBY
2026-09-30T22:31:52.638 [motion_node] SENT state STANDBY: OK STANDBY
2026-09-30T22:31:52.680 [pick_tool_node] SENT state -> STANDBY
2026-09-30T22:31:52.720 [pick_tool_node] SENT human notify: place_tool: Place "pencil" in the robot tool link, then press the button.
2026-09-30T22:31:52.733 [pick_tool_node] DOING [pickTool:pencil] step: waiting_for_button
2026-09-30T22:34:21.424 [draw_arc_node] RECEIVED push button pressed
2026-09-30T22:34:21.434 [draw_line_node] RECEIVED push button pressed
2026-09-30T22:34:21.459 [pick_tool_node] DOING [pickTool:pencil] step: validating_tool
2026-09-30T22:34:21.462 [mark_point_node] RECEIVED push button pressed
2026-09-30T22:34:21.492 [motion_node] RECEIVED SetState request: TOOL_CHECK
2026-09-30T22:34:21.512 [motion_node] SENT state TOOL_CHECK: OK TOOL_CHECK
2026-09-30T22:34:21.543 [pick_tool_node] SENT state -> TOOL_CHECK
2026-09-30T22:34:27.063 [mark_point_node] RECEIVED push button pressed
2026-09-30T22:34:27.079 [draw_line_node] RECEIVED push button pressed
2026-09-30T22:34:27.080 [pick_tool_node] RECEIVED push button pressed
2026-09-30T22:34:27.079 [draw_arc_node] RECEIVED push button pressed
2026-09-30T22:34:31.685 [pick_tool_node] ERROR [pickTool:pencil] failed: timed out waiting for /vision/detect_object
2026-09-30T22:34:31.813 [motion_node] RECEIVED SetState request: STANDBY
2026-09-30T22:34:31.913 [motion_node] SENT state STANDBY: OK STANDBY
2026-09-30T22:34:32.082 [pick_tool_node] SENT state -> STANDBY
2026-09-30T22:34:32.382 [dispatch_node] RECEIVED pick result: success=False message="timed out waiting for /vision/detect_object"
2026-09-30T22:34:32.546 [dispatch_node] SENT completion for actionId=pick-f53aa7f9 source=robot result={'ok': False, 'action': 'pick', 'message': 'timed out waiting for /vision/detect_object'}
2026-09-30T22:34:44.260 [pick_tool_node] RECEIVED push button pressed
2026-09-30T22:34:44.312 [dispatch_node] RECEIVED push button pressed
2026-09-30T22:34:44.347 [mark_point_node] RECEIVED push button pressed
2026-09-30T22:34:46.164 [dispatch_node] RECEIVED push button pressed

2026-09-30T22:34:46.181 [mark_point_node] RECEIVED push button pressed
2026-09-30T22:34:46.180 [pick_tool_node] RECEIVED push button pressed
2026-09-30T22:34:46.204 [draw_arc_node] RECEIVED push button pressed
2026-09-30T22:34:47.910 [dispatch_node] RECEIVED push button pressed
d
2026-09-30T22:34:47.927 [pick_tool_node] RECEIVED push button pressed
2026-09-30T22:34:47.942 [draw_line_node] RECEIVED push button pressed
2026-09-30T22:36:04.388 [grid_node] INFO grid_node using shared camera via /camera/frame
2026-09-30T22:36:04.615 [grid_node] INFO grid_node ready - viewer at http://<this-machine-ip>:8091/, paper_size=A4
2026-09-30T22:36:09.419 [screen_state_node] WARN screen_state_node running in MOCK serial mode - no display Arduino attached
2026-09-30T22:36:09.811 [screen_state_node] INFO screen_state_node ready (mock_serial=True) - serving /screen/set_state
2026-09-30T22:36:11.117 [mark_point_node] INFO mark_point_node ready — action server on "mark_point"
2026-09-30T22:36:11.189 [tool_state_node] INFO tool_state_node ready — holding: <none>
2026-09-30T22:36:11.289 [draw_line_node] INFO draw_line_node ready — action server on "draw_line"
2026-09-30T22:36:11.448 [pick_and_place_node] INFO pick_and_place_node ready — action server on "pick_and_place"
2026-09-30T22:36:11.527 [pick_tool_node] INFO pick_tool_node ready — action server on "pick_tool"
2026-09-30T22:36:12.049 [draw_arc_node] INFO draw_arc_node ready — action server on "draw_arc"
2026-09-30T22:36:12.262 [dispatch_node] INFO dispatch_node ready - listening on /action/dispatch
2026-09-30T22:36:50.691 [dispatch_node] RECEIVED push button pressed
2026-09-30T22:36:50.861 [pick_tool_node] RECEIVED push button pressed
2026-09-30T22:36:50.897 [draw_line_node] RECEIVED push button pressed
2026-09-30T22:36:50.909 [draw_arc_node] RECEIVED push button pressed
2026-09-30T22:36:50.945 [mark_point_node] RECEIVED push button pressed
2026-09-30T22:37:10.593 [dispatch_node] RECEIVED actionId=pick-6062f654 source=robot pairId=pick-6062f654 pairSize=1 payload={'action': 'pick', 'tool': 'pencil'}
2026-09-30T22:37:11.038 [motion_node] RECEIVED SetState request: BOOT
2026-09-30T22:37:11.136 [screen_state_node] RECEIVED SetScreenState request: state="robot_pick_started" detail={"source": "robot", "payload": {"action": "pick", "tool": "pencil"}}
2026-09-30T22:37:11.254 [screen_state_node] SENT screen state -> robot_pick_started (display: "ROBOT PICK START")
2026-09-30T22:37:17.670 [motion_node] SENT state BOOT: OK BOOT
2026-09-30T22:37:17.740 [dispatch_node] SENT state -> BOOT
2026-09-30T22:37:17.769 [dispatch_node] DOING routing robot action "pick"
2026-09-30T22:37:17.816 [dispatch_node] SENT pick goal: nexus_interfaces.action.PickTool_Goal(target_object='pencil')
2026-09-30T22:37:18.066 [pick_tool_node] RECEIVED PickTool goal: pencil
2026-09-30T22:37:18.086 [pick_tool_node] DOING [pickTool:pencil] step: receive_tool
2026-09-30T22:37:18.161 [motion_node] RECEIVED SetState request: STANDBY
2026-09-30T22:37:18.193 [motion_node] SENT state STANDBY: OK STANDBY
2026-09-30T22:37:18.221 [pick_tool_node] SENT state -> STANDBY
2026-09-30T22:37:18.254 [pick_tool_node] SENT human notify: place_tool: Place "pencil" in the robot tool link, then press the button.
2026-09-30T22:37:18.273 [pick_tool_node] DOING [pickTool:pencil] step: waiting_for_button
2026-09-30T22:37:20.223 [dispatch_node] RECEIVED push button pressed

2026-09-30T22:37:20.233 [draw_arc_node] RECEIVED push button pressed
2026-09-30T22:37:20.236 [pick_tool_node] RECEIVED push button pressed

2026-09-30T22:37:20.277 [pick_tool_node] DOING [pickTool:pencil] step: validating_tool
2026-09-30T22:37:20.302 [motion_node] RECEIVED SetState request: TOOL_CHECK
2026-09-30T22:37:20.320 [motion_node] SENT state TOOL_CHECK: OK TOOL_CHECK
2026-09-30T22:37:20.360 [pick_tool_node] SENT state -> TOOL_CHECK
2026-09-30T22:37:24.469 [motion_node] RECEIVED SetState request: TOOL_MISSING
2026-09-30T22:37:24.492 [motion_node] SENT state TOOL_MISSING: OK TOOL_MISSING
2026-09-30T22:37:24.514 [pick_tool_node] SENT state -> TOOL_MISSING
2026-09-30T22:37:24.537 [pick_tool_node] SENT human notify: tool_missing: Tool "pencil" not detected. Place it and press the button.
2026-09-30T22:37:42.996 [draw_arc_node] RECEIVED push button pressed
2026-09-30T22:37:42.996 [mark_point_node] RECEIVED push button pressed
2026-09-30T22:37:43.011 [pick_tool_node] RECEIVED push button pressed
2026-09-30T22:37:43.045 [motion_node] RECEIVED SetState request: TOOL_CHECK
2026-09-30T22:37:43.069 [motion_node] SENT state TOOL_CHECK: OK TOOL_CHECK
2026-09-30T22:37:43.108 [pick_tool_node] SENT state -> TOOL_CHECK
2026-09-30T22:37:47.173 [motion_node] RECEIVED SetState request: TOOL_MISSING
2026-09-30T22:37:47.209 [motion_node] SENT state TOOL_MISSING: OK TOOL_MISSING
2026-09-30T22:37:47.235 [pick_tool_node] SENT state -> TOOL_MISSING
2026-09-30T22:37:47.248 [pick_tool_node] SENT human notify: tool_missing: Tool "pencil" not detected. Place it and press the button.
2026-09-30T22:38:05.886 [draw_line_node] RECEIVED push button pressed

2026-09-30T22:38:05.904 [pick_tool_node] RECEIVED push button pressed
2026-09-30T22:38:05.904 [dispatch_node] RECEIVED push button pressed
2026-09-30T22:38:05.935 [motion_node] RECEIVED SetState request: TOOL_CHECK
2026-09-30T22:38:05.952 [motion_node] SENT state TOOL_CHECK: OK TOOL_CHECK
2026-09-30T22:38:05.977 [pick_tool_node] SENT state -> TOOL_CHECK
2026-09-30T22:38:10.297 [motion_node] RECEIVED SetState request: TOOL_MISSING
2026-09-30T22:38:10.328 [motion_node] SENT state TOOL_MISSING: OK TOOL_MISSING
2026-09-30T22:38:10.392 [pick_tool_node] SENT state -> TOOL_MISSING
2026-09-30T22:38:10.401 [pick_tool_node] SENT human notify: tool_missing: Tool "pencil" not detected. Place it and press the button.
2026-09-30T22:38:13.276 [dispatch_node] RECEIVED push button pressed
2026-09-30T22:38:13.299 [draw_arc_node] RECEIVED push button pressed

2026-09-30T22:38:13.379 [motion_node] RECEIVED SetState request: TOOL_CHECK
2026-09-30T22:38:13.475 [motion_node] SENT state TOOL_CHECK: OK TOOL_CHECK
2026-09-30T22:38:13.526 [pick_tool_node] SENT state -> TOOL_CHECK
2026-09-30T22:38:17.850 [motion_node] RECEIVED SetState request: TOOL_MISSING
2026-09-30T22:38:17.871 [motion_node] SENT state TOOL_MISSING: OK TOOL_MISSING
2026-09-30T22:38:17.888 [pick_tool_node] SENT state -> TOOL_MISSING
2026-09-30T22:38:17.899 [pick_tool_node] SENT human notify: tool_missing: Tool "pencil" not detected. Place it and press the button.
2026-09-30T22:38:27.156 [mark_point_node] RECEIVED push button pressed
2026-09-30T22:38:27.161 [pick_tool_node] RECEIVED push button pressed
2026-09-30T22:38:27.169 [dispatch_node] RECEIVED push button pressed
2026-09-30T22:38:27.198 [motion_node] RECEIVED SetState request: TOOL_CHECK
2026-09-30T22:38:27.233 [motion_node] SENT state TOOL_CHECK: OK TOOL_CHECK
2026-09-30T22:38:27.270 [pick_tool_node] SENT state -> TOOL_CHECK
2026-09-30T22:38:30.820 [motion_node] RECEIVED SetState request: TOOL_MISSING
2026-09-30T22:38:30.837 [motion_node] SENT state TOOL_MISSING: OK TOOL_MISSING
2026-09-30T22:38:30.860 [pick_tool_node] SENT state -> TOOL_MISSING
2026-09-30T22:38:30.876 [pick_tool_node] SENT human notify: tool_missing: Tool "pencil" not detected. Place it and press the button.
2026-09-30T22:39:05.403 [pick_tool_node] RECEIVED push button pressed2026-09-30T22:39:05.417 [draw_line_node] RECEIVED push button pressed2026-09-30T22:39:05.418 [motion_node] RECEIVED SetState request: TOOL_CHECK
2026-09-30T22:39:05.444 [mark_point_node] RECEIVED push button pressed
2026-09-30T22:39:05.467 [motion_node] SENT state TOOL_CHECK: OK TOOL_CHECK
2026-09-30T22:39:05.486 [pick_tool_node] SENT state -> TOOL_CHECK
2026-09-30T22:39:08.993 [motion_node] RECEIVED SetState request: TOOL_MISSING
2026-09-30T22:39:09.088 [motion_node] SENT state TOOL_MISSING: OK TOOL_MISSING
2026-09-30T22:39:09.311 [pick_tool_node] SENT state -> TOOL_MISSING
2026-09-30T22:39:09.332 [pick_tool_node] SENT human notify: tool_missing: Tool "pencil" not detected. Place it and press the button.
2026-09-30T22:39:14.692 [mark_point_node] RECEIVED push button presse202026-09-30T22:39:14.727 [motion_node] RECEIVED SetState request: TOO2026-09-2026-09-30T22:39:14.727 [pick_tool_node] RECEIVED push button pressed
2026-09-30T22:39:14.765 [motion_node] SENT state TOOL_CHECK: OK TOOL_CHECK
2026-09-30T22:39:14.806 [pick_tool_node] SENT state -> TOOL_CHECK
2026-09-30T22:39:18.044 [motion_node] RECEIVED SetState request: TOOL_MISSING
2026-09-30T22:39:18.068 [motion_node] SENT state TOOL_MISSING: OK TOOL_MISSING
2026-09-30T22:39:18.101 [pick_tool_node] SENT state -> TOOL_MISSING
2026-09-30T22:39:18.131 [pick_tool_node] SENT human notify: tool_missing: Tool "pencil" not detected. Place it and press the button.
2026-09-30T22:39:24.753 [pick_tool_node] RECEIVED push button pressed22026-09-30T22:39:24.758 [mark_point_node] RECEIVED push button pressed
2026-09-30T22:39:24.841 [motion_node] RECEIVED SetState request: TOOL_CHECK
2026-09-30T22:39:24.897 [motion_node] SENT state TOOL_CHECK: OK TOOL_CHECK
2026-09-30T22:39:24.928 [pick_tool_node] SENT state -> TOOL_CHECK
2026-09-30T22:39:28.631 [motion_node] RECEIVED SetState request: TOOL_MISSING
2026-09-30T22:39:28.677 [motion_node] SENT state TOOL_MISSING: OK TOOL_MISSING
2026-09-30T22:39:28.731 [pick_tool_node] SENT state -> TOOL_MISSING
2026-09-30T22:39:28.748 [pick_tool_node] SENT human notify: tool_missing: Tool "pencil" not detected. Place it and press the button.
2026-09-30T22:39:52.197 [dispatch_node] RECEIVED push button pressed

2026-09-30T22:39:52.194 [mark_point_node] RECEIVED push button pressed
2026-09-30T22:39:52.219 [draw_arc_node] RECEIVED push button pressed
_CHECK
2026-09-30T22:39:52.222 [draw_line_node] RECEIVED push button pressed
2026-09-30T22:39:52.249 [motion_node] SENT state TOOL_CHECK: OK TOOL_CHECK
2026-09-30T22:39:52.287 [pick_tool_node] SENT state -> TOOL_CHECK
2026-09-30T22:39:56.554 [motion_node] RECEIVED SetState request: TOOL_MISSING
2026-09-30T22:39:56.580 [motion_node] SENT state TOOL_MISSING: OK TOOL_MISSING
2026-09-30T22:39:56.613 [pick_tool_node] SENT state -> TOOL_MISSING
2026-09-30T22:39:56.624 [pick_tool_node] SENT human notify: tool_missing: Tool "pencil" not detected. Place it and press the button.
2026-09-30T22:39:59.542 [dispatch_node] RECEIVED push button pressed
2026-09-30T22:39:59.564 [mark_point_node] RECEIVED push button pressed
2026-09-30T22:39:59.565 [draw_arc_node] RECEIVED push button pressed
2026-09-30T22:39:59.597 [pick_tool_node] RECEIVED push button pressed
2026-09-30T22:39:59.610 [motion_node] RECEIVED SetState request: TOOL_CHECK
2026-09-30T22:39:59.627 [motion_node] SENT state TOOL_CHECK: OK TOOL_CHECK
2026-09-30T22:39:59.669 [pick_tool_node] SENT state -> TOOL_CHECK
2026-09-30T22:40:02.800 [motion_node] RECEIVED SetState request: TOOL_MISSING
2026-09-30T22:40:02.825 [motion_node] SENT state TOOL_MISSING: OK TOOL_MISSING
2026-09-30T22:40:02.855 [pick_tool_node] SENT state -> TOOL_MISSING
2026-09-30T22:40:02.876 [pick_tool_node] SENT human notify: tool_missing: Tool "pencil" not detected. Place it and press the button.
2026-09-30T22:40:04.874 [draw_arc_node] RECEIVED push button pressed
2026-09-30T22:40:04.881 [draw_line_node] RECEIVED push button pressed
2026-09-30T22:40:04.877 [dispatch_node] RECEIVED push button pressed
2026-09-30T22:40:04.900 [mark_point_node] RECEIVED push button pressed
2026-09-30T22:40:04.880 [pick_tool_node] RECEIVED push button pressed
2026-09-30T22:40:04.945 [motion_node] RECEIVED SetState request: TOOL_CHECK
2026-09-30T22:40:04.962 [motion_node] SENT state TOOL_CHECK: OK TOOL_CHECK
2026-09-30T22:40:04.989 [pick_tool_node] SENT state -> TOOL_CHECK
2026-09-30T22:40:08.251 [motion_node] RECEIVED SetState request: TOOL_MISSING
2026-09-30T22:40:08.287 [motion_node] SENT state TOOL_MISSING: OK TOOL_MISSING
2026-09-30T22:40:08.326 [pick_tool_node] SENT state -> TOOL_MISSING
2026-09-30T22:40:08.348 [pick_tool_node] SENT human notify: tool_missing: Tool "pencil" not detected. Place it and press the button.
2026-09-30T22:40:36.253 [draw_line_node] RECEIVED push button pressed

2026-09-30T22:40:36.284 [draw_arc_node] RECEIVED push button pressed
2026-09-30T22:40:36.283 [pick_tool_node] RECEIVED push button pressed2026-09-30T22:40:36.331 [motion_node] RECEIVED SetState request: TOOL_CHECK
2026-09-30T22:40:36.358 [motion_node] SENT state TOOL_CHECK: OK TOOL_CHECK
2026-09-30T22:40:36.405 [pick_tool_node] SENT state -> TOOL_CHECK
2026-09-30T22:40:41.892 [motion_node] RECEIVED SetState request: TOOL_MISSING
2026-09-30T22:40:41.937 [motion_node] SENT state TOOL_MISSING: OK TOOL_MISSING
2026-09-30T22:40:41.993 [pick_tool_node] SENT state -> TOOL_MISSING
2026-09-30T22:40:42.010 [pick_tool_node] SENT human notify: tool_missing: Tool "pencil" not detected. Place it and press the button.
2026-09-30T22:45:26.495 [pick_tool_node] RECEIVED push button pressed

2026-09-30T22:45:26.564 [dispatch_node] RECEIVED push button pressed
2026-09-30T22:45:26.582 [draw_line_node] RECEIVED push button pressed
2026-09-30T22:45:26.612 [draw_arc_node] RECEIVED push button pressed
2026-09-30T22:45:26.681 [motion_node] RECEIVED SetState request: TOOL_CHECK
2026-09-30T22:45:26.707 [motion_node] SENT state TOOL_CHECK: OK TOOL_CHECK
2026-09-30T22:45:26.747 [pick_tool_node] SENT state -> TOOL_CHECK
2026-09-30T22:45:29.975 [motion_node] RECEIVED SetState request: TOOL_MISSING
2026-09-30T22:45:30.059 [motion_node] SENT state TOOL_MISSING: OK TOOL_MISSING
2026-09-30T22:45:30.145 [pick_tool_node] SENT state -> TOOL_MISSING
2026-09-30T22:45:30.339 [pick_tool_node] SENT human notify: tool_missing: Tool "pencil" not detected. Place it and press the button.
2026-09-30T22:46:44.943 [draw_line_node] RECEIVED push button pressed
2026-09-30T22:46:44.981 [mark_point_node] RECEIVED push button pressed
2026-09-30T22:46:44.999 [pick_tool_node] RECEIVED push button pressed
2026-09-30T22:46:45.013 [motion_node] RECEIVED SetState request: TOOL_CHECK
2026-09-30T22:46:45.033 [motion_node] SENT state TOOL_CHECK: OK TOOL_CHECK
2026-09-30T22:46:45.056 [pick_tool_node] SENT state -> TOOL_CHECK
2026-09-30T22:46:50.532 [motion_node] RECEIVED SetState request: TOOL_MISSING
2026-09-30T22:46:50.599 [motion_node] SENT state TOOL_MISSING: OK TOOL_MISSING
2026-09-30T22:46:50.629 [pick_tool_node] SENT state -> TOOL_MISSING
2026-09-30T22:46:50.675 [pick_tool_node] SENT human notify: tool_missing: Tool "pencil" not detected. Place it and press the button.
2026-09-30T22:47:38.198 [dispatch_node] RECEIVED actionId=pick-6c51b6dc source=robot pairId=pick-6c51b6dc pairSize=1 payload={'action': 'pick', 'tool': 'pencil'}
2026-09-30T22:47:38.228 [dispatch_node] DOING routing robot action "pick"
2026-09-30T22:47:38.329 [dispatch_node] SENT pick goal: nexus_interfaces.action.PickTool_Goal(target_object='pencil')
2026-09-30T22:47:38.520 [screen_state_node] RECEIVED SetScreenState request: state="robot_pick_started" detail={"source": "robot", "payload": {"action": "pick", "tool": "pencil"}}
2026-09-30T22:47:38.624 [pick_tool_node] RECEIVED PickTool goal: pencil
2026-09-30T22:47:38.653 [pick_tool_node] DOING [pickTool:pencil] step: receive_tool
2026-09-30T22:47:38.700 [motion_node] RECEIVED SetState request: STANDBY
2026-09-30T22:47:38.726 [screen_state_node] SENT screen state -> robot_pick_started (display: "ROBOT PICK START")
2026-09-30T22:47:38.735 [motion_node] SENT state STANDBY: OK STANDBY
2026-09-30T22:47:38.765 [pick_tool_node] SENT state -> STANDBY
2026-09-30T22:47:38.782 [pick_tool_node] SENT human notify: place_tool: Place "pencil" in the robot tool link, then press the button.
2026-09-30T22:47:38.795 [pick_tool_node] DOING [pickTool:pencil] step: waiting_for_button
2026-09-30T22:47:50.748 [mark_point_node] RECEIVED push button pressed
2026-09-30T22:47:50.789 [dispatch_node] RECEIVED push button pressed

2026-09-30T22:47:50.804 [pick_tool_node] RECEIVED push button pressed
2026-09-30T22:47:50.819 [pick_tool_node] DOING [pickTool:pencil] step: validating_tool
2026-09-30T22:47:50.902 [motion_node] RECEIVED SetState request: TOOL_CHECK
2026-09-30T22:47:50.930 [pick_tool_node] SENT state -> TOOL_CHECK
OL_CHECK
2026-09-30T22:47:50.970 [pick_tool_node] SENT state -> TOOL_CHECK
2026-09-30T22:47:54.626 [motion_node] RECEIVED SetState request: TOOL_MISSING
2026-09-30T22:47:54.678 [motion_node] SENT state TOOL_MISSING: OK TOOL_MISSING
2026-09-30T22:47:54.776 [pick_tool_node] SENT state -> TOOL_MISSING
2026-09-30T22:47:54.791 [pick_tool_node] SENT human notify: tool_missing: Tool "pencil" not detected. Place it and press the button.
2026-09-30T22:47:55.421 [motion_node] RECEIVED SetState request: TOOL_MISSING
2026-09-30T22:47:55.445 [motion_node] SENT state TOOL_MISSING: OK TOOL_MISSING
2026-09-30T22:47:55.486 [pick_tool_node] SENT state -> TOOL_MISSING
2026-09-30T22:47:55.501 [pick_tool_node] SENT human notify: tool_missing: Tool "pencil" not detected. Place it and press the button.
2026-09-30T22:47:57.012 [draw_line_node] RECEIVED push button pressed

2026-09-30T22:47:57.018 [dispatch_node] RECEIVED push button pressed
2026-09-30T22:47:57.022 [draw_arc_node] RECEIVED push button pressed
2026-09-30T22:47:57.049 [motion_node] RECEIVED SetState request: TOOL_CHECK
2026-09-30T22:47:57.059 [motion_node] RECEIVED SetState request: TOOL_CHECK
2026-09-30T22:47:57.085 [motion_node] SENT state TOOL_CHECK: OK TOOL_CHECK
2026-09-30T22:47:57.128 [pick_tool_node] SENT state -> TOOL_CHECK
2026-09-30T22:47:57.125 [motion_node] SENT state TOOL_CHECK: OK TOOL_CHECK
2026-09-30T22:47:57.170 [pick_tool_node] SENT state -> TOOL_CHECK
2026-09-30T22:48:00.593 [motion_node] RECEIVED SetState request: TOOL_MISSING
2026-09-30T22:48:00.611 [motion_node] SENT state TOOL_MISSING: OK TOOL_MISSING
2026-09-30T22:48:00.632 [pick_tool_node] SENT state -> TOOL_MISSING
2026-09-30T22:48:00.650 [pick_tool_node] SENT human notify: tool_missing: Tool "pencil" not detected. Place it and press the button.
2026-09-30T22:48:01.229 [motion_node] RECEIVED SetState request: TOOL_MISSING
2026-09-30T22:48:01.251 [motion_node] SENT state TOOL_MISSING: OK TOOL_MISSING
2026-09-30T22:48:01.285 [pick_tool_node] SENT state -> TOOL_MISSING
2026-09-30T22:48:01.298 [pick_tool_node] SENT human notify: tool_missing: Tool "pencil" not detected. Place it and press the button.
2026-09-30T22:55:37.950 [grid_node] INFO grid_node using shared camera via /camera/frame
2026-09-30T22:55:38.202 [grid_node] INFO grid_node ready - viewer at http://<this-machine-ip>:8091/, paper_size=A4
2026-09-30T22:55:43.963 [tool_state_node] INFO tool_state_node ready — holding: <none>
2026-09-30T22:55:44.128 [pick_tool_node] INFO pick_tool_node ready — action server on "pick_tool"
2026-09-30T22:55:44.181 [screen_state_node] WARN screen_state_node running in MOCK serial mode - no display Arduino attached
2026-09-30T22:55:44.586 [screen_state_node] INFO screen_state_node ready (mock_serial=True) - serving /screen/set_state
2026-09-30T22:55:44.904 [mark_point_node] INFO mark_point_node ready — action server on "mark_point"
2026-09-30T22:55:45.000 [draw_line_node] INFO draw_line_node ready — action server on "draw_line"
2026-09-30T22:55:45.051 [dispatch_node] INFO dispatch_node ready - listening on /action/dispatch
2026-09-30T22:55:45.441 [draw_arc_node] INFO draw_arc_node ready — action server on "draw_arc"
2026-09-30T22:55:45.518 [pick_and_place_node] INFO pick_and_place_node ready — action server on "pick_and_place"
2026-09-30T22:56:15.982 [dispatch_node] RECEIVED actionId=pick-afa9d5c3 source=robot pairId=pick-afa9d5c3 pairSize=1 payload={'action': 'pick', 'tool': 'pencil'}
2026-09-30T22:56:16.449 [screen_state_node] RECEIVED SetScreenState request: state="robot_pick_started" detail={"source": "robot", "payload": {"action": "pick", "tool": "pencil"}}
2026-09-30T22:56:16.494 [motion_node] RECEIVED SetState request: BOOT
2026-09-30T22:56:16.571 [screen_state_node] SENT screen state -> robot_pick_started (display: "ROBOT PICK START")
2026-09-30T22:56:23.164 [motion_node] SENT state BOOT: OK BOOT
2026-09-30T22:56:23.261 [dispatch_node] SENT state -> BOOT
2026-09-30T22:56:23.285 [dispatch_node] DOING routing robot action "pick"
2026-09-30T22:56:23.353 [dispatch_node] SENT pick goal: nexus_interfaces.action.PickTool_Goal(target_object='pencil')
2026-09-30T22:56:23.732 [pick_tool_node] RECEIVED PickTool goal: pencil
2026-09-30T22:56:23.744 [pick_tool_node] DOING [pickTool:pencil] step: receive_tool
2026-09-30T22:56:23.777 [motion_node] RECEIVED SetState request: STANDBY
2026-09-30T22:56:23.793 [motion_node] SENT state STANDBY: OK STANDBY
2026-09-30T22:56:23.818 [pick_tool_node] SENT state -> STANDBY
2026-09-30T22:56:23.838 [pick_tool_node] SENT human notify: place_tool: Place "pencil" in the robot tool link, then press the button.
2026-09-30T22:56:23.859 [pick_tool_node] DOING [pickTool:pencil] step: waiting_for_button
2026-09-30T22:58:38.531 [motion_node] RECEIVED SetState request: BOOT
2026-09-30T22:58:45.161 [motion_node] SENT state BOOT: OK BOOT
2026-09-30T22:59:08.923 [dispatch_node] RECEIVED actionId=pick-048d1154 source=robot pairId=pick-048d1154 pairSize=1 payload={'action': 'pick', 'tool': 'pencil'}
2026-09-30T22:59:08.960 [dispatch_node] DOING routing robot action "pick"
2026-09-30T22:59:09.030 [dispatch_node] SENT pick goal: nexus_interfaces.action.PickTool_Goal(target_object='pencil')
2026-09-30T22:59:09.195 [screen_state_node] RECEIVED SetScreenState request: state="robot_pick_started" detail={"source": "robot", "payload": {"action": "pick", "tool": "pencil"}}
2026-09-30T22:59:09.282 [pick_tool_node] RECEIVED PickTool goal: pencil
2026-09-30T22:59:09.310 [pick_tool_node] DOING [pickTool:pencil] step: receive_tool
2026-09-30T22:59:09.321 [screen_state_node] SENT screen state -> robot_pick_started (display: "ROBOT PICK START")
2026-09-30T22:59:09.380 [motion_node] RECEIVED SetState request: STANDBY
2026-09-30T22:59:09.406 [motion_node] SENT state STANDBY: OK STANDBY
2026-09-30T22:59:09.441 [pick_tool_node] SENT state -> STANDBY
2026-09-30T22:59:09.463 [pick_tool_node] SENT human notify: place_tool: Place "pencil" in the robot tool link, then press the button.
2026-09-30T22:59:09.482 [pick_tool_node] DOING [pickTool:pencil] step: waiting_for_button
2026-09-30T22:59:16.320 [dispatch_node] RECEIVED push button pressed
2026-09-30T22:59:16.325 [pick_tool_node] RECEIVED push button pressed
2026-09-30T22:59:16.373 [pick_tool_node] DOING [pickTool:pencil] step: validating_tool
2026-09-30T22:59:16.432 [motion_node] RECEIVED SetState request: TOOL_CHECK
2026-09-30T22:59:16.556 [motion_node] SENT state TOOL_CHECK: OK TOOL_CHECK

2026-09-30T22:59:16.601 [motion_node] SENT state TOOL_CHECK: OK TOOL_CHECK
2026-09-30T22:59:16.655 [pick_tool_node] SENT state -> TOOL_CHECK
2026-09-30T22:59:16.584 [draw_line_node] RECEIVED push button pressed
2026-09-30T22:59:16.691 [pick_tool_node] SENT state -> TOOL_CHECK
2026-09-30T22:59:16.818 [mark_point_node] RECEIVED push button pressed
2026-09-30T22:59:26.745 [pick_tool_node] ERROR [pickTool:pencil] failed: timed out waiting for /vision/detect_object
2026-09-30T22:59:26.840 [motion_node] RECEIVED SetState request: STANDBY
2026-09-30T22:59:26.873 [motion_node] SENT state STANDBY: OK STANDBY
2026-09-30T22:59:26.883 [motion_node] SENT state STANDBY: OK STANDBY
2026-09-30T22:59:26.991 [pick_tool_node] SENT state -> STANDBY
2026-09-30T22:59:27.128 [dispatch_node] RECEIVED pick result: success=False message="timed out waiting for /vision/detect_object"
2026-09-30T22:59:27.173 [dispatch_node] SENT completion for actionId=pick-048d1154 source=robot result={'ok': False, 'action': 'pick', 'message': 'timed out waiting for /vision/detect_object'}
2026-09-30T22:59:27.206 [dispatch_node] SENT completion for actionId=pick-afa9d5c3 source=robot result={'ok': False, 'action': 'pick', 'message': 'timed out waiting for /vision/detect_object'}
2026-09-30T22:59:47.601 [dispatch_node] RECEIVED push button pressed

2026-09-30T22:59:47.643 [draw_line_node] RECEIVED push button pressed

2026-09-30T22:59:56.819 [mark_point_node] RECEIVED push button pressed
26-09-30T22:59:56.825 [pick_tool_node] RECEIVED push button pressed
2026-09-30T22:59:56.833 [dispatch_node] RECEIVED push button pressed
2026-09-30T22:59:56.855 [draw_line_node] RECEIVED push button pressed
2026-09-30T23:00:07.740 [draw_line_node] RECEIVED push button pressed

2026-09-30T23:00:07.768 [pick_tool_node] RECEIVED push button pressed
2026-09-30T23:00:40.384 [dispatch_node] RECEIVED actionId=pick-01532daf source=robot pairId=pick-01532daf pairSize=1 payload={'action': 'pick', 'tool': 'PENCIL'}
2026-09-30T23:00:40.427 [dispatch_node] DOING routing robot action "pick"
2026-09-30T23:00:40.485 [dispatch_node] SENT pick goal: nexus_interfaces.action.PickTool_Goal(target_object='PENCIL')
2026-09-30T23:00:40.513 [screen_state_node] RECEIVED SetScreenState request: state="robot_pick_started" detail={"source": "robot", "payload": {"action": "pick", "tool": "PENCIL"}}
2026-09-30T23:00:40.609 [pick_tool_node] RECEIVED PickTool goal: PENCIL
2026-09-30T23:00:40.643 [pick_tool_node] DOING [pickTool:PENCIL] step: receive_tool
2026-09-30T23:00:40.666 [motion_node] RECEIVED SetState request: STANDBY
ck_started (display: "ROBOT PICK START")
2026-09-30T23:00:40.707 [motion_node] SENT state STANDBY: OK STANDBY
2026-09-30T23:00:40.744 [pick_tool_node] SENT state -> STANDBY
2026-09-30T23:00:40.758 [pick_tool_node] SENT human notify: place_tool: Place "PENCIL" in the robot tool link, then press the button.
2026-09-30T23:00:40.781 [pick_tool_node] DOING [pickTool:PENCIL] step: waiting_for_button
2026-09-30T23:00:53.919 [pick_tool_node] DOING [pickTool:PENCIL] step: validating_tool
2026-09-30T23:00:53.902 [dispatch_node] RECEIVED push button pressed
2026-09-30T23:00:53.945 [mark_point_node] RECEIVED push button pressed
2026-09-30T23:00:53.951 [draw_line_node] RECEIVED push button pressed
2026-09-30T23:00:53.958 [draw_arc_node] RECEIVED push button pressed
2026-09-30T23:00:53.987 [motion_node] RECEIVED SetState request: TOOL_CHECK
2026-09-30T23:00:54.005 [motion_node] SENT state TOOL_CHECK: OK TOOL_CHECK
2026-09-30T23:00:54.025 [pick_tool_node] SENT state -> TOOL_CHECK
2026-09-30T23:00:57.263 [motion_node] RECEIVED SetState request: TOOL_MISSING
2026-09-30T23:00:57.296 [motion_node] SENT state TOOL_MISSING: OK TOOL_MISSING
2026-09-30T23:00:57.338 [pick_tool_node] SENT state -> TOOL_MISSING
2026-09-30T23:00:57.351 [pick_tool_node] SENT human notify: tool_missing: Tool "PENCIL" not detected. Place it and press the button.
2026-09-30T23:02:02.352 [dispatch_node] RECEIVED actionId=pick-69498b93 source=robot pairId=pick-69498b93 pairSize=1 payload={'action': 'pick', 'tool': 'pencil'}
2026-09-30T23:02:02.387 [dispatch_node] DOING routing robot action "pick"
2026-09-30T23:02:02.419 [dispatch_node] SENT pick goal: nexus_interfaces.action.PickTool_Goal(target_object='pencil')
2026-09-30T23:02:02.544 [screen_state_node] RECEIVED SetScreenState request: state="robot_pick_started" detail={"source": "robot", "payload": {"action": "pick", "tool": "pencil"}}
2026-09-30T23:02:02.587 [pick_tool_node] RECEIVED PickTool goal: pencil
2026-09-30T23:02:02.628 [pick_tool_node] DOING [pickTool:pencil] step: receive_tool
2026-09-30T23:02:02.683 [screen_state_node] SENT screen state -> robot_pick_started (display: "ROBOT PICK START")
2026-09-30T23:02:02.703 [motion_node] RECEIVED SetState request: STANDBY
2026-09-30T23:02:02.792 [motion_node] SENT state STANDBY: OK STANDBY
2026-09-30T23:02:03.004 [pick_tool_node] SENT state -> STANDBY
2026-09-30T23:02:03.080 [pick_tool_node] SENT human notify: place_tool: Place "pencil" in the robot tool link, then press the button.
2026-09-30T23:02:03.135 [pick_tool_node] DOING [pickTool:pencil] step: waiting_for_button
2026-09-30T23:02:17.045 [dispatch_node] RECEIVED push button pressed
2026-09-30T23:02:17.067 [pick_tool_node] DOING [pickTool:pencil] step: validating_tool
2026-09-30T23:02:17.083 [motion_node] RECEIVED SetState request: TOOL_CHECK
2026-09-30T23:02:17.105 [draw_arc_node] RECEIVED push button pressed
2026-09-30T23:02:17.146 [motion_node] RECEIVED SetState request: TOOL_CHECK
2026-09-30T23:02:17.105 [draw_line_node] RECEIVED push button pressed
2026-09-30T23:02:17.149 [mark_point_node] RECEIVED push button pressed
2026-09-30T23:02:17.176 [motion_node] SENT state TOOL_CHECK: OK TOOL_CHECK
2026-09-30T23:02:17.192 [motion_node] SENT state TOOL_CHECK: OK TOOL_CHECK
2026-09-30T23:02:17.204 [pick_tool_node] SENT state -> TOOL_CHECK
2026-09-30T23:02:17.232 [pick_tool_node] SENT state -> TOOL_CHECK
2026-09-30T23:02:23.884 [motion_node] RECEIVED SetState request: TOOL_MISSING
2026-09-30T23:02:23.924 [motion_node] SENT state TOOL_MISSING: OK TOOL_MISSING
2026-09-30T23:02:23.953 [pick_tool_node] SENT state -> TOOL_MISSING
2026-09-30T23:02:23.978 [pick_tool_node] SENT human notify: tool_missing: Tool "pencil" not detected. Place it and press the button.
2026-09-30T23:02:25.520 [motion_node] RECEIVED SetState request: TOOL_MISSING
2026-09-30T23:02:25.548 [motion_node] SENT state TOOL_MISSING: OK TOOL_MISSING
2026-09-30T23:02:25.576 [pick_tool_node] SENT state -> TOOL_MISSING
2026-09-30T23:02:25.598 [pick_tool_node] SENT human notify: tool_missing: Tool "PENCIL" not detected. Place it and press the button.
2026-09-30T23:02:37.260 [pick_tool_node] RECEIVED push button pressed
2026-09-30T23:02:37.274 [dispatch_node] RECEIVED push button pressed
2026-09-30T23:02:37.271 [mark_point_node] RECEIVED push button pressed
2026-09-30T23:02:37.279 [draw_line_node] RECEIVED push button pressed
2026-09-30T23:02:37.287 [motion_node] RECEIVED SetState request: TOOL_CHECK
2026-09-30T23:02:37.312 [motion_node] RECEIVED SetState request: TOOL_CHECK
2026-09-30T23:02:37.334 [motion_node] SENT state TOOL_CHECK: OK TOOL_CHECK
2026-09-30T23:02:37.350 [motion_node] SENT state TOOL_CHECK: OK TOOL_CHECK
2026-09-30T23:02:37.365 [pick_tool_node] SENT state -> TOOL_CHECK
2026-09-30T23:02:37.392 [pick_tool_node] SENT state -> TOOL_CHECK
2026-09-30T23:02:41.811 [motion_node] RECEIVED SetState request: TOOL_MISSING
2026-09-30T23:02:41.836 [motion_node] SENT state TOOL_MISSING: OK TOOL_MISSING
2026-09-30T23:02:41.873 [pick_tool_node] SENT state -> TOOL_MISSING
2026-09-30T23:02:41.886 [pick_tool_node] SENT human notify: tool_missing: Tool "PENCIL" not detected. Place it and press the button.
2026-09-30T23:02:42.447 [motion_node] RECEIVED SetState request: TOOL_MISSING
2026-09-30T23:02:42.465 [motion_node] SENT state TOOL_MISSING: OK TOOL_MISSING
2026-09-30T23:02:42.489 [pick_tool_node] SENT state -> TOOL_MISSING
2026-09-30T23:02:42.504 [pick_tool_node] SENT human notify: tool_missing: Tool "pencil" not detected. Place it and press the button.
2026-09-30T23:02:45.818 [mark_point_node] RECEIVED push button pressed
2026-09-30T23:02:45.836 [dispatch_node] RECEIVED push button pressed
2026-09-30T23:02:45.841 [pick_tool_node] RECEIVED push button pressed
2026-09-30T23:02:45.857 [draw_arc_node] RECEIVED push button pressed
2026-09-30T23:02:45.866 [motion_node] RECEIVED SetState request: TOOL_CHECK
2026-09-30T23:02:45.866 [motion_node] RECEIVED SetState request: TOOL_CHECK
2026-09-30T23:02:45.898 [motion_node] SENT state TOOL_CHECK: OK TOOL_CHECK
2026-09-30T23:02:45.927 [motion_node] SENT state TOOL_CHECK: OK TOOL_CHECK
2026-09-30T23:02:45.944 [pick_tool_node] SENT state -> TOOL_CHECK
2026-09-30T23:02:45.969 [pick_tool_node] SENT state -> TOOL_CHECK
2026-09-30T23:02:49.629 [motion_node] RECEIVED SetState request: TOOL_MISSING
2026-09-30T23:02:49.670 [motion_node] SENT state TOOL_MISSING: OK TOOL_MISSING
2026-09-30T23:02:49.722 [pick_tool_node] SENT state -> TOOL_MISSING
2026-09-30T23:02:49.765 [pick_tool_node] SENT human notify: tool_missing: Tool "PENCIL" not detected. Place it and press the button.
2026-09-30T23:02:50.703 [motion_node] RECEIVED SetState request: TOOL_MISSING
2026-09-30T23:02:50.737 [motion_node] SENT state TOOL_MISSING: OK TOOL_MISSING
2026-09-30T23:02:50.780 [pick_tool_node] SENT state -> TOOL_MISSING
2026-09-30T23:02:50.816 [pick_tool_node] SENT human notify: tool_missing: Tool "pencil" not detected. Place it and press the button.
2026-09-30T23:02:56.880 [pick_tool_node] RECEIVED push button pressed
2026-09-30T23:02:56.886 [draw_line_node] RECEIVED push button pressed
CHECK
2026-09-30T23:02:56.881 [dispatch_node] RECEIVED push button pressed
2026-09-30T23:02:56.913 [mark_point_node] RECEIVED push button pressed
2026-09-30T23:02:56.911 [motion_node] RECEIVED SetState request: TOOL_CHECK
2026-09-30T23:02:56.959 [motion_node] SENT state TOOL_CHECK: OK TOOL_CHECK
2026-09-30T23:02:56.971 [motion_node] SENT state TOOL_CHECK: OK TOOL_CHECK
2026-09-30T23:02:57.008 [pick_tool_node] SENT state -> TOOL_CHECK
2026-09-30T23:02:57.021 [pick_tool_node] SENT state -> TOOL_CHECK
2026-09-30T23:03:01.253 [motion_node] RECEIVED SetState request: TOOL_MISSING
2026-09-30T23:03:01.362 [motion_node] SENT state TOOL_MISSING: OK TOOL_MISSING
2026-09-30T23:03:01.427 [pick_tool_node] SENT state -> TOOL_MISSING
2026-09-30T23:03:01.441 [pick_tool_node] SENT human notify: tool_missing: Tool "PENCIL" not detected. Place it and press the button.
2026-09-30T23:03:02.082 [motion_node] RECEIVED SetState request: TOOL_MISSING
2026-09-30T23:03:02.100 [motion_node] SENT state TOOL_MISSING: OK TOOL_MISSING
2026-09-30T23:03:02.123 [pick_tool_node] SENT state -> TOOL_MISSING
2026-09-30T23:03:02.141 [pick_tool_node] SENT human notify: tool_missing: Tool "pencil" not detected. Place it and press the button.
2026-09-30T23:03:05.373 [pick_tool_node] RECEIVED push button pressed

2026-09-30T23:03:05.374 [draw_line_node] RECEIVED push button pressed
2026-09-30T23:03:05.391 [draw_arc_node] RECEIVED push button pressed
2026-09-30T23:03:05.396 [dispatch_node] RECEIVED push button pressed
2026-09-30T23:03:05.401 [motion_node] RECEIVED SetState request: TOOL_CHECK
2026-09-30T23:03:05.422 [motion_node] RECEIVED SetState request: TOOL_CHECK
2026-09-30T23:03:05.431 [motion_node] SENT state TOOL_CHECK: OK TOOL_CHECK
2026-09-30T23:03:05.459 [motion_node] SENT state TOOL_CHECK: OK TOOL_CHECK
2026-09-30T23:03:05.478 [pick_tool_node] SENT state -> TOOL_CHECK
2026-09-30T23:03:05.492 [pick_tool_node] SENT state -> TOOL_CHECK
2026-09-30T23:03:09.092 [motion_node] RECEIVED SetState request: TOOL_MISSING
2026-09-30T23:03:09.137 [motion_node] SENT state TOOL_MISSING: OK TOOL_MISSING
2026-09-30T23:03:09.172 [pick_tool_node] SENT state -> TOOL_MISSING
2026-09-30T23:03:09.220 [pick_tool_node] SENT human notify: tool_missing: Tool "pencil" not detected. Place it and press the button.
2026-09-30T23:03:09.817 [motion_node] RECEIVED SetState request: TOOL_MISSING
2026-09-30T23:03:09.840 [motion_node] SENT state TOOL_MISSING: OK TOOL_MISSING
2026-09-30T23:03:09.871 [pick_tool_node] SENT state -> TOOL_MISSING
2026-09-30T23:03:09.886 [pick_tool_node] SENT human notify: tool_missing: Tool "PENCIL" not detected. Place it and press the button.
2026-09-30T23:03:12.081 [pick_tool_node] RECEIVED push button pressed22026-09-30T23:03:12.134 [motion_node] RECEIVED SetState request: TOOL_CHECK
2026-09-30T23:03:12.155 [motion_node] SENT state TOOL_CHECK: OK TOOL_CHECK
2026-09-30T23:03:12.170 [motion_node] SENT state TOOL_CHECK: OK TOOL_CHECK
2026-09-30T23:03:12.198 [pick_tool_node] SENT state -> TOOL_CHECK
2026-09-30T23:03:12.225 [pick_tool_node] SENT state -> TOOL_CHECK
2026-09-30T23:03:15.320 [motion_node] RECEIVED SetState request: TOOL_MISSING
2026-09-30T23:03:15.362 [motion_node] SENT state TOOL_MISSING: OK TOOL_MISSING
2026-09-30T23:03:15.414 [pick_tool_node] SENT state -> TOOL_MISSING
2026-09-30T23:03:15.431 [pick_tool_node] SENT human notify: tool_missing: Tool "pencil" not detected. Place it and press the button.
2026-09-30T23:03:16.212 [motion_node] RECEIVED SetState request: TOOL_MISSING
2026-09-30T23:03:16.234 [motion_node] SENT state TOOL_MISSING: OK TOOL_MISSING
2026-09-30T23:03:16.259 [pick_tool_node] SENT state -> TOOL_MISSING
2026-09-30T23:03:16.269 [pick_tool_node] SENT human notify: tool_missing: Tool "PENCIL" not detected. Place it and press the button.
2026-09-30T23:03:19.721 [dispatch_node] RECEIVED push button pressed
2026-09-30T23:03:19.740 [mark_point_node] RECEIVED push button pressed2026-09-30T23:03:19.740 [draw_arc_node] RECEIVED push button pressed
2026-09-30T23:03:19.756 [draw_line_node] RECEIVED push button pressed
CHECK
2026-09-30T23:03:19.790 [motion_node] RECEIVED SetState request: TOOL_CHECK
2026-09-30T23:03:19.796 [motion_node] SENT state TOOL_CHECK: OK TOOL_CHECK
2026-09-30T23:03:19.819 [motion_node] SENT state TOOL_CHECK: OK TOOL_CHECK
2026-09-30T23:03:19.861 [pick_tool_node] SENT state -> TOOL_CHECK
2026-09-30T23:03:23.530 [motion_node] RECEIVED SetState request: TOOL_MISSING
2026-09-30T23:03:23.563 [motion_node] SENT state TOOL_MISSING: OK TOOL_MISSING
2026-09-30T23:03:23.584 [pick_tool_node] SENT state -> TOOL_MISSING
2026-09-30T23:03:23.600 [pick_tool_node] SENT human notify: tool_missing: Tool "PENCIL" not detected. Place it and press the button.
2026-09-30T23:03:24.146 [motion_node] RECEIVED SetState request: TOOL_MISSING
2026-09-30T23:03:24.166 [motion_node] SENT state TOOL_MISSING: OK TOOL_MISSING
2026-09-30T23:03:24.213 [pick_tool_node] SENT state -> TOOL_MISSING
2026-09-30T23:03:24.224 [pick_tool_node] SENT human notify: tool_missing: Tool "pencil" not detected. Place it and press the button.
2026-09-30T23:03:28.968 [pick_tool_node] RECEIVED push button pressed
2026-09-30T23:03:28.989 [dispatch_node] RECEIVED push button pressed
2026-09-30T23:03:28.992 [draw_line_node] RECEIVED push button pressed
2026-09-30T23:03:28.996 [mark_point_node] RECEIVED push button pressed
2026-09-30T23:03:28.998 [draw_arc_node] RECEIVED push button pressed
2026-09-30T23:03:29.039 [motion_node] RECEIVED SetState request: TOOL_CHECK
2026-09-30T23:03:29.056 [motion_node] RECEIVED SetState request: TOOL_CHECK
2026-09-30T23:03:29.086 [motion_node] SENT state TOOL_CHECK: OK TOOL_CHECK
2026-09-30T23:03:29.098 [motion_node] SENT state TOOL_CHECK: OK TOOL_CHECK
2026-09-30T23:03:29.120 [pick_tool_node] SENT state -> TOOL_CHECK
2026-09-30T23:03:29.132 [pick_tool_node] SENT state -> TOOL_CHECK
2026-09-30T23:03:32.454 [motion_node] RECEIVED SetState request: TOOL_MISSING
2026-09-30T23:03:32.492 [motion_node] SENT state TOOL_MISSING: OK TOOL_MISSING
2026-09-30T23:03:32.539 [pick_tool_node] SENT state -> TOOL_MISSING
2026-09-30T23:03:32.584 [pick_tool_node] SENT human notify: tool_missing: Tool "pencil" not detected. Place it and press the button.
2026-09-30T23:03:33.238 [motion_node] RECEIVED SetState request: TOOL_MISSING
2026-09-30T23:03:33.255 [motion_node] SENT state TOOL_MISSING: OK TOOL_MISSING
2026-09-30T23:03:33.306 [pick_tool_node] SENT state -> TOOL_MISSING
2026-09-30T23:03:33.314 [pick_tool_node] SENT human notify: tool_missing: Tool "PENCIL" not detected. Place it and press the button.
2026-09-30T23:03:37.297 [motion_node] RECEIVED SetState request: TOOL_CHECK
2026-09-30T23:03:37.310 [dispatch_node] RECEIVED push button pressed
2026-09-30T23:03:37.328 [mark_point_node] RECEIVED push button pressed
2026-09-30T23:03:37.297 [pick_tool_node] RECEIVED push button pressed
2026-09-30T23:03:37.353 [motion_node] RECEIVED SetState request: TOOL_CHECK
2026-09-30T23:03:37.377 [pick_tool_node] SENT state -> TOOL_CHECK
2026-09-30T23:03:37.375 [motion_node] SENT state TOOL_CHECK: OK TOOL_CHECK
2026-09-30T23:03:37.422 [pick_tool_node] SENT state -> TOOL_CHECK
2026-09-30T23:03:41.297 [motion_node] RECEIVED SetState request: TOOL_MISSING
2026-09-30T23:03:41.395 [motion_node] SENT state TOOL_MISSING: OK TOOL_MISSING
2026-09-30T23:03:41.474 [pick_tool_node] SENT state -> TOOL_MISSING
2026-09-30T23:03:41.571 [pick_tool_node] SENT human notify: tool_missing: Tool "pencil" not detected. Place it and press the button.
2026-09-30T23:03:42.323 [motion_node] RECEIVED SetState request: TOOL_MISSING
2026-09-30T23:03:42.345 [motion_node] SENT state TOOL_MISSING: OK TOOL_MISSING
2026-09-30T23:03:42.385 [pick_tool_node] SENT state -> TOOL_MISSING
2026-09-30T23:03:42.401 [pick_tool_node] SENT human notify: tool_missing: Tool "PENCIL" not detected. Place it and press the button.
2026-09-30T23:03:44.449 [motion_node] RECEIVED SetState request: TOOL2026-09-30T23:03:44.449 [pick_tool_node] RECEIVED push button pressed
2026-09-30T23:03:44.470 [mark_point_node] RECEIVED push button pressed
2026-09-30T23:03:44.503 [motion_node] SENT state TOOL_CHECK: OK TOOL_CHECK

2026-09-30T23:03:44.542 [motion_node] SENT state TOOL_CHECK: OK TOOL_CHECK
2026-09-30T23:03:44.552 [pick_tool_node] SENT state -> TOOL_CHECK
2026-09-30T23:03:44.583 [pick_tool_node] SENT state -> TOOL_CHECK
2026-09-30T23:03:48.075 [motion_node] RECEIVED SetState request: TOOL_MISSING
2026-09-30T23:03:48.100 [motion_node] SENT state TOOL_MISSING: OK TOOL_MISSING
2026-09-30T23:03:48.129 [pick_tool_node] SENT state -> TOOL_MISSING
2026-09-30T23:03:48.154 [pick_tool_node] SENT human notify: tool_missing: Tool "pencil" not detected. Place it and press the button.
2026-09-30T23:03:48.705 [motion_node] RECEIVED SetState request: TOOL_MISSING
2026-09-30T23:03:48.727 [motion_node] SENT state TOOL_MISSING: OK TOOL_MISSING
2026-09-30T23:03:48.757 [pick_tool_node] SENT state -> TOOL_MISSING
2026-09-30T23:03:48.782 [pick_tool_node] SENT human notify: tool_missing: Tool "PENCIL" not detected. Place it and press the button.
2026-09-30T23:03:51.194 [dispatch_node] RECEIVED push button pressed
2026-09-30T23:03:51.218 [motion_node] RECEIVED SetState request: TOOL_CHECK
2026-09-30T23:03:51.232 [draw_line_node] RECEIVED push button pressed

2026-09-30T23:03:51.267 [motion_node] SENT state TOOL_CHECK: OK TOOL_CHECK
2026-09-30T23:03:51.268 [motion_node] RECEIVED SetState request: TOOL_CHECK
2026-09-30T23:03:51.304 [pick_tool_node] SENT state -> TOOL_CHECK
OL_CHECK
2026-09-30T23:03:51.339 [pick_tool_node] SENT state -> TOOL_CHECK
2026-09-30T23:03:54.959 [motion_node] RECEIVED SetState request: TOOL_MISSING
2026-09-30T23:03:55.022 [motion_node] SENT state TOOL_MISSING: OK TOOL_MISSING
2026-09-30T23:03:55.115 [pick_tool_node] SENT state -> TOOL_MISSING
2026-09-30T23:03:55.151 [pick_tool_node] SENT human notify: tool_missing: Tool "PENCIL" not detected. Place it and press the button.
2026-09-30T23:03:55.652 [motion_node] RECEIVED SetState request: TOOL_MISSING
2026-09-30T23:03:55.679 [motion_node] SENT state TOOL_MISSING: OK TOOL_MISSING
2026-09-30T23:03:55.709 [pick_tool_node] SENT state -> TOOL_MISSING
2026-09-30T23:03:55.726 [pick_tool_node] SENT human notify: tool_missing: Tool "pencil" not detected. Place it and press the button.
2026-09-30T23:08:44.493 [grid_node] INFO grid_node using shared camera via /camera/frame
2026-09-30T23:08:44.790 [grid_node] INFO grid_node ready - viewer at http://<this-machine-ip>:8091/, paper_size=A4
2026-09-30T23:08:52.480 [screen_state_node] WARN screen_state_node running in MOCK serial mode - no display Arduino attached
2026-09-30T23:08:52.619 [screen_state_node] INFO screen_state_node ready (mock_serial=True) - serving /screen/set_state
2026-09-30T23:08:55.210 [draw_arc_node] INFO draw_arc_node ready — action server on "draw_arc"
2026-09-30T23:08:55.879 [mark_point_node] INFO mark_point_node ready — action server on "mark_point"
2026-09-30T23:08:55.919 [pick_and_place_node] INFO pick_and_place_node ready — action server on "pick_and_place"
2026-09-30T23:08:56.710 [draw_line_node] INFO draw_line_node ready — action server on "draw_line"
2026-09-30T23:08:57.030 [dispatch_node] INFO dispatch_node ready - listening on /action/dispatch
2026-09-30T23:08:59.899 [dispatch_node] RECEIVED actionId=pick-9fc66745 source=robot pairId=pick-9fc66745 pairSize=1 payload={'action': 'pick', 'tool': 'pencil'}
2026-09-30T23:08:59.952 [motion_node] RECEIVED SetState request: BOOT
quest: state="robot_pick_started" detail={"source": "robot", "payload": {"action": "pick", "tool": "pencil"}}
2026-09-30T23:09:00.068 [screen_state_node] SENT screen state -> robot_pick_started (display: "ROBOT PICK START")
2026-09-30T23:09:06.626 [motion_node] SENT state BOOT: OK BOOT
2026-09-30T23:09:06.735 [dispatch_node] SENT state -> BOOT
2026-09-30T23:09:06.790 [dispatch_node] DOING routing robot action "pick"
2026-09-30T23:09:06.847 [dispatch_node] SENT pick goal: nexus_interfaces.action.PickTool_Goal(target_object='pencil')
2026-09-30T23:09:06.905 [pick_tool_node] RECEIVED PickTool goal: pencil
2026-09-30T23:09:06.939 [pick_tool_node] DOING [pickTool:pencil] step: receive_tool
2026-09-30T23:09:06.965 [motion_node] RECEIVED SetState request: STANDBY
2026-09-30T23:09:06.993 [motion_node] SENT state STANDBY: OK STANDBY
2026-09-30T23:09:07.025 [pick_tool_node] SENT state -> STANDBY
2026-09-30T23:09:07.045 [pick_tool_node] SENT human notify: place_tool: Place "pencil" in the robot tool link, then press the button.
2026-09-30T23:09:07.076 [pick_tool_node] DOING [pickTool:pencil] step: waiting_for_button
2026-09-30T23:09:32.489 [pick_tool_node] RECEIVED push button pressed
 validating_tool
2026-09-30T23:09:32.478 [dispatch_node] RECEIVED push button pressed
2026-09-30T23:09:32.716 [mark_point_node] RECEIVED push button pressed
2026-09-30T23:09:32.909 [draw_arc_node] RECEIVED push button pressed
2026-09-30T23:09:33.287 [draw_line_node] RECEIVED push button pressed
CHECK
2026-09-30T23:09:33.442 [motion_node] SENT state TOOL_CHECK: OK TOOL_CHECK
2026-09-30T23:09:33.839 [pick_tool_node] SENT state -> TOOL_CHECK
2026-09-30T23:09:48.281 [pick_tool_node] ERROR [pickTool:pencil] failed: timed out waiting for /vision/detect_object
2026-09-30T23:09:48.421 [motion_node] RECEIVED SetState request: STANDBY
2026-09-30T23:09:48.518 [motion_node] SENT state STANDBY: OK STANDBY
2026-09-30T23:09:48.666 [pick_tool_node] SENT state -> STANDBY
2026-09-30T23:09:48.816 [dispatch_node] RECEIVED pick result: success=False message="timed out waiting for /vision/detect_object"
2026-09-30T23:09:48.869 [dispatch_node] SENT completion for actionId=pick-9fc66745 source=robot result={'ok': False, 'action': 'pick', 'message': 'timed out waiting for /vision/detect_object'}
2026-09-30T23:09:57.696 [pick_tool_node] RECEIVED push button pressed
2026-09-30T23:09:57.714 [dispatch_node] RECEIVED push button pressed
2026-09-30T23:09:57.752 [draw_arc_node] RECEIVED push button pressed
2026-09-30T23:09:57.767 [draw_line_node] RECEIVED push button pressed

2026-09-30T23:10:00.047 [pick_tool_node] RECEIVED push button pressed
2026-09-30T23:10:00.067 [draw_arc_node] RECEIVED push button pressed
2026-09-30T23:10:00.079 [mark_point_node] RECEIVED push button pressed
2026-09-30T23:10:01.071 [draw_arc_node] RECEIVED push button pressed
2026-09-30T23:10:01.075 [draw_line_node] RECEIVED push button pressed
2026-09-30T23:10:01.097 [dispatch_node] RECEIVED push button pressed
d
2026-09-30T23:10:02.148 [draw_arc_node] RECEIVED push button pressed

2026-09-30T23:10:02.160 [pick_tool_node] RECEIVED push button pressed

2026-09-30T23:10:13.040 [dispatch_node] RECEIVED actionId=pick-39ac71dc source=robot pairId=pick-39ac71dc pairSize=1 payload={'action': 'pick', 'tool': 'pencil'}
2026-09-30T23:10:13.064 [dispatch_node] DOING routing robot action "pick"
2026-09-30T23:10:13.108 [dispatch_node] SENT pick goal: nexus_interfaces.action.PickTool_Goal(target_object='pencil')
2026-09-30T23:10:13.171 [pick_tool_node] RECEIVED PickTool goal: pencil
2026-09-30T23:10:13.204 [pick_tool_node] DOING [pickTool:pencil] step: receive_tool
2026-09-30T23:10:13.227 [motion_node] RECEIVED SetState request: STANDBY
2026-09-30T23:10:13.251 [motion_node] SENT state STANDBY: OK STANDBY
2026-09-30T23:10:13.306 [pick_tool_node] SENT state -> STANDBY
2026-09-30T23:10:13.327 [pick_tool_node] SENT human notify: place_tool: Place "pencil" in the robot tool link, then press the button.
2026-09-30T23:10:13.351 [pick_tool_node] DOING [pickTool:pencil] step: waiting_for_button
2026-09-30T23:10:13.466 [screen_state_node] RECEIVED SetScreenState request: state="robot_pick_started" detail={"source": "robot", "payload": {"action": "pick", "tool": "pencil"}}
2026-09-30T23:10:13.573 [screen_state_node] SENT screen state -> robot_pick_started (display: "ROBOT PICK START")
2026-09-30T23:10:14.713 [draw_arc_node] RECEIVED push button pressed
2026-09-30T23:10:14.717 [draw_line_node] RECEIVED push button pressed

2026-09-30T23:10:14.709 [pick_tool_node] RECEIVED push button pressed
2026-09-30T23:10:14.749 [pick_tool_node] DOING [pickTool:pencil] step: validating_tool
2026-09-30T23:10:14.761 [dispatch_node] RECEIVED push button pressed
2026-09-30T23:10:14.776 [motion_node] RECEIVED SetState request: TOOL_CHECK
2026-09-30T23:10:14.803 [motion_node] SENT state TOOL_CHECK: OK TOOL_CHECK
2026-09-30T23:10:14.835 [pick_tool_node] SENT state -> TOOL_CHECK
2026-09-30T23:10:18.258 [motion_node] RECEIVED SetState request: TOOL_MISSING
2026-09-30T23:10:18.312 [motion_node] SENT state TOOL_MISSING: OK TOOL_MISSING
2026-09-30T23:10:18.341 [pick_tool_node] SENT state -> TOOL_MISSING
2026-09-30T23:10:18.378 [pick_tool_node] SENT human notify: tool_missing: Tool "pencil" not detected. Place it and press the button.
2026-09-30T23:10:25.636 [dispatch_node] RECEIVED push button pressed

2026-09-30T23:10:25.640 [draw_arc_node] RECEIVED push button pressed
2026-09-30T23:10:25.661 [mark_point_node] RECEIVED push button pressed
2026-09-30T23:10:25.692 [motion_node] RECEIVED SetState request: TOOL_CHECK
2026-09-30T23:10:25.712 [motion_node] SENT state TOOL_CHECK: OK TOOL_CHECK
2026-09-30T23:10:25.749 [pick_tool_node] SENT state -> TOOL_CHECK
2026-09-30T23:10:30.060 [motion_node] RECEIVED SetState request: TOOL_MISSING
2026-09-30T23:10:30.087 [motion_node] SENT state TOOL_MISSING: OK TOOL_MISSING
2026-09-30T23:10:30.119 [pick_tool_node] SENT state -> TOOL_MISSING
2026-09-30T23:10:30.127 [pick_tool_node] SENT human notify: tool_missing: Tool "pencil" not detected. Place it and press the button.
2026-09-30T23:10:33.732 [pick_tool_node] RECEIVED push button pressed
2026-09-30T23:10:33.741 [mark_point_node] RECEIVED push button pressed
2026-09-30T23:10:33.778 [dispatch_node] RECEIVED push button pressed
2026-09-30T23:10:33.797 [draw_line_node] RECEIVED push button pressed
CHECK
2026-09-30T23:10:33.825 [motion_node] SENT state TOOL_CHECK: OK TOOL_CHECK
2026-09-30T23:10:33.856 [pick_tool_node] SENT state -> TOOL_CHECK
2026-09-30T23:10:37.495 [motion_node] RECEIVED SetState request: TOOL_MISSING
2026-09-30T23:10:37.513 [motion_node] SENT state TOOL_MISSING: OK TOOL_MISSING
2026-09-30T23:10:37.549 [pick_tool_node] SENT state -> TOOL_MISSING
2026-09-30T23:10:37.577 [pick_tool_node] SENT human notify: tool_missing: Tool "pencil" not detected. Place it and press the button.
2026-09-30T23:10:59.650 [mark_point_node] RECEIVED push button pressed
2026-09-30T23:10:59.665 [draw_line_node] RECEIVED push button pressed
2026-09-30T23:10:59.669 [draw_arc_node] RECEIVED push button pressed
2026-09-30T23:10:59.637 [pick_tool_node] RECEIVED push button pressed
2026-09-30T23:10:59.692 [dispatch_node] RECEIVED push button pressed
2026-09-30T23:10:59.714 [motion_node] RECEIVED SetState request: TOOL_CHECK
2026-09-30T23:10:59.731 [motion_node] SENT state TOOL_CHECK: OK TOOL_CHECK
2026-09-30T23:10:59.764 [pick_tool_node] SENT state -> TOOL_CHECK
2026-09-30T23:11:04.192 [motion_node] RECEIVED SetState request: TOOL_MISSING
2026-09-30T23:11:04.211 [motion_node] SENT state TOOL_MISSING: OK TOOL_MISSING
2026-09-30T23:11:04.244 [pick_tool_node] SENT state -> TOOL_MISSING
2026-09-30T23:11:04.259 [pick_tool_node] SENT human notify: tool_missing: Tool "pencil" not detected. Place it and press the button.
2026-09-30T23:11:09.036 [mark_point_node] RECEIVED push button presse2026-09-30T23:11:09.064 [pick_tool_node] RECEIVED push button pressed
2026-09-30T23:11:09.088 [motion_node] RECEIVED SetState request: TOOL_CHECK
2026-09-30T23:11:09.093 [draw_arc_node] RECEIVED push button pressed
2026-09-30T23:11:09.110 [motion_node] SENT state TOOL_CHECK: OK TOOL_CHECK
2026-09-30T23:11:09.136 [pick_tool_node] SENT state -> TOOL_CHECK
2026-09-30T23:11:12.310 [motion_node] RECEIVED SetState request: TOOL_MISSING
2026-09-30T23:11:12.335 [motion_node] SENT state TOOL_MISSING: OK TOOL_MISSING
2026-09-30T23:11:12.367 [pick_tool_node] SENT state -> TOOL_MISSING
2026-09-30T23:11:12.389 [pick_tool_node] SENT human notify: tool_missing: Tool "pencil" not detected. Place it and press the button.
2026-09-30T23:12:09.841 [dispatch_node] RECEIVED actionId=pick-67783392 source=robot pairId=pick-67783392 pairSize=1 payload={'action': 'pick', 'tool': 'skateboard'}
2026-09-30T23:12:09.857 [dispatch_node] DOING routing robot action "pick"
2026-09-30T23:12:09.879 [dispatch_node] SENT pick goal: nexus_interfaces.action.PickTool_Goal(target_object='skateboard')
2026-09-30T23:12:09.916 [screen_state_node] RECEIVED SetScreenState request: state="robot_pick_started" detail={"source": "robot", "payload": {"action": "pick", "tool": "skateboard"}}
2026-09-30T23:12:09.966 [pick_tool_node] RECEIVED PickTool goal: skateboard
2026-09-30T23:12:09.978 [pick_tool_node] DOING [pickTool:skateboard] step: receive_tool
2026-09-30T23:12:09.992 [screen_state_node] SENT screen state -> robot_pick_started (display: "ROBOT PICK START")
2026-09-30T23:12:10.008 [motion_node] RECEIVED SetState request: STANDBY
2026-09-30T23:12:10.046 [motion_node] SENT state STANDBY: OK STANDBY
2026-09-30T23:12:10.084 [pick_tool_node] SENT state -> STANDBY
2026-09-30T23:12:10.100 [pick_tool_node] SENT human notify: place_tool: Place "skateboard" in the robot tool link, then press the button.
2026-09-30T23:12:10.117 [pick_tool_node] DOING [pickTool:skateboard] step: waiting_for_button
2026-09-30T23:12:15.663 [dispatch_node] RECEIVED push button pressed
2026-09-30T23:12:15.656 [pick_tool_node] RECEIVED push button pressed
2026-09-30T23:12:15.651 [mark_point_node] RECEIVED push button pressed
2026-09-30T23:12:15.664 [draw_arc_node] RECEIVED push button pressed
2026-09-30T23:12:15.674 [draw_line_node] RECEIVED push button pressed
2026-09-30T23:12:15.677 [motion_node] RECEIVED SetState request: TOOL_CHECK
2026-09-30T23:12:15.683 [pick_tool_node] DOING [pickTool:skateboard] step: validating_tool
2026-09-30T23:12:15.773 [motion_node] SENT state TOOL_CHECK: OK TOOL_CHECK

2026-09-30T23:12:15.832 [motion_node] SENT state TOOL_CHECK: OK TOOL_CHECK
2026-09-30T23:12:15.833 [pick_tool_node] SENT state -> TOOL_CHECK
2026-09-30T23:12:15.948 [pick_tool_node] SENT state -> TOOL_CHECK
2026-09-30T23:12:19.711 [motion_node] RECEIVED SetState request: TOOL_MISSING
2026-09-30T23:12:19.739 [motion_node] SENT state TOOL_MISSING: OK TOOL_MISSING
2026-09-30T23:12:19.768 [pick_tool_node] SENT state -> TOOL_MISSING
2026-09-30T23:12:19.793 [pick_tool_node] SENT human notify: tool_missing: Tool "pencil" not detected. Place it and press the button.
2026-09-30T23:12:20.898 [motion_node] RECEIVED SetState request: CONFIRMED
2026-09-30T23:12:20.941 [motion_node] SENT state CONFIRMED: OK CONFIRMED
2026-09-30T23:12:21.032 [pick_tool_node] SENT state -> CONFIRMED
2026-09-30T23:12:22.306 [tool_state_node] RECEIVED SetHeldTool request: "skateboard"
2026-09-30T23:12:22.323 [tool_state_node] SENT held tool changed: "" -> "skateboard"
2026-09-30T23:12:22.347 [pick_tool_node] DOING [pickTool:skateboard] step: standby
2026-09-30T23:12:22.374 [motion_node] RECEIVED SetState request: STANDBY
2026-09-30T23:12:22.407 [motion_node] SENT state STANDBY: OK STANDBY
2026-09-30T23:12:22.430 [pick_tool_node] SENT state -> STANDBY
2026-09-30T23:12:22.475 [dispatch_node] RECEIVED pick result: success=True message="holding "skateboard""
2026-09-30T23:12:22.489 [dispatch_node] SENT completion for actionId=pick-67783392 source=robot result={'ok': True, 'action': 'pick', 'message': 'holding "skateboard"'}
2026-09-30T23:14:01.601 [dispatch_node] RECEIVED actionId=mark-1a9ef741 source=robot pairId=mark-1a9ef741 pairSize=1 payload={'action': 'mark', 'point': [20.0, 20.0]}
2026-09-30T23:14:01.629 [dispatch_node] DOING routing robot action "mark"
2026-09-30T23:14:01.703 [dispatch_node] SENT mark goal: nexus_interfaces.action.MarkPoint_Goal(x_mm=20.0, y_mm=20.0)
2026-09-30T23:14:01.797 [screen_state_node] RECEIVED SetScreenState request: state="robot_mark_started" detail={"source": "robot", "payload": {"action": "mark", "point": [20.0, 20.0]}}
2026-09-30T23:14:01.890 [screen_state_node] SENT screen state -> robot_mark_started (display: "ROBOT MARK START")
2026-09-30T23:14:02.015 [mark_point_node] RECEIVED MarkPoint goal: (20.0, 20.0)
2026-09-30T23:14:02.041 [mark_point_node] DOING [markPoint] step: validating_tool
2026-09-30T23:14:02.139 [tool_state_node] RECEIVED GetHeldTool request
2026-09-30T23:14:02.149 [tool_state_node] SENT held tool: "skateboard"
2026-09-30T23:14:02.205 [motion_node] RECEIVED SetState request: TOOL_CHECK
2026-09-30T23:14:02.222 [motion_node] SENT state TOOL_CHECK: OK TOOL_CHECK
2026-09-30T23:14:02.267 [mark_point_node] SENT state -> TOOL_CHECK
2026-09-30T23:14:05.368 [motion_node] RECEIVED SetState request: CONFIRMED
2026-09-30T23:14:05.402 [motion_node] SENT state CONFIRMED: OK CONFIRMED
2026-09-30T23:14:05.442 [mark_point_node] SENT state -> CONFIRMED
2026-09-30T23:14:06.464 [mark_point_node] DOING [markPoint] step: validating_paper
2026-09-30T23:14:06.508 [motion_node] RECEIVED SetState request: GRID_CHECK
2026-09-30T23:14:06.549 [motion_node] SENT state GRID_CHECK: OK GRID_CHECK
2026-09-30T23:14:06.602 [mark_point_node] SENT state -> GRID_CHECK
2026-09-30T23:14:06.802 [grid_node] RECEIVED DetectPaper request: paper_size=A4
2026-09-30T23:14:06.834 [grid_node] DOING no matching paper rectangle currently in frame
2026-09-30T23:14:06.878 [motion_node] RECEIVED SetState request: PAPER_MISSING
2026-09-30T23:14:06.894 [motion_node] SENT state PAPER_MISSING: OK PAPER_MISSING
2026-09-30T23:14:06.918 [mark_point_node] SENT state -> PAPER_MISSING
2026-09-30T23:14:06.951 [mark_point_node] SENT human notify: paper_missing: Paper not detected. Place paper in view.
2026-09-30T23:14:07.474 [grid_node] RECEIVED DetectPaper request: paper_size=A4
2026-09-30T23:14:07.485 [grid_node] DOING no matching paper rectangle currently in frame
2026-09-30T23:14:08.017 [grid_node] RECEIVED DetectPaper request: paper_size=A4
2026-09-30T23:14:08.028 [grid_node] DOING no matching paper rectangle currently in frame
2026-09-30T23:14:08.557 [grid_node] RECEIVED DetectPaper request: paper_size=A4
2026-09-30T23:14:08.564 [grid_node] DOING no matching paper rectangle currently in frame
2026-09-30T23:14:09.090 [grid_node] RECEIVED DetectPaper request: paper_size=A4
2026-09-30T23:14:09.111 [grid_node] DOING no matching paper rectangle currently in frame
2026-09-30T23:14:09.658 [grid_node] RECEIVED DetectPaper request: paper_size=A4
2026-09-30T23:14:09.669 [grid_node] DOING no matching paper rectangle currently in frame
2026-09-30T23:14:10.204 [grid_node] RECEIVED DetectPaper request: paper_size=A4
2026-09-30T23:14:10.219 [grid_node] DOING no matching paper rectangle currently in frame
2026-09-30T23:14:10.751 [grid_node] RECEIVED DetectPaper request: paper_size=A4
2026-09-30T23:14:10.781 [grid_node] DOING no matching paper rectangle currently in frame
2026-09-30T23:14:11.324 [grid_node] RECEIVED DetectPaper request: paper_size=A4
2026-09-30T23:14:11.339 [grid_node] DOING no matching paper rectangle currently in frame
2026-09-30T23:14:11.887 [grid_node] RECEIVED DetectPaper request: paper_size=A4
2026-09-30T23:14:11.917 [grid_node] DOING no matching paper rectangle currently in frame
2026-09-30T23:14:12.445 [grid_node] RECEIVED DetectPaper request: paper_size=A4
2026-09-30T23:14:12.457 [grid_node] DOING no matching paper rectangle currently in frame
2026-09-30T23:14:12.982 [grid_node] RECEIVED DetectPaper request: paper_size=A4
2026-09-30T23:14:12.997 [grid_node] DOING no matching paper rectangle currently in frame
2026-09-30T23:14:13.528 [grid_node] RECEIVED DetectPaper request: paper_size=A4
2026-09-30T23:14:13.539 [grid_node] DOING no matching paper rectangle currently in frame
2026-09-30T23:14:14.069 [grid_node] RECEIVED DetectPaper request: paper_size=A4
2026-09-30T23:14:14.082 [grid_node] DOING no matching paper rectangle currently in frame
2026-09-30T23:14:14.621 [grid_node] RECEIVED DetectPaper request: paper_size=A4
2026-09-30T23:14:14.643 [grid_node] DOING no matching paper rectangle currently in frame
2026-09-30T23:14:15.171 [grid_node] RECEIVED DetectPaper request: paper_size=A4
2026-09-30T23:14:15.181 [grid_node] DOING no matching paper rectangle currently in frame
2026-09-30T23:14:15.725 [grid_node] RECEIVED DetectPaper request: paper_size=A4
2026-09-30T23:14:15.747 [grid_node] DOING no matching paper rectangle currently in frame
2026-09-30T23:14:16.280 [grid_node] RECEIVED DetectPaper request: paper_size=A4
2026-09-30T23:14:16.337 [grid_node] DOING no matching paper rectangle currently in frame
2026-09-30T23:14:16.873 [grid_node] RECEIVED DetectPaper request: paper_size=A4
2026-09-30T23:14:16.884 [grid_node] DOING no matching paper rectangle currently in frame
2026-09-30T23:14:17.420 [grid_node] RECEIVED DetectPaper request: paper_size=A4
2026-09-30T23:14:17.450 [grid_node] DOING no matching paper rectangle currently in frame
2026-09-30T23:14:17.991 [grid_node] RECEIVED DetectPaper request: paper_size=A4
2026-09-30T23:14:18.003 [grid_node] DOING no matching paper rectangle currently in frame
2026-09-30T23:14:18.525 [grid_node] RECEIVED DetectPaper request: paper_size=A4
2026-09-30T23:14:18.538 [grid_node] DOING no matching paper rectangle currently in frame
2026-09-30T23:14:19.041 [grid_node] RECEIVED DetectPaper request: paper_size=A4
2026-09-30T23:14:19.052 [grid_node] DOING no matching paper rectangle currently in frame
2026-09-30T23:14:19.590 [grid_node] RECEIVED DetectPaper request: paper_size=A4
2026-09-30T23:14:19.614 [grid_node] DOING no matching paper rectangle currently in frame
2026-09-30T23:14:20.150 [grid_node] RECEIVED DetectPaper request: paper_size=A4
2026-09-30T23:14:20.169 [grid_node] DOING no matching paper rectangle currently in frame
2026-09-30T23:14:20.712 [grid_node] RECEIVED DetectPaper request: paper_size=A4
2026-09-30T23:14:20.737 [grid_node] DOING no matching paper rectangle currently in frame
2026-09-30T23:14:21.490 [grid_node] RECEIVED DetectPaper request: paper_size=A4
2026-09-30T23:14:21.605 [grid_node] DOING no matching paper rectangle currently in frame
2026-09-30T23:14:22.187 [grid_node] RECEIVED DetectPaper request: paper_size=A4
2026-09-30T23:14:22.199 [grid_node] DOING no matching paper rectangle currently in frame
2026-09-30T23:14:22.728 [grid_node] RECEIVED DetectPaper request: paper_size=A4
2026-09-30T23:14:22.738 [grid_node] DOING no matching paper rectangle currently in frame
2026-09-30T23:14:23.269 [grid_node] RECEIVED DetectPaper request: paper_size=A4
2026-09-30T23:14:23.285 [grid_node] DOING no matching paper rectangle currently in frame
2026-09-30T23:14:23.845 [grid_node] RECEIVED DetectPaper request: paper_size=A4
2026-09-30T23:14:23.911 [grid_node] DOING no matching paper rectangle currently in frame
2026-09-30T23:14:24.464 [grid_node] RECEIVED DetectPaper request: paper_size=A4
2026-09-30T23:14:24.481 [grid_node] DOING no matching paper rectangle currently in frame
2026-09-30T23:14:25.039 [grid_node] RECEIVED DetectPaper request: paper_size=A4
2026-09-30T23:14:25.064 [grid_node] DOING no matching paper rectangle currently in frame
2026-09-30T23:14:25.617 [grid_node] RECEIVED DetectPaper request: paper_size=A4
2026-09-30T23:14:25.629 [grid_node] DOING no matching paper rectangle currently in frame
2026-09-30T23:14:26.245 [grid_node] RECEIVED DetectPaper request: paper_size=A4
2026-09-30T23:14:26.267 [grid_node] DOING no matching paper rectangle currently in frame
2026-09-30T23:14:26.810 [grid_node] RECEIVED DetectPaper request: paper_size=A4
2026-09-30T23:14:26.837 [grid_node] DOING no matching paper rectangle currently in frame
2026-09-30T23:14:27.830 [grid_node] RECEIVED DetectPaper request: paper_size=A4
2026-09-30T23:14:27.861 [grid_node] DOING no matching paper rectangle currently in frame
2026-09-30T23:14:28.519 [grid_node] RECEIVED DetectPaper request: paper_size=A4
2026-09-30T23:14:28.533 [grid_node] DOING no matching paper rectangle currently in frame
2026-09-30T23:14:29.093 [grid_node] RECEIVED DetectPaper request: paper_size=A4
2026-09-30T23:14:29.108 [grid_node] DOING no matching paper rectangle currently in frame
2026-09-30T23:14:29.646 [grid_node] RECEIVED DetectPaper request: paper_size=A4
2026-09-30T23:14:29.664 [grid_node] DOING no matching paper rectangle currently in frame
2026-09-30T23:14:30.200 [grid_node] RECEIVED DetectPaper request: paper_size=A4
2026-09-30T23:14:30.207 [grid_node] DOING no matching paper rectangle currently in frame
2026-09-30T23:14:30.747 [grid_node] RECEIVED DetectPaper request: paper_size=A4
2026-09-30T23:14:30.756 [grid_node] DOING no matching paper rectangle currently in frame
2026-09-30T23:14:31.527 [grid_node] RECEIVED DetectPaper request: paper_size=A4
2026-09-30T23:14:31.538 [grid_node] DOING no matching paper rectangle currently in frame
2026-09-30T23:14:32.079 [grid_node] RECEIVED DetectPaper request: paper_size=A4
2026-09-30T23:14:32.099 [grid_node] DOING no matching paper rectangle currently in frame
2026-09-30T23:14:32.638 [grid_node] RECEIVED DetectPaper request: paper_size=A4
2026-09-30T23:14:32.656 [grid_node] DOING no matching paper rectangle currently in frame
2026-09-30T23:14:33.198 [grid_node] RECEIVED DetectPaper request: paper_size=A4
2026-09-30T23:14:33.231 [grid_node] DOING no matching paper rectangle currently in frame
2026-09-30T23:14:33.773 [grid_node] RECEIVED DetectPaper request: paper_size=A4
2026-09-30T23:14:33.794 [grid_node] DOING no matching paper rectangle currently in frame
2026-09-30T23:14:34.331 [grid_node] RECEIVED DetectPaper request: paper_size=A4
2026-09-30T23:14:34.344 [grid_node] DOING no matching paper rectangle currently in frame
2026-09-30T23:14:34.881 [grid_node] RECEIVED DetectPaper request: paper_size=A4
2026-09-30T23:14:34.906 [grid_node] DOING no matching paper rectangle currently in frame
2026-09-30T23:14:35.437 [grid_node] RECEIVED DetectPaper request: paper_size=A4
2026-09-30T23:14:35.461 [grid_node] DOING no matching paper rectangle currently in frame
2026-09-30T23:14:36.004 [grid_node] RECEIVED DetectPaper request: paper_size=A4
2026-09-30T23:14:36.024 [grid_node] DOING no matching paper rectangle currently in frame
2026-09-30T23:14:36.580 [grid_node] RECEIVED DetectPaper request: paper_size=A4
2026-09-30T23:14:36.626 [grid_node] DOING no matching paper rectangle currently in frame
2026-09-30T23:14:37.176 [grid_node] RECEIVED DetectPaper request: paper_size=A4
2026-09-30T23:14:37.193 [grid_node] DOING no matching paper rectangle currently in frame
2026-09-30T23:14:37.731 [grid_node] RECEIVED DetectPaper request: paper_size=A4
2026-09-30T23:14:37.757 [grid_node] DOING no matching paper rectangle currently in frame
2026-09-30T23:14:38.298 [grid_node] RECEIVED DetectPaper request: paper_size=A4
2026-09-30T23:14:38.332 [grid_node] DOING no matching paper rectangle currently in frame
2026-09-30T23:14:38.868 [grid_node] RECEIVED DetectPaper request: paper_size=A4
2026-09-30T23:14:38.899 [grid_node] DOING no matching paper rectangle currently in frame
2026-09-30T23:14:39.454 [grid_node] RECEIVED DetectPaper request: paper_size=A4
2026-09-30T23:14:39.489 [grid_node] DOING no matching paper rectangle currently in frame
2026-09-30T23:14:40.019 [grid_node] RECEIVED DetectPaper request: paper_size=A4
2026-09-30T23:14:40.041 [grid_node] DOING no matching paper rectangle currently in frame
2026-09-30T23:14:40.583 [grid_node] RECEIVED DetectPaper request: paper_size=A4
2026-09-30T23:14:40.629 [grid_node] DOING no matching paper rectangle currently in frame
2026-09-30T23:14:41.195 [grid_node] RECEIVED DetectPaper request: paper_size=A4
2026-09-30T23:14:41.219 [grid_node] DOING no matching paper rectangle currently in frame
2026-09-30T23:14:41.757 [grid_node] RECEIVED DetectPaper request: paper_size=A4
2026-09-30T23:14:41.773 [grid_node] DOING no matching paper rectangle currently in frame
2026-09-30T23:14:42.314 [grid_node] RECEIVED DetectPaper request: paper_size=A4
2026-09-30T23:14:42.350 [grid_node] DOING no matching paper rectangle currently in frame
2026-09-30T23:14:42.972 [grid_node] RECEIVED DetectPaper request: paper_size=A4
2026-09-30T23:14:43.052 [grid_node] DOING no matching paper rectangle currently in frame
2026-09-30T23:14:43.600 [grid_node] RECEIVED DetectPaper request: paper_size=A4
2026-09-30T23:14:43.620 [grid_node] DOING no matching paper rectangle currently in frame
2026-09-30T23:14:44.209 [grid_node] RECEIVED DetectPaper request: paper_size=A4
2026-09-30T23:14:44.232 [grid_node] DOING no matching paper rectangle currently in frame
2026-09-30T23:14:44.769 [grid_node] RECEIVED DetectPaper request: paper_size=A4
2026-09-30T23:14:44.792 [grid_node] DOING no matching paper rectangle currently in frame
2026-09-30T23:14:45.482 [grid_node] RECEIVED DetectPaper request: paper_size=A4
2026-09-30T23:14:45.574 [grid_node] DOING no matching paper rectangle currently in frame
2026-09-30T23:14:46.195 [grid_node] RECEIVED DetectPaper request: paper_size=A4
2026-09-30T23:14:46.602 [grid_node] DOING no matching paper rectangle currently in frame
2026-09-30T23:14:47.285 [grid_node] RECEIVED DetectPaper request: paper_size=A4
2026-09-30T23:14:47.319 [grid_node] DOING no matching paper rectangle currently in frame
2026-09-30T23:14:47.919 [grid_node] RECEIVED DetectPaper request: paper_size=A4
2026-09-30T23:14:47.934 [grid_node] DOING no matching paper rectangle currently in frame
2026-09-30T23:14:48.491 [grid_node] RECEIVED DetectPaper request: paper_size=A4
2026-09-30T23:14:48.512 [grid_node] DOING no matching paper rectangle currently in frame
2026-09-30T23:14:49.048 [grid_node] RECEIVED DetectPaper request: paper_size=A4
2026-09-30T23:14:49.063 [grid_node] DOING no matching paper rectangle currently in frame
2026-09-30T23:14:49.587 [grid_node] RECEIVED DetectPaper request: paper_size=A4
2026-09-30T23:14:49.601 [grid_node] DOING no matching paper rectangle currently in frame
2026-09-30T23:14:50.143 [grid_node] RECEIVED DetectPaper request: paper_size=A4
2026-09-30T23:14:50.154 [grid_node] DOING no matching paper rectangle currently in frame
2026-09-30T23:14:50.724 [grid_node] RECEIVED DetectPaper request: paper_size=A4
2026-09-30T23:14:50.740 [grid_node] DOING no matching paper rectangle currently in frame
2026-09-30T23:14:51.274 [grid_node] RECEIVED DetectPaper request: paper_size=A4
2026-09-30T23:14:51.285 [grid_node] DOING no matching paper rectangle currently in frame
2026-09-30T23:14:51.816 [grid_node] RECEIVED DetectPaper request: paper_size=A4
2026-09-30T23:14:51.827 [grid_node] DOING no matching paper rectangle currently in frame
2026-09-30T23:14:52.370 [grid_node] RECEIVED DetectPaper request: paper_size=A4
2026-09-30T23:14:52.420 [grid_node] DOING no matching paper rectangle currently in frame
2026-09-30T23:14:52.964 [grid_node] RECEIVED DetectPaper request: paper_size=A4
2026-09-30T23:14:52.972 [grid_node] DOING no matching paper rectangle currently in frame
2026-09-30T23:14:53.501 [grid_node] RECEIVED DetectPaper request: paper_size=A4
2026-09-30T23:14:53.707 [grid_node] DOING no matching paper rectangle currently in frame
2026-09-30T23:14:54.285 [grid_node] RECEIVED DetectPaper request: paper_size=A4
2026-09-30T23:14:54.300 [grid_node] DOING no matching paper rectangle currently in frame
2026-09-30T23:14:54.835 [grid_node] RECEIVED DetectPaper request: paper_size=A4
2026-09-30T23:14:54.856 [grid_node] DOING no matching paper rectangle currently in frame
2026-09-30T23:14:55.400 [grid_node] RECEIVED DetectPaper request: paper_size=A4
2026-09-30T23:14:55.440 [grid_node] DOING no matching paper rectangle currently in frame
2026-09-30T23:14:55.988 [grid_node] RECEIVED DetectPaper request: paper_size=A4
2026-09-30T23:14:56.008 [grid_node] DOING no matching paper rectangle currently in frame
2026-09-30T23:14:56.574 [grid_node] RECEIVED DetectPaper request: paper_size=A4
2026-09-30T23:14:56.598 [grid_node] DOING no matching paper rectangle currently in frame
2026-09-30T23:14:57.192 [grid_node] RECEIVED DetectPaper request: paper_size=A4
2026-09-30T23:14:57.220 [grid_node] DOING no matching paper rectangle currently in frame
2026-09-30T23:14:57.750 [grid_node] RECEIVED DetectPaper request: paper_size=A4
2026-09-30T23:14:57.791 [grid_node] DOING no matching paper rectangle currently in frame
2026-09-30T23:14:58.338 [grid_node] RECEIVED DetectPaper request: paper_size=A4
2026-09-30T23:14:58.363 [grid_node] DOING no matching paper rectangle currently in frame
2026-09-30T23:14:58.896 [grid_node] RECEIVED DetectPaper request: paper_size=A4
2026-09-30T23:14:58.921 [grid_node] DOING no matching paper rectangle currently in frame
2026-09-30T23:14:59.461 [grid_node] RECEIVED DetectPaper request: paper_size=A4
2026-09-30T23:14:59.471 [grid_node] DOING no matching paper rectangle currently in frame
2026-09-30T23:15:00.005 [grid_node] RECEIVED DetectPaper request: paper_size=A4
2026-09-30T23:15:00.017 [grid_node] DOING no matching paper rectangle currently in frame
2026-09-30T23:15:00.578 [grid_node] RECEIVED DetectPaper request: paper_size=A4
2026-09-30T23:15:00.599 [grid_node] DOING no matching paper rectangle currently in frame
2026-09-30T23:15:01.129 [grid_node] RECEIVED DetectPaper request: paper_size=A4
2026-09-30T23:15:01.143 [grid_node] DOING no matching paper rectangle currently in frame
2026-09-30T23:15:01.677 [grid_node] RECEIVED DetectPaper request: paper_size=A4
2026-09-30T23:15:01.694 [grid_node] DOING no matching paper rectangle currently in frame
2026-09-30T23:15:02.218 [grid_node] RECEIVED DetectPaper request: paper_size=A4
2026-09-30T23:15:02.233 [grid_node] DOING no matching paper rectangle currently in frame
2026-09-30T23:15:02.762 [grid_node] RECEIVED DetectPaper request: paper_size=A4
2026-09-30T23:15:02.772 [grid_node] DOING no matching paper rectangle currently in frame
2026-09-30T23:15:03.309 [grid_node] RECEIVED DetectPaper request: paper_size=A4
2026-09-30T23:15:03.335 [grid_node] DOING no matching paper rectangle currently in frame
2026-09-30T23:15:03.870 [grid_node] RECEIVED DetectPaper request: paper_size=A4
2026-09-30T23:15:03.889 [grid_node] DOING no matching paper rectangle currently in frame
2026-09-30T23:15:04.432 [grid_node] RECEIVED DetectPaper request: paper_size=A4
2026-09-30T23:15:04.446 [grid_node] DOING no matching paper rectangle currently in frame
2026-09-30T23:15:04.975 [grid_node] RECEIVED DetectPaper request: paper_size=A4
2026-09-30T23:15:04.985 [grid_node] DOING no matching paper rectangle currently in frame
2026-09-30T23:15:05.585 [grid_node] RECEIVED DetectPaper request: paper_size=A4
2026-09-30T23:15:05.595 [grid_node] DOING no matching paper rectangle currently in frame
2026-09-30T23:15:06.155 [grid_node] RECEIVED DetectPaper request: paper_size=A4
2026-09-30T23:15:06.196 [grid_node] DOING no matching paper rectangle currently in frame
2026-09-30T23:15:06.755 [grid_node] RECEIVED DetectPaper request: paper_size=A4
2026-09-30T23:15:06.769 [grid_node] DOING no matching paper rectangle currently in frame
2026-09-30T23:15:07.300 [grid_node] RECEIVED DetectPaper request: paper_size=A4
2026-09-30T23:15:07.314 [grid_node] DOING no matching paper rectangle currently in frame
2026-09-30T23:15:07.842 [grid_node] RECEIVED DetectPaper request: paper_size=A4
2026-09-30T23:15:07.853 [grid_node] DOING no matching paper rectangle currently in frame
2026-09-30T23:15:08.386 [grid_node] RECEIVED DetectPaper request: paper_size=A4
2026-09-30T23:15:08.396 [grid_node] DOING no matching paper rectangle currently in frame
2026-09-30T23:15:08.925 [grid_node] RECEIVED DetectPaper request: paper_size=A4
2026-09-30T23:15:08.938 [grid_node] DOING no matching paper rectangle currently in frame
2026-09-30T23:15:09.469 [grid_node] RECEIVED DetectPaper request: paper_size=A4
2026-09-30T23:15:09.484 [grid_node] DOING no matching paper rectangle currently in frame
2026-09-30T23:15:10.009 [grid_node] RECEIVED DetectPaper request: paper_size=A4
2026-09-30T23:15:10.030 [grid_node] DOING no matching paper rectangle currently in frame
2026-09-30T23:15:10.560 [grid_node] RECEIVED DetectPaper request: paper_size=A4
2026-09-30T23:15:10.584 [grid_node] DOING no matching paper rectangle currently in frame
2026-09-30T23:15:11.118 [grid_node] RECEIVED DetectPaper request: paper_size=A4
2026-09-30T23:15:11.130 [grid_node] DOING no matching paper rectangle currently in frame
2026-09-30T23:15:11.658 [grid_node] RECEIVED DetectPaper request: paper_size=A4
2026-09-30T23:15:11.671 [grid_node] DOING no matching paper rectangle currently in frame
2026-09-30T23:15:12.201 [grid_node] RECEIVED DetectPaper request: paper_size=A4
2026-09-30T23:15:12.213 [grid_node] DOING no matching paper rectangle currently in frame
2026-09-30T23:15:12.742 [grid_node] RECEIVED DetectPaper request: paper_size=A4
2026-09-30T23:15:12.756 [grid_node] DOING no matching paper rectangle currently in frame
2026-09-30T23:15:13.288 [grid_node] RECEIVED DetectPaper request: paper_size=A4
2026-09-30T23:15:13.308 [grid_node] DOING no matching paper rectangle currently in frame
2026-09-30T23:15:13.847 [grid_node] RECEIVED DetectPaper request: paper_size=A4
2026-09-30T23:15:13.859 [grid_node] DOING no matching paper rectangle currently in frame
2026-09-30T23:15:14.390 [grid_node] RECEIVED DetectPaper request: paper_size=A4
2026-09-30T23:15:14.402 [grid_node] DOING no matching paper rectangle currently in frame
2026-09-30T23:15:14.936 [grid_node] RECEIVED DetectPaper request: paper_size=A4
2026-09-30T23:15:14.985 [grid_node] DOING no matching paper rectangle currently in frame
2026-09-30T23:15:15.530 [grid_node] RECEIVED DetectPaper request: paper_size=A4
2026-09-30T23:15:15.569 [grid_node] DOING no matching paper rectangle currently in frame
2026-09-30T23:15:16.106 [grid_node] RECEIVED DetectPaper request: paper_size=A4
2026-09-30T23:15:16.169 [grid_node] DOING no matching paper rectangle currently in frame
2026-09-30T23:15:16.736 [grid_node] RECEIVED DetectPaper request: paper_size=A4
2026-09-30T23:15:16.779 [grid_node] DOING no matching paper rectangle currently in frame
2026-09-30T23:15:17.307 [grid_node] RECEIVED DetectPaper request: paper_size=A4
2026-09-30T23:15:17.333 [grid_node] DOING no matching paper rectangle currently in frame
2026-09-30T23:15:17.883 [grid_node] RECEIVED DetectPaper request: paper_size=A4
2026-09-30T23:15:17.895 [grid_node] DOING no matching paper rectangle currently in frame
2026-09-30T23:15:18.431 [grid_node] RECEIVED DetectPaper request: paper_size=A4
2026-09-30T23:15:18.457 [grid_node] DOING no matching paper rectangle currently in frame
2026-09-30T23:15:18.987 [grid_node] RECEIVED DetectPaper request: paper_size=A4
2026-09-30T23:15:18.996 [grid_node] DOING no matching paper rectangle currently in frame
2026-09-30T23:15:19.530 [grid_node] RECEIVED DetectPaper request: paper_size=A4
2026-09-30T23:15:19.540 [grid_node] DOING no matching paper rectangle currently in frame
2026-09-30T23:15:20.073 [grid_node] RECEIVED DetectPaper request: paper_size=A4
2026-09-30T23:15:20.086 [grid_node] DOING no matching paper rectangle currently in frame
2026-09-30T23:15:20.624 [grid_node] RECEIVED DetectPaper request: paper_size=A4
2026-09-30T23:15:20.649 [grid_node] DOING no matching paper rectangle currently in frame
2026-09-30T23:15:21.181 [grid_node] RECEIVED DetectPaper request: paper_size=A4
2026-09-30T23:15:21.190 [grid_node] DOING no matching paper rectangle currently in frame
2026-09-30T23:15:21.721 [grid_node] RECEIVED DetectPaper request: paper_size=A4
2026-09-30T23:15:21.729 [grid_node] DOING no matching paper rectangle currently in frame
2026-09-30T23:15:22.250 [grid_node] RECEIVED DetectPaper request: paper_size=A4
2026-09-30T23:15:22.258 [grid_node] DOING no matching paper rectangle currently in frame
2026-09-30T23:15:22.789 [grid_node] RECEIVED DetectPaper request: paper_size=A4
2026-09-30T23:15:22.802 [grid_node] DOING no matching paper rectangle currently in frame
2026-09-30T23:15:23.332 [grid_node] RECEIVED DetectPaper request: paper_size=A4
2026-09-30T23:15:23.341 [grid_node] DOING no matching paper rectangle currently in frame
2026-09-30T23:15:23.880 [grid_node] RECEIVED DetectPaper request: paper_size=A4
2026-09-30T23:15:23.903 [grid_node] DOING no matching paper rectangle currently in frame
2026-09-30T23:15:24.443 [grid_node] RECEIVED DetectPaper request: paper_size=A4
2026-09-30T23:15:24.457 [grid_node] DOING no matching paper rectangle currently in frame
2026-09-30T23:15:24.991 [grid_node] RECEIVED DetectPaper request: paper_size=A4
2026-09-30T23:15:25.000 [grid_node] DOING no matching paper rectangle currently in frame
2026-09-30T23:15:25.529 [grid_node] RECEIVED DetectPaper request: paper_size=A4
2026-09-30T23:15:25.542 [grid_node] DOING no matching paper rectangle currently in frame
2026-09-30T23:15:26.075 [grid_node] RECEIVED DetectPaper request: paper_size=A4
2026-09-30T23:15:26.086 [grid_node] DOING no matching paper rectangle currently in frame
2026-09-30T23:15:26.615 [grid_node] RECEIVED DetectPaper request: paper_size=A4
2026-09-30T23:15:26.623 [grid_node] DOING no matching paper rectangle currently in frame
2026-09-30T23:15:27.155 [grid_node] RECEIVED DetectPaper request: paper_size=A4
2026-09-30T23:15:27.180 [grid_node] DOING no matching paper rectangle currently in frame
2026-09-30T23:15:27.719 [grid_node] RECEIVED DetectPaper request: paper_size=A4
2026-09-30T23:15:27.728 [grid_node] DOING no matching paper rectangle currently in frame
2026-09-30T23:15:28.262 [grid_node] RECEIVED DetectPaper request: paper_size=A4
2026-09-30T23:15:28.269 [grid_node] DOING no matching paper rectangle currently in frame
2026-09-30T23:15:28.802 [grid_node] RECEIVED DetectPaper request: paper_size=A4
2026-09-30T23:15:28.813 [grid_node] DOING no matching paper rectangle currently in frame
2026-09-30T23:15:29.345 [grid_node] RECEIVED DetectPaper request: paper_size=A4
2026-09-30T23:15:29.353 [grid_node] DOING no matching paper rectangle currently in frame
2026-09-30T23:15:29.894 [grid_node] RECEIVED DetectPaper request: paper_size=A4
2026-09-30T23:15:29.926 [grid_node] DOING no matching paper rectangle currently in frame
2026-09-30T23:15:30.462 [grid_node] RECEIVED DetectPaper request: paper_size=A4
2026-09-30T23:15:30.484 [grid_node] DOING no matching paper rectangle currently in frame
2026-09-30T23:15:31.022 [grid_node] RECEIVED DetectPaper request: paper_size=A4
2026-09-30T23:15:31.053 [grid_node] DOING no matching paper rectangle currently in frame
2026-09-30T23:15:31.585 [grid_node] RECEIVED DetectPaper request: paper_size=A4
2026-09-30T23:15:31.615 [grid_node] DOING no matching paper rectangle currently in frame
2026-09-30T23:15:32.149 [grid_node] RECEIVED DetectPaper request: paper_size=A4
2026-09-30T23:15:32.160 [grid_node] DOING no matching paper rectangle currently in frame
2026-09-30T23:15:32.698 [grid_node] RECEIVED DetectPaper request: paper_size=A4
2026-09-30T23:15:32.711 [grid_node] DOING no matching paper rectangle currently in frame
2026-09-30T23:15:33.256 [grid_node] RECEIVED DetectPaper request: paper_size=A4
2026-09-30T23:15:33.265 [grid_node] DOING no matching paper rectangle currently in frame
2026-09-30T23:15:33.797 [grid_node] RECEIVED DetectPaper request: paper_size=A4
2026-09-30T23:15:33.811 [grid_node] DOING no matching paper rectangle currently in frame
2026-09-30T23:15:34.341 [grid_node] RECEIVED DetectPaper request: paper_size=A4
2026-09-30T23:15:34.377 [grid_node] DOING no matching paper rectangle currently in frame
2026-09-30T23:15:34.909 [grid_node] RECEIVED DetectPaper request: paper_size=A4
2026-09-30T23:15:34.924 [grid_node] DOING no matching paper rectangle currently in frame
2026-09-30T23:15:35.448 [grid_node] RECEIVED DetectPaper request: paper_size=A4
2026-09-30T23:15:35.461 [grid_node] DOING no matching paper rectangle currently in frame
2026-09-30T23:15:36.018 [grid_node] RECEIVED DetectPaper request: paper_size=A4
2026-09-30T23:15:36.053 [grid_node] DOING no matching paper rectangle currently in frame
2026-09-30T23:15:36.606 [grid_node] RECEIVED DetectPaper request: paper_size=A4
2026-09-30T23:15:36.622 [grid_node] DOING no matching paper rectangle currently in frame
2026-09-30T23:15:37.149 [grid_node] RECEIVED DetectPaper request: paper_size=A4
2026-09-30T23:15:37.179 [grid_node] DOING no matching paper rectangle currently in frame
2026-09-30T23:15:37.728 [grid_node] RECEIVED DetectPaper request: paper_size=A4
2026-09-30T23:15:37.736 [grid_node] DOING no matching paper rectangle currently in frame
2026-09-30T23:15:38.272 [grid_node] RECEIVED DetectPaper request: paper_size=A4
2026-09-30T23:15:38.312 [grid_node] DOING no matching paper rectangle currently in frame
2026-09-30T23:15:38.851 [grid_node] RECEIVED DetectPaper request: paper_size=A4
2026-09-30T23:15:38.863 [grid_node] DOING no matching paper rectangle currently in frame
2026-09-30T23:15:39.413 [grid_node] RECEIVED DetectPaper request: paper_size=A4
2026-09-30T23:15:39.430 [grid_node] DOING no matching paper rectangle currently in frame
2026-09-30T23:15:39.963 [grid_node] RECEIVED DetectPaper request: paper_size=A4
2026-09-30T23:15:39.977 [grid_node] DOING no matching paper rectangle currently in frame
2026-09-30T23:15:40.505 [grid_node] RECEIVED DetectPaper request: paper_size=A4
2026-09-30T23:15:40.515 [grid_node] DOING no matching paper rectangle currently in frame
2026-09-30T23:15:41.048 [grid_node] RECEIVED DetectPaper request: paper_size=A4
2026-09-30T23:15:41.076 [grid_node] DOING no matching paper rectangle currently in frame
2026-09-30T23:15:41.620 [grid_node] RECEIVED DetectPaper request: paper_size=A4
2026-09-30T23:15:41.648 [grid_node] DOING no matching paper rectangle currently in frame
2026-09-30T23:15:42.180 [grid_node] RECEIVED DetectPaper request: paper_size=A4
2026-09-30T23:15:42.196 [grid_node] DOING no matching paper rectangle currently in frame
2026-09-30T23:15:42.731 [grid_node] RECEIVED DetectPaper request: paper_size=A4
2026-09-30T23:15:42.758 [grid_node] DOING no matching paper rectangle currently in frame
2026-09-30T23:15:43.290 [grid_node] RECEIVED DetectPaper request: paper_size=A4
2026-09-30T23:15:43.307 [grid_node] DOING no matching paper rectangle currently in frame
2026-09-30T23:15:43.834 [grid_node] RECEIVED DetectPaper request: paper_size=A4
2026-09-30T23:15:43.872 [grid_node] DOING no matching paper rectangle currently in frame
2026-09-30T23:15:44.393 [grid_node] RECEIVED DetectPaper request: paper_size=A4
2026-09-30T23:15:44.405 [grid_node] DOING no matching paper rectangle currently in frame
2026-09-30T23:15:44.936 [grid_node] RECEIVED DetectPaper request: paper_size=A4
2026-09-30T23:15:44.950 [grid_node] DOING no matching paper rectangle currently in frame
2026-09-30T23:15:45.497 [grid_node] RECEIVED DetectPaper request: paper_size=A4
2026-09-30T23:15:45.510 [grid_node] DOING no matching paper rectangle currently in frame
2026-09-30T23:15:46.047 [grid_node] RECEIVED DetectPaper request: paper_size=A4
2026-09-30T23:15:46.058 [grid_node] DOING no matching paper rectangle currently in frame
2026-09-30T23:15:46.586 [grid_node] RECEIVED DetectPaper request: paper_size=A4
2026-09-30T23:15:46.595 [grid_node] DOING no matching paper rectangle currently in frame
2026-09-30T23:15:47.125 [grid_node] RECEIVED DetectPaper request: paper_size=A4
2026-09-30T23:15:47.141 [grid_node] DOING no matching paper rectangle currently in frame
2026-09-30T23:15:47.668 [grid_node] RECEIVED DetectPaper request: paper_size=A4
2026-09-30T23:15:47.677 [grid_node] DOING no matching paper rectangle currently in frame
2026-09-30T23:15:48.213 [grid_node] RECEIVED DetectPaper request: paper_size=A4
2026-09-30T23:15:48.228 [grid_node] DOING no matching paper rectangle currently in frame
2026-09-30T23:15:48.760 [grid_node] RECEIVED DetectPaper request: paper_size=A4
2026-09-30T23:15:48.790 [grid_node] DOING no matching paper rectangle currently in frame
2026-09-30T23:15:49.311 [grid_node] RECEIVED DetectPaper request: paper_size=A4
2026-09-30T23:15:49.320 [grid_node] DOING no matching paper rectangle currently in frame
2026-09-30T23:15:49.860 [grid_node] RECEIVED DetectPaper request: paper_size=A4
2026-09-30T23:15:49.896 [grid_node] DOING no matching paper rectangle currently in frame
2026-09-30T23:15:50.429 [grid_node] RECEIVED DetectPaper request: paper_size=A4
2026-09-30T23:15:50.461 [grid_node] DOING no matching paper rectangle currently in frame
2026-09-30T23:15:50.989 [grid_node] RECEIVED DetectPaper request: paper_size=A4
2026-09-30T23:15:50.998 [grid_node] DOING no matching paper rectangle currently in frame
2026-09-30T23:15:51.535 [grid_node] RECEIVED DetectPaper request: paper_size=A4
2026-09-30T23:15:51.556 [grid_node] DOING no matching paper rectangle currently in frame
2026-09-30T23:15:52.121 [grid_node] RECEIVED DetectPaper request: paper_size=A4
2026-09-30T23:15:52.132 [grid_node] DOING no matching paper rectangle currently in frame
2026-09-30T23:15:52.671 [grid_node] RECEIVED DetectPaper request: paper_size=A4
2026-09-30T23:15:52.690 [grid_node] DOING no matching paper rectangle currently in frame
2026-10-01T15:26:48.137 [grid_node] INFO grid_node using shared camera via /camera/frame
2026-10-01T15:26:48.374 [grid_node] INFO grid_node ready - viewer at http://<this-machine-ip>:8091/, paper_size=A4
2026-10-01T15:36:19.802 [pick_tool_node] INFO pick_tool_node ready — action server on "pick_tool"
2026-10-01T15:36:20.228 [screen_state_node] WARN screen_state_node running in MOCK serial mode - no display Arduino attached
2026-10-01T15:36:20.681 [screen_state_node] INFO screen_state_node ready (mock_serial=True) - serving /screen/set_state
2026-10-01T15:36:20.794 [draw_line_node] INFO draw_line_node ready — action server on "draw_line"
2026-10-01T15:36:20.810 [mark_point_node] INFO mark_point_node ready — action server on "mark_point"
2026-10-01T15:36:20.854 [draw_arc_node] INFO draw_arc_node ready — action server on "draw_arc"
2026-10-01T15:36:21.208 [pick_and_place_node] INFO pick_and_place_node ready — action server on "pick_and_place"
2026-10-01T15:36:21.433 [dispatch_node] INFO dispatch_node ready - listening on /action/dispatch
2026-10-01T15:38:55.085 [dispatch_node] RECEIVED actionId=pick-f75efbed source=robot pairId=pick-f75efbed pairSize=1 payload={'action': 'pick', 'tool': 'ruler'}
2026-10-01T15:38:55.315 [screen_state_node] RECEIVED SetScreenState request: state="robot_pick_started" detail={"source": "robot", "payload": {"action": "pick", "tool": "ruler"}}
2026-10-01T15:38:55.369 [motion_node] RECEIVED SetState request: BOOT
2026-10-01T15:38:55.503 [screen_state_node] SENT screen state -> robot_pick_started (display: "ROBOT PICK START")
2026-10-01T15:39:02.013 [motion_node] SENT state BOOT: OK BOOT
2026-10-01T15:39:02.052 [dispatch_node] SENT state -> BOOT
2026-10-01T15:39:02.078 [dispatch_node] DOING routing robot action "pick"
2026-10-01T15:39:02.124 [dispatch_node] SENT pick goal: nexus_interfaces.action.PickTool_Goal(target_object='ruler')
2026-10-01T15:39:02.439 [pick_tool_node] RECEIVED PickTool goal: ruler
2026-10-01T15:39:02.451 [pick_tool_node] DOING [pickTool:ruler] step: receive_tool
2026-10-01T15:39:02.522 [motion_node] RECEIVED SetState request: STANDBY
2026-10-01T15:39:02.541 [motion_node] SENT state STANDBY: OK STANDBY
2026-10-01T15:39:02.580 [pick_tool_node] SENT state -> STANDBY
2026-10-01T15:39:02.599 [pick_tool_node] SENT human notify: place_tool: Place "ruler" in the robot tool link, then press the button.
2026-10-01T15:39:02.615 [pick_tool_node] DOING [pickTool:ruler] step: waiting_for_button
2026-10-01T15:43:58.262 [pick_tool_node] RECEIVED push button pressed
2026-10-01T15:43:58.311 [pick_tool_node] DOING [pickTool:ruler] step: validating_tool
2026-10-01T15:43:58.316 [draw_arc_node] RECEIVED push button pressed
2026-10-01T15:43:58.366 [mark_point_node] RECEIVED push button pressed
2026-10-01T15:43:58.413 [motion_node] RECEIVED SetState request: TOOL_CHECK
2026-10-01T15:43:58.460 [motion_node] SENT state TOOL_CHECK: OK TOOL_CHECK
2026-10-01T15:43:58.479 [draw_line_node] RECEIVED push button pressed
2026-10-01T15:43:58.502 [pick_tool_node] SENT state -> TOOL_CHECK
2026-10-01T15:44:02.056 [motion_node] RECEIVED SetState request: TOOL_MISSING
2026-10-01T15:44:02.076 [motion_node] SENT state TOOL_MISSING: OK TOOL_MISSING
2026-10-01T15:44:02.100 [pick_tool_node] SENT state -> TOOL_MISSING
2026-10-01T15:44:02.115 [pick_tool_node] SENT human notify: tool_missing: Tool "ruler" not detected. Place it and press the button.
2026-10-01T15:44:09.234 [pick_tool_node] RECEIVED push button pressed
026-10-01T15:44:09.234 [draw_arc_node] RECEIVED push button pressed
2026-10-01T15:44:09.244 [mark_point_node] RECEIVED push button pressed
2026-10-01T15:44:09.262 [draw_line_node] RECEIVED push button pressed
2026-10-01T15:44:09.282 [motion_node] RECEIVED SetState request: TOOL_CHECK
2026-10-01T15:44:09.300 [motion_node] SENT state TOOL_CHECK: OK TOOL_CHECK
2026-10-01T15:44:09.319 [pick_tool_node] SENT state -> TOOL_CHECK
2026-10-01T15:44:13.273 [motion_node] RECEIVED SetState request: TOOL_MISSING
2026-10-01T15:44:13.296 [motion_node] SENT state TOOL_MISSING: OK TOOL_MISSING
2026-10-01T15:44:13.329 [pick_tool_node] SENT state -> TOOL_MISSING
2026-10-01T15:44:13.340 [pick_tool_node] SENT human notify: tool_missing: Tool "ruler" not detected. Place it and press the button.
2026-10-01T15:44:16.502 [draw_arc_node] RECEIVED push button pressed
2026-10-01T15:44:16.467 [draw_line_node] RECEIVED push button pressed
CHECK
2026-10-01T15:44:16.679 [motion_node] SENT state TOOL_CHECK: OK TOOL_CHECK
2026-10-01T15:44:16.713 [pick_tool_node] SENT state -> TOOL_CHECK
2026-10-01T15:44:20.258 [motion_node] RECEIVED SetState request: TOOL_MISSING
2026-10-01T15:44:20.276 [motion_node] SENT state TOOL_MISSING: OK TOOL_MISSING
2026-10-01T15:44:20.318 [pick_tool_node] SENT state -> TOOL_MISSING
2026-10-01T15:44:20.331 [pick_tool_node] SENT human notify: tool_missing: Tool "ruler" not detected. Place it and press the button.
2026-10-01T15:44:29.447 [pick_tool_node] RECEIVED push button pressed

2026-10-01T15:44:29.468 [motion_node] RECEIVED SetState request: TOOL_CHECK
2026-10-01T15:44:29.503 [motion_node] SENT state TOOL_CHECK: OK TOOL_CHECK
2026-10-01T15:44:29.521 [pick_tool_node] SENT state -> TOOL_CHECK
2026-10-01T15:44:32.782 [motion_node] RECEIVED SetState request: TOOL_MISSING
2026-10-01T15:44:32.798 [motion_node] SENT state TOOL_MISSING: OK TOOL_MISSING
2026-10-01T15:44:32.824 [pick_tool_node] SENT state -> TOOL_MISSING
2026-10-01T15:44:32.834 [pick_tool_node] SENT human notify: tool_missing: Tool "ruler" not detected. Place it and press the button.
2026-10-01T15:45:00.997 [mark_point_node] RECEIVED push button pressed2026-10-01T15:45:00.997 [pick_tool_node] RECEIVED push button pressed
2026-10-01T15:45:01.032 [motion_node] RECEIVED SetState request: TOOL_CHECK
2026-10-01T15:45:01.045 [motion_node] SENT state TOOL_CHECK: OK TOOL_CHECK
2026-10-01T15:45:01.062 [pick_tool_node] SENT state -> TOOL_CHECK
2026-10-01T15:45:04.286 [motion_node] RECEIVED SetState request: TOOL_MISSING
2026-10-01T15:45:04.298 [motion_node] SENT state TOOL_MISSING: OK TOOL_MISSING
2026-10-01T15:45:04.324 [pick_tool_node] SENT state -> TOOL_MISSING
2026-10-01T15:45:04.336 [pick_tool_node] SENT human notify: tool_missing: Tool "ruler" not detected. Place it and press the button.
2026-10-01T15:46:49.143 [grid_node] INFO grid_node using shared camera via /camera/frame
2026-10-01T15:46:49.333 [grid_node] INFO grid_node ready - viewer at http://<this-machine-ip>:8091/, paper_size=A4
2026-10-01T15:46:58.341 [draw_arc_node] INFO draw_arc_node ready — action server on "draw_arc"
l"
2026-10-01T15:46:58.537 [screen_state_node] WARN screen_state_node running in MOCK serial mode - no display Arduino attached
2026-10-01T15:46:58.776 [screen_state_node] INFO screen_state_node ready (mock_serial=True) - serving /screen/set_state
2026-10-01T15:46:58.876 [mark_point_node] INFO mark_point_node ready — action server on "mark_point"
2026-10-01T15:46:58.948 [pick_and_place_node] INFO pick_and_place_node ready — action server on "pick_and_place"
2026-10-01T15:46:59.103 [tool_state_node] INFO tool_state_node ready — holding: <none>
2026-10-01T15:46:59.218 [dispatch_node] INFO dispatch_node ready - listening on /action/dispatch
2026-10-01T15:47:01.823 [motion_node] RECEIVED SetState request: BOOT
2026-10-01T15:47:08.445 [motion_node] SENT state BOOT: OK BOOT
2026-10-01T15:47:20.109 [motion_node] RECEIVED SetState request: BOOT
2026-10-01T15:47:26.728 [motion_node] SENT state BOOT: OK BOOT
2026-10-01T15:48:12.612 [motion_node] RECEIVED SetState request: BOOT
2026-10-01T15:48:19.240 [motion_node] SENT state BOOT: OK BOOT
2026-10-01T15:48:28.887 [motion_node] RECEIVED SetState request: BOOT
2026-10-01T15:48:35.508 [motion_node] SENT state BOOT: OK BOOT
2026-10-01T15:48:45.492 [motion_node] RECEIVED SetState request: BOOT
2026-10-01T15:48:52.142 [motion_node] SENT state BOOT: OK BOOT
2026-10-01T15:51:04.263 [motion_node] RECEIVED SetState request: BOOT
2026-10-01T15:51:10.878 [motion_node] SENT state BOOT: OK BOOT
2026-10-01T15:51:27.901 [motion_node] RECEIVED SetState request: BOOT
2026-10-01T15:51:34.519 [motion_node] SENT state BOOT: OK BOOT
2026-10-01T15:52:39.074 [motion_node] RECEIVED SetState request: BOOT
2026-10-01T15:52:45.691 [motion_node] SENT state BOOT: OK BOOT
2026-10-01T15:53:30.980 [draw_arc_node] RECEIVED push button pressed
2026-10-01T15:53:30.990 [dispatch_node] RECEIVED push button pressed
2026-10-01T15:53:30.999 [mark_point_node] RECEIVED push button pressed
2026-10-01T15:53:31.024 [draw_line_node] RECEIVED push button pressed
2026-10-01T15:53:31.064 [pick_tool_node] RECEIVED push button pressed
2026-10-01T15:53:31.666 [draw_arc_node] RECEIVED push button pressed
2026-10-01T15:53:31.681 [mark_point_node] RECEIVED push button pressed
2026-10-01T15:53:32.335 [mark_point_node] RECEIVED push button pressed
2026-10-01T15:53:32.351 [draw_arc_node] RECEIVED push button pressed

2026-10-01T15:53:32.351 [dispatch_node] RECEIVED push button pressed
2026-10-01T15:53:32.989 [draw_line_node] RECEIVED push button pressed
2026-10-01T15:53:33.010 [dispatch_node] RECEIVED push button pressed
2026-10-01T15:53:32.999 [mark_point_node] RECEIVED push button pressed
2026-10-01T15:53:33.556 [dispatch_node] RECEIVED push button pressed
d
2026-10-01T15:54:14.075 [dispatch_node] RECEIVED actionId=pick-8f371da9 source=robot pairId=pick-8f371da9 pairSize=1 payload={'action': 'pick', 'tool': 'ruler'}
2026-10-01T15:54:14.155 [motion_node] RECEIVED SetState request: BOOT
2026-10-01T15:54:14.319 [screen_state_node] RECEIVED SetScreenState request: state="robot_pick_started" detail={"source": "robot", "payload": {"action": "pick", "tool": "ruler"}}
2026-10-01T15:54:14.400 [screen_state_node] SENT screen state -> robot_pick_started (display: "ROBOT PICK START")
2026-10-01T15:54:20.769 [motion_node] SENT state BOOT: OK BOOT
2026-10-01T15:54:20.789 [dispatch_node] SENT state -> BOOT
2026-10-01T15:54:20.802 [dispatch_node] DOING routing robot action "pick"
2026-10-01T15:54:20.821 [dispatch_node] SENT pick goal: nexus_interfaces.action.PickTool_Goal(target_object='ruler')
2026-10-01T15:54:20.946 [pick_tool_node] RECEIVED PickTool goal: ruler
2026-10-01T15:54:20.968 [pick_tool_node] DOING [pickTool:ruler] step: receive_tool
2026-10-01T15:54:21.007 [motion_node] RECEIVED SetState request: STANDBY
2026-10-01T15:54:21.023 [motion_node] SENT state STANDBY: OK STANDBY
2026-10-01T15:54:21.048 [pick_tool_node] SENT state -> STANDBY
2026-10-01T15:54:21.065 [pick_tool_node] SENT human notify: place_tool: Place "ruler" in the robot tool link, then press the button.
2026-10-01T15:54:21.081 [pick_tool_node] DOING [pickTool:ruler] step: waiting_for_button
2026-10-01T15:54:27.070 [draw_arc_node] RECEIVED push button pressed
2026-10-01T15:54:27.082 [pick_tool_node] DOING [pickTool:ruler] step: validating_tool
2026-10-01T15:54:27.080 [dispatch_node] RECEIVED push button pressed


2026-10-01T15:54:27.089 [pick_tool_node] RECEIVED push button pressed
2026-10-01T15:54:27.101 [motion_node] RECEIVED SetState request: TOOL_CHECK
2026-10-01T15:54:27.128 [motion_node] SENT state TOOL_CHECK: OK TOOL_CHECK
2026-10-01T15:54:27.151 [pick_tool_node] SENT state -> TOOL_CHECK
2026-10-01T15:54:30.581 [motion_node] RECEIVED SetState request: TOOL_MISSING
2026-10-01T15:54:30.597 [motion_node] SENT state TOOL_MISSING: OK TOOL_MISSING
2026-10-01T15:54:30.620 [pick_tool_node] SENT state -> TOOL_MISSING
2026-10-01T15:54:30.638 [pick_tool_node] SENT human notify: tool_missing: Tool "ruler" not detected. Place it and press the button.
2026-10-01T15:54:38.910 [draw_arc_node] RECEIVED push button pressed
2026-10-01T15:54:38.920 [draw_line_node] RECEIVED push button pressed

2026-10-01T15:54:38.948 [motion_node] RECEIVED SetState request: TOOL_CHECK
2026-10-01T15:54:38.963 [motion_node] SENT state TOOL_CHECK: OK TOOL_CHECK
2026-10-01T15:54:38.982 [pick_tool_node] SENT state -> TOOL_CHECK
2026-10-01T15:54:42.601 [motion_node] RECEIVED SetState request: TOOL_MISSING
2026-10-01T15:54:42.621 [motion_node] SENT state TOOL_MISSING: OK TOOL_MISSING
2026-10-01T15:54:42.661 [pick_tool_node] SENT state -> TOOL_MISSING
2026-10-01T15:54:42.685 [pick_tool_node] SENT human notify: tool_missing: Tool "ruler" not detected. Place it and press the button.
2026-10-01T15:55:08.116 [draw_line_node] RECEIVED push button pressed
026-10-01T15:55:08.110 [pick_tool_node] RECEIVED push button pressed
2026-10-01T15:55:08.215 [motion_node] SENT state TOOL_CHECK: OK TOOL_CHECK
2026-10-01T15:55:08.296 [pick_tool_node] SENT state -> TOOL_CHECK
2026-10-01T15:55:11.687 [motion_node] RECEIVED SetState request: TOOL_MISSING
2026-10-01T15:55:11.708 [motion_node] SENT state TOOL_MISSING: OK TOOL_MISSING
2026-10-01T15:55:11.751 [pick_tool_node] SENT state -> TOOL_MISSING
2026-10-01T15:55:11.787 [pick_tool_node] SENT human notify: tool_missing: Tool "ruler" not detected. Place it and press the button.
2026-10-01T15:55:27.440 [draw_line_node] RECEIVED push button pressed
2026-10-01T15:55:27.477 [mark_point_node] RECEIVED push button pressed
2026-10-01T15:55:27.505 [pick_tool_node] RECEIVED push button pressed
2026-10-01T15:55:27.534 [motion_node] RECEIVED SetState request: TOOL_CHECK
2026-10-01T15:55:27.555 [motion_node] SENT state TOOL_CHECK: OK TOOL_CHECK
2026-10-01T15:55:27.582 [pick_tool_node] SENT state -> TOOL_CHECK
2026-10-01T15:55:30.954 [motion_node] RECEIVED SetState request: TOOL_MISSING
2026-10-01T15:55:30.985 [motion_node] SENT state TOOL_MISSING: OK TOOL_MISSING
2026-10-01T15:55:31.019 [pick_tool_node] SENT state -> TOOL_MISSING
2026-10-01T15:55:31.059 [pick_tool_node] SENT human notify: tool_missing: Tool "ruler" not detected. Place it and press the button.
2026-10-01T15:55:40.155 [dispatch_node] RECEIVED push button pressed

2026-10-01T15:55:40.171 [mark_point_node] RECEIVED push button presse2026-10-01T15:55:40.194 [motion_node] RECEIVED SetState request: TOOL_CHECK
2026-10-01T15:55:40.217 [motion_node] SENT state TOOL_CHECK: OK TOOL_CHECK
2026-10-01T15:55:40.245 [pick_tool_node] SENT state -> TOOL_CHECK
2026-10-01T15:55:44.251 [motion_node] RECEIVED SetState request: TOOL_MISSING
2026-10-01T15:55:44.268 [motion_node] SENT state TOOL_MISSING: OK TOOL_MISSING
2026-10-01T15:55:44.320 [pick_tool_node] SENT state -> TOOL_MISSING
2026-10-01T15:55:44.331 [pick_tool_node] SENT human notify: tool_missing: Tool "ruler" not detected. Place it and press the button.
2026-10-01T15:55:50.466 [mark_point_node] RECEIVED push button pressed2026-10-01T15:55:50.490 [motion_node] RECEIVED SetState request: TOOL_CHECK
2026-10-01T15:55:50.489 [draw_line_node] RECEIVED push button pressed
2026-10-01T15:55:50.519 [motion_node] SENT state TOOL_CHECK: OK TOOL_CHECK
2026-10-01T15:55:50.545 [pick_tool_node] SENT state -> TOOL_CHECK
2026-10-01T15:55:54.167 [motion_node] RECEIVED SetState request: TOOL_MISSING
2026-10-01T15:55:54.182 [motion_node] SENT state TOOL_MISSING: OK TOOL_MISSING
2026-10-01T15:55:54.205 [pick_tool_node] SENT state -> TOOL_MISSING
2026-10-01T15:55:54.224 [pick_tool_node] SENT human notify: tool_missing: Tool "ruler" not detected. Place it and press the button.
2026-10-01T15:56:09.340 [mark_point_node] RECEIVED push button presse2026-10-01T15:56:09.359 [motion_node] RECEIVED SetState request: TOOL_CHECK
2026-10-01T15:56:09.393 [motion_node] SENT state TOOL_CHECK: OK TOOL_CHECK
2026-10-01T15:56:09.415 [pick_tool_node] SENT state -> TOOL_CHECK
2026-10-01T15:56:12.962 [motion_node] RECEIVED SetState request: TOOL_MISSING
2026-10-01T15:56:12.980 [motion_node] SENT state TOOL_MISSING: OK TOOL_MISSING
2026-10-01T15:56:13.003 [pick_tool_node] SENT state -> TOOL_MISSING
2026-10-01T15:56:13.014 [pick_tool_node] SENT human notify: tool_missing: Tool "ruler" not detected. Place it and press the button.
2026-10-01T15:56:29.627 [mark_point_node] RECEIVED push button pressed22026-10-01T15:56:29.630 [dispatch_node] RECEIVED push button pressed
2026-10-01T15:56:29.644 [draw_arc_node] RECEIVED push button pressed
2026-10-01T15:56:29.670 [motion_node] RECEIVED SetState request: TOOL_CHECK
2026-10-01T15:56:29.691 [motion_node] SENT state TOOL_CHECK: OK TOOL_CHECK
2026-10-01T15:56:29.721 [pick_tool_node] SENT state -> TOOL_CHECK
2026-10-01T15:56:32.961 [motion_node] RECEIVED SetState request: TOOL_MISSING
2026-10-01T15:56:33.005 [motion_node] SENT state TOOL_MISSING: OK TOOL_MISSING
2026-10-01T15:56:33.038 [pick_tool_node] SENT state -> TOOL_MISSING
2026-10-01T15:56:33.060 [pick_tool_node] SENT human notify: tool_missing: Tool "ruler" not detected. Place it and press the button.
2026-10-01T15:56:44.534 [dispatch_node] RECEIVED push button pressed
d
2026-10-01T15:56:44.535 [draw_line_node] RECEIVED push button pressed
2026-10-01T15:56:44.571 [motion_node] RECEIVED SetState request: TOOL_CHECK
2026-10-01T15:56:44.594 [motion_node] SENT state TOOL_CHECK: OK TOOL_CHECK
2026-10-01T15:56:44.612 [pick_tool_node] SENT state -> TOOL_CHECK
2026-10-01T15:56:47.888 [motion_node] RECEIVED SetState request: TOOL_MISSING
2026-10-01T15:56:47.926 [motion_node] SENT state TOOL_MISSING: OK TOOL_MISSING
2026-10-01T15:56:47.952 [pick_tool_node] SENT state -> TOOL_MISSING
2026-10-01T15:56:47.958 [pick_tool_node] SENT human notify: tool_missing: Tool "ruler" not detected. Place it and press the button.
2026-10-01T15:56:50.661 [dispatch_node] RECEIVED push button pressed
d
2026-10-01T15:56:50.682 [draw_line_node] RECEIVED push button pressed
2026-10-01T15:56:50.685 [motion_node] RECEIVED SetState request: TOOL_CHECK
2026-10-01T15:56:50.713 [motion_node] SENT state TOOL_CHECK: OK TOOL_CHECK
2026-10-01T15:56:50.742 [pick_tool_node] SENT state -> TOOL_CHECK
2026-10-01T15:56:54.336 [motion_node] RECEIVED SetState request: TOOL_MISSING
2026-10-01T15:56:54.387 [motion_node] SENT state TOOL_MISSING: OK TOOL_MISSING
2026-10-01T15:56:54.459 [pick_tool_node] SENT state -> TOOL_MISSING
2026-10-01T15:56:54.509 [pick_tool_node] SENT human notify: tool_missing: Tool "ruler" not detected. Place it and press the button.
2026-10-01T15:57:05.200 [dispatch_node] RECEIVED push button pressed
2026-10-01T15:57:05.219 [draw_line_node] RECEIVED push button pressed

2026-10-01T15:57:05.236 [motion_node] RECEIVED SetState request: TOOL_CHECK
2026-10-01T15:57:05.251 [motion_node] SENT state TOOL_CHECK: OK TOOL_CHECK
2026-10-01T15:57:05.272 [pick_tool_node] SENT state -> TOOL_CHECK
2026-10-01T15:57:08.602 [motion_node] RECEIVED SetState request: TOOL_MISSING
2026-10-01T15:57:08.622 [motion_node] SENT state TOOL_MISSING: OK TOOL_MISSING
2026-10-01T15:57:08.663 [pick_tool_node] SENT state -> TOOL_MISSING
2026-10-01T15:57:08.685 [pick_tool_node] SENT human notify: tool_missing: Tool "ruler" not detected. Place it and press the button.
2026-10-01T15:57:23.389 [motion_node] RECEIVED SetState request: TOOL_CHECK
2026-10-01T15:57:23.424 [motion_node] SENT state TOOL_CHECK: OK TOOL_CHECK
2026-10-01T15:57:23.459 [pick_tool_node] SENT state -> TOOL_CHECK
2026-10-01T15:57:27.345 [motion_node] RECEIVED SetState request: TOOL_MISSING
2026-10-01T15:57:27.379 [motion_node] SENT state TOOL_MISSING: OK TOOL_MISSING
2026-10-01T15:57:27.405 [pick_tool_node] SENT state -> TOOL_MISSING
2026-10-01T15:57:27.411 [pick_tool_node] SENT human notify: tool_missing: Tool "ruler" not detected. Place it and press the button.
2026-10-01T15:57:30.909 [pick_tool_node] RECEIVED push button pressed
2026-10-01T15:57:30.925 [mark_point_node] RECEIVED push button pressed
2026-10-01T15:57:30.942 [motion_node] RECEIVED SetState request: TOOL_CHECK
2026-10-01T15:57:30.982 [motion_node] SENT state TOOL_CHECK: OK TOOL_CHECK
2026-10-01T15:57:31.020 [pick_tool_node] SENT state -> TOOL_CHECK
2026-10-01T15:57:34.220 [motion_node] RECEIVED SetState request: TOOL_MISSING
2026-10-01T15:57:34.249 [motion_node] SENT state TOOL_MISSING: OK TOOL_MISSING
2026-10-01T15:57:34.312 [pick_tool_node] SENT state -> TOOL_MISSING
2026-10-01T15:57:34.341 [pick_tool_node] SENT human notify: tool_missing: Tool "ruler" not detected. Place it and press the button.
2026-10-01T15:57:42.712 [draw_line_node] RECEIVED push button pressed
2026-10-01T15:57:42.712 [dispatch_node] RECEIVED push button pressed
2026-10-01T15:57:42.731 [pick_tool_node] RECEIVED push button pressed
2026-10-01T15:57:42.743 [mark_point_node] RECEIVED push button pressed
2026-10-01T15:57:42.775 [motion_node] RECEIVED SetState request: TOOL_CHECK
2026-10-01T15:57:42.788 [motion_node] SENT state TOOL_CHECK: OK TOOL_CHECK
2026-10-01T15:57:42.815 [pick_tool_node] SENT state -> TOOL_CHECK
2026-10-01T15:57:46.012 [motion_node] RECEIVED SetState request: TOOL_MISSING
2026-10-01T15:57:46.045 [motion_node] SENT state TOOL_MISSING: OK TOOL_MISSING
2026-10-01T15:57:46.114 [pick_tool_node] SENT state -> TOOL_MISSING
2026-10-01T15:57:46.129 [pick_tool_node] SENT human notify: tool_missing: Tool "ruler" not detected. Place it and press the button.
2026-10-01T15:57:51.269 [mark_point_node] RECEIVED push button pressed
2026-10-01T15:57:51.311 [motion_node] RECEIVED SetState request: TOOL_CHECK
2026-10-01T15:57:51.339 [motion_node] SENT state TOOL_CHECK: OK TOOL_CHECK
2026-10-01T15:57:51.372 [pick_tool_node] SENT state -> TOOL_CHECK
2026-10-01T15:57:56.219 [motion_node] RECEIVED SetState request: TOOL_MISSING
2026-10-01T15:57:56.247 [motion_node] SENT state TOOL_MISSING: OK TOOL_MISSING
2026-10-01T15:57:56.293 [pick_tool_node] SENT state -> TOOL_MISSING
2026-10-01T15:57:56.326 [pick_tool_node] SENT human notify: tool_missing: Tool "ruler" not detected. Place it and press the button.
2026-10-01T19:21:13.925 [grid_node] INFO grid_node using shared camera via /camera/frame
2026-10-01T19:21:14.205 [grid_node] INFO grid_node ready - viewer at http://<this-machine-ip>:8091/, paper_size=A4
2026-10-01T19:21:16.552 [screen_state_node] WARN screen_state_node running in MOCK serial mode - no display Arduino attached
2026-10-01T19:21:16.675 [screen_state_node] INFO screen_state_node ready (mock_serial=True) - serving /screen/set_state
2026-10-01T19:21:17.489 [pick_tool_node] INFO pick_tool_node ready — action server on "pick_tool"
2026-10-01T19:21:17.848 [tool_state_node] INFO tool_state_node ready — holding: <none>
2026-10-01T19:21:18.095 [draw_line_node] INFO draw_line_node ready — action server on "draw_line"
2026-10-01T19:21:18.485 [mark_point_node] INFO mark_point_node ready — action server on "mark_point"
2026-10-01T19:21:18.620 [draw_arc_node] INFO draw_arc_node ready — action server on "draw_arc"
2026-10-01T19:21:18.654 [dispatch_node] INFO dispatch_node ready - listening on /action/dispatch
2026-10-01T19:21:18.831 [pick_and_place_node] INFO pick_and_place_node ready — action server on "pick_and_place"
2026-10-01T19:22:15.510 [motion_node] RECEIVED SetState request: BOOT
2026-10-01T19:22:22.133 [motion_node] SENT state BOOT: OK BOOT
2026-10-01T19:29:02.120 [mark_point_node] RECEIVED push button pressed
2026-10-01T19:29:02.132 [pick_tool_node] RECEIVED push button pressed
2026-10-01T19:29:02.141 [draw_line_node] RECEIVED push button pressed
2026-10-01T19:29:03.129 [pick_tool_node] RECEIVED push button pressed2026-10-01T19:29:03.142 [mark_point_node] RECEIVED push button pressed
2026-10-01T19:29:03.164 [draw_arc_node] RECEIVED push button pressed
2026-10-01T19:29:46.569 [dispatch_node] RECEIVED push button pressed
2026-10-01T19:29:46.572 [draw_arc_node] RECEIVED push button pressed

2026-10-01T19:29:46.592 [mark_point_node] RECEIVED push button pressed
2026-10-01T19:30:10.685 [motion_node] RECEIVED SetState request: BOOT
2026-10-01T19:30:17.313 [motion_node] SENT state BOOT: OK BOOT
2026-10-01T19:31:31.621 [dispatch_node] RECEIVED actionId=pick-aefd6cc5 source=robot pairId=pick-aefd6cc5 pairSize=1 payload={'action': 'pick', 'tool': 'ruler'}
2026-10-01T19:31:31.633 [motion_node] RECEIVED SetState request: BOOT
quest: state="robot_pick_started" detail={"source": "robot", "payload": {"action": "pick", "tool": "ruler"}}
2026-10-01T19:31:31.702 [screen_state_node] SENT screen state -> robot_pick_started (display: "ROBOT PICK START")
2026-10-01T19:31:38.257 [motion_node] SENT state BOOT: OK BOOT
2026-10-01T19:31:38.289 [dispatch_node] SENT state -> BOOT
2026-10-01T19:31:38.312 [dispatch_node] DOING routing robot action "pick"
2026-10-01T19:31:38.333 [dispatch_node] SENT pick goal: nexus_interfaces.action.PickTool_Goal(target_object='ruler')
2026-10-01T19:31:38.370 [pick_tool_node] RECEIVED PickTool goal: ruler
2026-10-01T19:31:38.398 [pick_tool_node] DOING [pickTool:ruler] step: receive_tool
2026-10-01T19:31:38.418 [motion_node] RECEIVED SetState request: STANDBY
2026-10-01T19:31:38.443 [motion_node] SENT state STANDBY: OK STANDBY
2026-10-01T19:31:38.476 [pick_tool_node] SENT state -> STANDBY
2026-10-01T19:31:38.498 [pick_tool_node] SENT human notify: place_tool: Place "ruler" in the robot tool link, then press the button.
2026-10-01T19:31:38.520 [pick_tool_node] DOING [pickTool:ruler] step: waiting_for_button
2026-10-01T19:31:47.073 [draw_arc_node] RECEIVED push button pressed


2026-10-01T19:31:47.096 [dispatch_node] RECEIVED push button pressed
2026-10-01T19:31:47.117 [pick_tool_node] DOING [pickTool:ruler] step: validating_tool
2026-10-01T19:31:47.125 [motion_node] RECEIVED SetState request: TOOL_CHECK
2026-10-01T19:31:47.143 [motion_node] SENT state TOOL_CHECK: OK TOOL_CHECK
2026-10-01T19:31:47.166 [pick_tool_node] SENT state -> TOOL_CHECK
2026-10-01T19:31:52.193 [pick_tool_node] ERROR [pickTool:ruler] failed: service /vision/detect_object not available
2026-10-01T19:31:52.211 [motion_node] RECEIVED SetState request: STANDBY
2026-10-01T19:31:52.242 [motion_node] SENT state STANDBY: OK STANDBY
2026-10-01T19:31:52.272 [pick_tool_node] SENT state -> STANDBY
2026-10-01T19:31:52.317 [dispatch_node] RECEIVED pick result: success=False message="service /vision/detect_object not available"
2026-10-01T19:31:52.346 [dispatch_node] SENT completion for actionId=pick-aefd6cc5 source=robot result={'ok': False, 'action': 'pick', 'message': 'service /vision/detect_object not available'}
2026-10-01T19:32:15.462 [dispatch_node] RECEIVED actionId=pick-5844fef7 source=robot pairId=pick-5844fef7 pairSize=1 payload={'action': 'pick', 'tool': 'ruler'}
2026-10-01T19:32:15.472 [dispatch_node] DOING routing robot action "pick"
t: state="robot_pick_started" detail={"source": "robot", "payload": {"action": "pick", "tool": "ruler"}}
2026-10-01T19:32:15.495 [dispatch_node] SENT pick goal: nexus_interfaces.action.PickTool_Goal(target_object='ruler')
2026-10-01T19:32:15.511 [pick_tool_node] RECEIVED PickTool goal: ruler
2026-10-01T19:32:15.520 [pick_tool_node] DOING [pickTool:ruler] step: receive_tool
2026-10-01T19:32:15.536 [motion_node] RECEIVED SetState request: STANDBY
2026-10-01T19:32:15.549 [screen_state_node] SENT screen state -> robot_pick_started (display: "ROBOT PICK START")
2026-10-01T19:32:15.564 [motion_node] SENT state STANDBY: OK STANDBY
2026-10-01T19:32:15.575 [pick_tool_node] SENT state -> STANDBY
2026-10-01T19:32:15.587 [pick_tool_node] SENT human notify: place_tool: Place "ruler" in the robot tool link, then press the button.
2026-10-01T19:32:15.597 [pick_tool_node] DOING [pickTool:ruler] step: waiting_for_button
2026-10-01T19:32:19.594 [draw_arc_node] RECEIVED push button pressed

2026-10-01T19:32:19.601 [mark_point_node] RECEIVED push button presse2026-10-01T19:32:19.593 [pick_tool_node] RECEIVED push button pressed
2026-10-01T19:32:19.640 [pick_tool_node] DOING [pickTool:ruler] step: validating_tool
2026-10-01T19:32:19.659 [motion_node] RECEIVED SetState request: TOOL_CHECK
2026-10-01T19:32:19.679 [motion_node] SENT state TOOL_CHECK: OK TOOL_CHECK
2026-10-01T19:32:19.697 [pick_tool_node] SENT state -> TOOL_CHECK
2026-10-01T19:32:24.722 [pick_tool_node] ERROR [pickTool:ruler] failed: service /vision/detect_object not available
2026-10-01T19:32:24.747 [motion_node] RECEIVED SetState request: STANDBY
2026-10-01T19:32:24.777 [motion_node] SENT state STANDBY: OK STANDBY
2026-10-01T19:32:24.805 [pick_tool_node] SENT state -> STANDBY
2026-10-01T19:32:24.829 [dispatch_node] RECEIVED pick result: success=False message="service /vision/detect_object not available"
2026-10-01T19:32:24.851 [dispatch_node] SENT completion for actionId=pick-5844fef7 source=robot result={'ok': False, 'action': 'pick', 'message': 'service /vision/detect_object not available'}
2026-10-02T02:24:06.814 [grid_node] INFO grid_node using shared camera via /camera/frame
2026-10-02T02:24:07.031 [grid_node] INFO grid_node ready - viewer at http://<this-machine-ip>:8091/, paper_size=A4
2026-10-02T02:24:08.628 [tool_state_node] INFO tool_state_node ready — holding: <none>
2026-10-02T02:24:10.142 [screen_state_node] WARN screen_state_node running in MOCK serial mode - no display Arduino attached
2026-10-02T02:24:10.534 [screen_state_node] INFO screen_state_node ready (mock_serial=True) - serving /screen/set_state
2026-10-02T02:24:11.339 [mark_point_node] INFO mark_point_node ready — action server on "mark_point"
2026-10-02T02:24:11.344 [pick_tool_node] INFO pick_tool_node ready — action server on "pick_tool"
2026-10-02T02:24:11.875 [draw_line_node] INFO draw_line_node ready — action server on "draw_line"
2026-10-02T02:24:11.978 [draw_arc_node] INFO draw_arc_node ready — action server on "draw_arc"
2026-10-02T02:24:12.070 [pick_and_place_node] INFO pick_and_place_node ready — action server on "pick_and_place"
2026-10-02T02:24:12.236 [dispatch_node] INFO dispatch_node ready - listening on /action/dispatch
2026-10-02T02:24:12.746 [dispatch_node] RECEIVED push button pressed
2026-10-02T02:24:12.763 [mark_point_node] RECEIVED push button pressed
2026-10-02T02:24:12.781 [draw_arc_node] RECEIVED push button pressed
2026-10-02T02:24:12.865 [draw_line_node] RECEIVED push button pressed
2026-10-02T02:24:32.967 [mark_point_node] RECEIVED push button pressed
2026-10-02T02:24:32.978 [pick_tool_node] RECEIVED push button pressed
2026-10-02T02:24:32.981 [draw_line_node] RECEIVED push button pressed
2026-10-02T02:24:32.981 [draw_arc_node] RECEIVED push button pressed
2026-10-02T02:24:37.417 [mark_point_node] RECEIVED push button pressed
2026-10-02T02:24:37.458 [draw_arc_node] RECEIVED push button pressed

2026-10-02T02:24:37.463 [pick_tool_node] RECEIVED push button pressed
2026-10-02T02:24:37.471 [dispatch_node] RECEIVED push button pressed
2026-10-02T02:24:39.570 [draw_arc_node] RECEIVED push button pressed

2026-10-02T02:24:39.596 [mark_point_node] RECEIVED push button pressed
2026-10-02T02:24:39.599 [dispatch_node] RECEIVED push button pressed
2026-10-02T02:24:40.511 [draw_arc_node] RECEIVED push button pressed

2026-10-02T02:24:40.535 [mark_point_node] RECEIVED push button pressed
2026-10-02T02:24:46.019 [pick_tool_node] RECEIVED push button pressed
2026-10-02T02:24:46.025 [mark_point_node] RECEIVED push button pressed
2026-10-02T02:24:46.049 [draw_line_node] RECEIVED push button pressed
2026-10-02T02:24:46.807 [draw_line_node] RECEIVED push button pressed

2026-10-02T02:24:46.801 [draw_arc_node] RECEIVED push button pressed
2026-10-02T02:24:47.596 [mark_point_node] RECEIVED push button pressed22026-10-02T02:24:47.612 [draw_arc_node] RECEIVED push button pressed
2026-10-02T02:24:48.686 [pick_tool_node] RECEIVED push button pressed

2026-10-02T02:24:48.728 [draw_arc_node] RECEIVED push button pressed
2026-10-02T02:24:49.384 [draw_arc_node] RECEIVED push button pressed
2026-10-02T02:24:49.388 [draw_line_node] RECEIVED push button pressed
2026-10-02T02:24:49.390 [mark_point_node] RECEIVED push button pressed
2026-10-02T02:24:49.396 [pick_tool_node] RECEIVED push button pressed
2026-10-02T02:24:50.102 [dispatch_node] RECEIVED push button pressed


2026-10-02T02:24:50.108 [draw_line_node] RECEIVED push button pressed
2026-10-02T02:28:55.552 [dispatch_node] RECEIVED actionId=pick-19dc38b9 source=robot pairId=pick-19dc38b9 pairSize=1 payload={'action': 'pick', 'tool': 'ruler'}
2026-10-02T02:28:56.891 [motion_node] RECEIVED SetState request: BOOT
2026-10-02T02:28:56.915 [screen_state_node] RECEIVED SetScreenState request: state="robot_pick_started" detail={"source": "robot", "payload": {"action": "pick", "tool": "ruler"}}
2026-10-02T02:28:57.146 [screen_state_node] SENT screen state -> robot_pick_started (display: "ROBOT PICK START")
2026-10-02T02:29:03.591 [motion_node] SENT state BOOT: OK BOOT
2026-10-02T02:29:03.717 [dispatch_node] SENT state -> BOOT
2026-10-02T02:29:03.781 [dispatch_node] DOING routing robot action "pick"
2026-10-02T02:29:04.092 [dispatch_node] SENT pick goal: nexus_interfaces.action.PickTool_Goal(target_object='ruler')
2026-10-02T02:29:05.905 [pick_tool_node] RECEIVED PickTool goal: ruler
2026-10-02T02:29:05.977 [pick_tool_node] DOING [pickTool:ruler] step: receive_tool
2026-10-02T02:29:06.270 [motion_node] RECEIVED SetState request: STANDBY
2026-10-02T02:29:06.287 [motion_node] SENT state STANDBY: OK STANDBY
2026-10-02T02:29:06.351 [pick_tool_node] SENT state -> STANDBY
2026-10-02T02:29:06.410 [pick_tool_node] SENT human notify: place_tool: Place "ruler" in the robot tool link, then press the button.
2026-10-02T02:29:06.448 [pick_tool_node] DOING [pickTool:ruler] step: waiting_for_button
2026-10-02T02:29:15.166 [dispatch_node] RECEIVED push button pressed
2026-10-02T02:29:15.154 [pick_tool_node] RECEIVED push button pressed
2026-10-02T02:29:15.201 [pick_tool_node] DOING [pickTool:ruler] step: validating_tool
2026-10-02T02:29:15.290 [motion_node] RECEIVED SetState request: TOOL_CHECK
2026-10-02T02:29:15.337 [motion_node] SENT state TOOL_CHECK: OK TOOL_CHECK
2026-10-02T02:29:15.480 [pick_tool_node] SENT state -> TOOL_CHECK
2026-10-02T02:29:15.538 [draw_line_node] RECEIVED push button pressed
2026-10-02T02:29:15.524 [mark_point_node] RECEIVED push button pressed
2026-10-02T02:29:25.896 [pick_tool_node] ERROR [pickTool:ruler] failed: timed out waiting for /vision/detect_object
2026-10-02T02:29:25.933 [motion_node] RECEIVED SetState request: STANDBY
2026-10-02T02:29:25.998 [motion_node] SENT state STANDBY: OK STANDBY
2026-10-02T02:29:26.107 [pick_tool_node] SENT state -> STANDBY
2026-10-02T02:29:26.197 [dispatch_node] RECEIVED pick result: success=False message="timed out waiting for /vision/detect_object"
2026-10-02T02:29:26.274 [dispatch_node] SENT completion for actionId=pick-19dc38b9 source=robot result={'ok': False, 'action': 'pick', 'message': 'timed out waiting for /vision/detect_object'}
2026-10-02T02:32:07.712 [pick_tool_node] RECEIVED push button pressed

2026-10-02T02:32:07.687 [draw_line_node] RECEIVED push button pressed
2026-10-02T02:32:07.764 [dispatch_node] RECEIVED push button pressed
2026-10-02T02:37:58.402 [dispatch_node] RECEIVED actionId=pick-81576e9c source=robot pairId=pick-81576e9c pairSize=1 payload={'action': 'pick', 'tool': 'ruler'}
2026-10-02T02:37:58.689 [dispatch_node] DOING routing robot action "pick"
2026-10-02T02:37:59.160 [dispatch_node] SENT pick goal: nexus_interfaces.action.PickTool_Goal(target_object='ruler')
2026-10-02T02:37:59.486 [screen_state_node] RECEIVED SetScreenState request: state="robot_pick_started" detail={"source": "robot", "payload": {"action": "pick", "tool": "ruler"}}
2026-10-02T02:37:59.657 [screen_state_node] SENT screen state -> robot_pick_started (display: "ROBOT PICK START")
2026-10-02T02:38:00.186 [pick_tool_node] RECEIVED PickTool goal: ruler
2026-10-02T02:38:00.214 [pick_tool_node] DOING [pickTool:ruler] step: receive_tool
2026-10-02T02:38:00.622 [motion_node] RECEIVED SetState request: STANDBY
2026-10-02T02:38:00.691 [motion_node] SENT state STANDBY: OK STANDBY
2026-10-02T02:38:00.748 [pick_tool_node] SENT state -> STANDBY
2026-10-02T02:38:00.828 [pick_tool_node] SENT human notify: place_tool: Place "ruler" in the robot tool link, then press the button.
2026-10-02T02:38:00.928 [pick_tool_node] DOING [pickTool:ruler] step: waiting_for_button
2026-10-02T02:38:04.884 [dispatch_node] RECEIVED push button pressed
2026-10-02T02:38:04.908 [pick_tool_node] RECEIVED push button pressed
2026-10-02T02:38:04.956 [pick_tool_node] DOING [pickTool:ruler] step: validating_tool
2026-10-02T02:38:05.020 [motion_node] RECEIVED SetState request: TOOL_CHECK
2026-10-02T02:38:05.067 [mark_point_node] RECEIVED push button pressed
2026-10-02T02:38:05.074 [draw_arc_node] RECEIVED push button pressed
CHECK
2026-10-02T02:38:05.095 [draw_line_node] RECEIVED push button pressed
2026-10-02T02:38:05.240 [pick_tool_node] SENT state -> TOOL_CHECK
2026-10-02T02:38:10.316 [motion_node] RECEIVED SetState request: TOOL_MISSING
2026-10-02T02:38:10.370 [motion_node] SENT state TOOL_MISSING: OK TOOL_MISSING
2026-10-02T02:38:10.427 [pick_tool_node] SENT state -> TOOL_MISSING
2026-10-02T02:38:10.514 [pick_tool_node] SENT human notify: tool_missing: Tool "ruler" not detected. Place it and press the button.
2026-10-02T02:38:20.118 [dispatch_node] RECEIVED push button pressed
2026-10-02T02:38:20.128 [mark_point_node] RECEIVED push button pressed
2026-10-02T02:38:20.139 [draw_line_node] RECEIVED push button pressed
2026-10-02T02:38:20.161 [pick_tool_node] RECEIVED push button pressed
2026-10-02T02:38:20.181 [motion_node] RECEIVED SetState request: TOOL_CHECK
2026-10-02T02:38:20.223 [motion_node] SENT state TOOL_CHECK: OK TOOL_CHECK
2026-10-02T02:38:20.268 [pick_tool_node] SENT state -> TOOL_CHECK
2026-10-02T02:38:23.378 [motion_node] RECEIVED SetState request: TOOL_MISSING
2026-10-02T02:38:23.401 [motion_node] SENT state TOOL_MISSING: OK TOOL_MISSING
2026-10-02T02:38:23.438 [pick_tool_node] SENT state -> TOOL_MISSING
2026-10-02T02:38:23.460 [pick_tool_node] SENT human notify: tool_missing: Tool "ruler" not detected. Place it and press the button.
2026-10-02T02:38:33.155 [dispatch_node] RECEIVED push button pressed
2026-10-02T02:38:33.152 [draw_arc_node] RECEIVED push button pressed

2026-10-02T02:38:33.327 [motion_node] RECEIVED SetState request: TOOL_2026-10-02T02:38:33.327 [mark_point_node] RECEIVED push button pressed
2026-10-02T02:38:33.365 [motion_node] SENT state TOOL_CHECK: OK TOOL_CHECK
2026-10-02T02:38:33.439 [pick_tool_node] SENT state -> TOOL_CHECK
2026-10-02T02:38:37.672 [motion_node] RECEIVED SetState request: TOOL_MISSING
2026-10-02T02:38:37.697 [motion_node] SENT state TOOL_MISSING: OK TOOL_MISSING
2026-10-02T02:38:37.748 [pick_tool_node] SENT state -> TOOL_MISSING
2026-10-02T02:38:37.768 [pick_tool_node] SENT human notify: tool_missing: Tool "ruler" not detected. Place it and press the button.
2026-10-02T02:38:44.062 [mark_point_node] RECEIVED push button pressed
2026-10-02T02:38:44.083 [draw_arc_node] RECEIVED push button pressed

2026-10-02T02:38:44.117 [draw_line_node] RECEIVED push button pressed
2026-10-02T02:38:44.117 [motion_node] RECEIVED SetState request: TOOL_CHECK
2026-10-02T02:38:44.151 [motion_node] SENT state TOOL_CHECK: OK TOOL_CHECK
2026-10-02T02:38:44.175 [pick_tool_node] SENT state -> TOOL_CHECK
2026-10-02T02:38:47.652 [motion_node] RECEIVED SetState request: TOOL_MISSING
2026-10-02T02:38:47.680 [motion_node] SENT state TOOL_MISSING: OK TOOL_MISSING
2026-10-02T02:38:47.732 [pick_tool_node] SENT state -> TOOL_MISSING
2026-10-02T02:38:47.758 [pick_tool_node] SENT human notify: tool_missing: Tool "ruler" not detected. Place it and press the button.
2026-10-02T02:38:50.689 [mark_point_node] RECEIVED push button pressed
2026-10-02T02:38:50.702 [pick_tool_node] RECEIVED push button pressed
2026-10-02T02:38:50.715 [dispatch_node] RECEIVED push button pressed

2026-10-02T02:38:50.725 [draw_arc_node] RECEIVED push button pressed
2026-10-02T02:38:50.799 [motion_node] RECEIVED SetState request: TOOL_CHECK
2026-10-02T02:38:50.882 [motion_node] SENT state TOOL_CHECK: OK TOOL_CHECK
2026-10-02T02:38:50.913 [pick_tool_node] SENT state -> TOOL_CHECK
2026-10-02T02:38:56.061 [motion_node] RECEIVED SetState request: TOOL_MISSING
2026-10-02T02:38:56.099 [motion_node] SENT state TOOL_MISSING: OK TOOL_MISSING
2026-10-02T02:38:56.136 [pick_tool_node] SENT state -> TOOL_MISSING
2026-10-02T02:38:56.148 [pick_tool_node] SENT human notify: tool_missing: Tool "ruler" not detected. Place it and press the button.
2026-10-02T02:39:01.511 [dispatch_node] RECEIVED push button pressed
2026-10-02T02:39:01.528 [mark_point_node] RECEIVED push button pressed
2026-10-02T02:39:01.542 [pick_tool_node] RECEIVED push button pressed
2026-10-02T02:39:01.513 [draw_line_node] RECEIVED push button pressed
2026-10-02T02:39:01.562 [draw_arc_node] RECEIVED push button pressed
_CHECK
2026-10-02T02:39:01.584 [motion_node] SENT state TOOL_CHECK: OK TOOL_CHECK
2026-10-02T02:39:01.622 [pick_tool_node] SENT state -> TOOL_CHECK
2026-10-02T02:39:12.141 [motion_node] RECEIVED SetState request: TOOL_MISSING
2026-10-02T02:39:12.167 [motion_node] SENT state TOOL_MISSING: OK TOOL_MISSING
2026-10-02T02:39:12.197 [pick_tool_node] SENT state -> TOOL_MISSING
2026-10-02T02:39:12.211 [pick_tool_node] SENT human notify: tool_missing: Tool "ruler" not detected. Place it and press the button.
2026-10-02T02:39:35.578 [mark_point_node] RECEIVED push button pressed
2026-10-02T02:39:35.582 [pick_tool_node] RECEIVED push button pressed
2026-10-02T02:39:35.578 [dispatch_node] RECEIVED push button pressed
2026-10-02T02:39:35.601 [draw_line_node] RECEIVED push button pressed
2026-10-02T02:39:35.620 [motion_node] RECEIVED SetState request: TOOL_CHECK
2026-10-02T02:39:35.635 [motion_node] SENT state TOOL_CHECK: OK TOOL_CHECK
2026-10-02T02:39:35.671 [pick_tool_node] SENT state -> TOOL_CHECK
2026-10-02T02:39:36.020 [pick_tool_node] RECEIVED push button pressed
2026-10-02T02:39:36.047 [dispatch_node] RECEIVED push button pressed
d
2026-10-02T02:39:37.894 [pick_tool_node] RECEIVED push button pressed

2026-10-02T02:39:37.903 [dispatch_node] RECEIVED push button pressed
2026-10-02T02:39:37.895 [draw_arc_node] RECEIVED push button pressed

2026-10-02T02:39:38.983 [motion_node] RECEIVED SetState request: TOOL_MISSING
2026-10-02T02:39:39.002 [motion_node] SENT state TOOL_MISSING: OK TOOL_MISSING
2026-10-02T02:39:39.026 [pick_tool_node] SENT state -> TOOL_MISSING
2026-10-02T02:39:39.038 [pick_tool_node] SENT human notify: tool_missing: Tool "ruler" not detected. Place it and press the button.
2026-10-02T02:39:51.692 [dispatch_node] RECEIVED push button pressed
_2026-10-02T02:39:51.693 [draw_line_node] RECEIVED push button pressed
2026-10-02T02:39:51.860 [motion_node] SENT state TOOL_CHECK: OK TOOL_CHECK
2026-10-02T02:39:51.958 [pick_tool_node] SENT state -> TOOL_CHECK
2026-10-02T02:39:56.608 [motion_node] RECEIVED SetState request: TOOL_MISSING
2026-10-02T02:39:56.634 [motion_node] SENT state TOOL_MISSING: OK TOOL_MISSING
2026-10-02T02:39:56.670 [pick_tool_node] SENT state -> TOOL_MISSING
2026-10-02T02:39:56.685 [pick_tool_node] SENT human notify: tool_missing: Tool "ruler" not detected. Place it and press the button.
2026-10-02T02:40:01.992 [draw_arc_node] RECEIVED push button pressed
2026-10-02T02:40:02.002 [dispatch_node] RECEIVED push button pressed
d
2026-10-02T02:40:02.008 [draw_line_node] RECEIVED push button pressed
2026-10-02T02:40:02.032 [pick_tool_node] RECEIVED push button pressed
2026-10-02T02:40:02.049 [motion_node] RECEIVED SetState request: TOOL_CHECK
2026-10-02T02:40:02.068 [motion_node] SENT state TOOL_CHECK: OK TOOL_CHECK
2026-10-02T02:40:02.111 [pick_tool_node] SENT state -> TOOL_CHECK
2026-10-02T02:40:05.601 [motion_node] RECEIVED SetState request: TOOL_MISSING
2026-10-02T02:40:05.883 [motion_node] SENT state TOOL_MISSING: OK TOOL_MISSING
2026-10-02T02:40:06.018 [pick_tool_node] SENT state -> TOOL_MISSING
2026-10-02T02:40:06.069 [pick_tool_node] SENT human notify: tool_missing: Tool "ruler" not detected. Place it and press the button.
2026-10-02T02:40:32.764 [mark_point_node] RECEIVED push button pressed
2026-10-02T02:40:32.758 [pick_tool_node] RECEIVED push button pressed
2026-10-02T02:40:32.788 [dispatch_node] RECEIVED push button pressed
2026-10-02T02:40:32.821 [motion_node] RECEIVED SetState request: TOOL_CHECK
2026-10-02T02:40:32.839 [motion_node] SENT state TOOL_CHECK: OK TOOL_CHECK
2026-10-02T02:40:32.870 [pick_tool_node] SENT state -> TOOL_CHECK
2026-10-02T02:40:36.255 [motion_node] RECEIVED SetState request: TOOL_MISSING
2026-10-02T02:40:36.273 [motion_node] SENT state TOOL_MISSING: OK TOOL_MISSING
2026-10-02T02:40:36.312 [pick_tool_node] SENT state -> TOOL_MISSING
2026-10-02T02:40:36.332 [pick_tool_node] SENT human notify: tool_missing: Tool "ruler" not detected. Place it and press the button.
2026-10-02T02:40:43.937 [draw_line_node] RECEIVED push button pressed
2026-10-02T02:40:43.937 [pick_tool_node] RECEIVED push button pressed
2026-10-02T02:40:43.956 [mark_point_node] RECEIVED push button pressed
2026-10-02T02:40:43.987 [motion_node] RECEIVED SetState request: TOOL_CHECK
2026-10-02T02:40:44.003 [motion_node] SENT state TOOL_CHECK: OK TOOL_CHECK
2026-10-02T02:40:44.035 [pick_tool_node] SENT state -> TOOL_CHECK
2026-10-02T02:40:47.624 [motion_node] RECEIVED SetState request: TOOL_MISSING
2026-10-02T02:40:47.645 [motion_node] SENT state TOOL_MISSING: OK TOOL_MISSING
2026-10-02T02:40:47.683 [pick_tool_node] SENT state -> TOOL_MISSING
2026-10-02T02:40:47.695 [pick_tool_node] SENT human notify: tool_missing: Tool "ruler" not detected. Place it and press the button.
2026-10-02T02:40:56.035 [draw_arc_node] RECEIVED push button pressed

2026-10-02T02:40:56.038 [dispatch_node] RECEIVED push button pressed
2026-10-02T02:40:56.059 [motion_node] RECEIVED SetState request: TOOL_CHECK
2026-10-02T02:40:56.078 [motion_node] SENT state TOOL_CHECK: OK TOOL_CHECK
2026-10-02T02:40:56.104 [pick_tool_node] SENT state -> TOOL_CHECK
2026-10-02T02:40:59.759 [motion_node] RECEIVED SetState request: TOOL_MISSING
2026-10-02T02:40:59.786 [motion_node] SENT state TOOL_MISSING: OK TOOL_MISSING
2026-10-02T02:40:59.831 [pick_tool_node] SENT state -> TOOL_MISSING
2026-10-02T02:40:59.854 [pick_tool_node] SENT human notify: tool_missing: Tool "ruler" not detected. Place it and press the button.
2026-10-02T02:42:25.816 [dispatch_node] RECEIVED actionId=pick-ba1097ad source=robot pairId=pick-ba1097ad pairSize=1 payload={'action': 'pick', 'tool': 'pencil'}
2026-10-02T02:42:25.861 [dispatch_node] DOING routing robot action "pick"
2026-10-02T02:42:25.960 [dispatch_node] SENT pick goal: nexus_interfaces.action.PickTool_Goal(target_object='pencil')
2026-10-02T02:42:26.100 [pick_tool_node] RECEIVED PickTool goal: pencil
2026-10-02T02:42:26.099 [screen_state_node] RECEIVED SetScreenState request: state="robot_pick_started" detail={"source": "robot", "payload": {"action": "pick", "tool": "pencil"}}
2026-10-02T02:42:26.120 [pick_tool_node] DOING [pickTool:pencil] step: receive_tool
2026-10-02T02:42:26.141 [motion_node] RECEIVED SetState request: STANDBY
2026-10-02T02:42:26.182 [motion_node] SENT state STANDBY: OK STANDBY
2026-10-02T02:42:26.272 [pick_tool_node] SENT state -> STANDBY
2026-10-02T02:42:26.289 [pick_tool_node] SENT human notify: place_tool: Place "pencil" in the robot tool link, then press the button.
2026-10-02T02:42:26.307 [pick_tool_node] DOING [pickTool:pencil] step: waiting_for_button
2026-10-02T02:42:26.316 [screen_state_node] SENT screen state -> robot_pick_started (display: "ROBOT PICK START")
2026-10-02T02:42:31.091 [dispatch_node] RECEIVED push button pressed
2026-10-02T02:42:31.134 [draw_line_node] RECEIVED push button pressed
2026-10-02T02:42:31.138 [mark_point_node] RECEIVED push button pressed
2026-10-02T02:42:31.124 [pick_tool_node] RECEIVED push button pressed
2026-10-02T02:42:31.147 [pick_tool_node] DOING [pickTool:pencil] step: validating_tool
2026-10-02T02:42:31.149 [draw_arc_node] RECEIVED push button pressed
2026-10-02T02:42:31.189 [motion_node] RECEIVED SetState request: TOOL_CHECK
2026-10-02T02:42:31.236 [motion_node] RECEIVED SetState request: TOOL_CHECK
2026-10-02T02:42:31.245 [motion_node] SENT state TOOL_CHECK: OK TOOL_CHECK
2026-10-02T02:42:31.309 [pick_tool_node] SENT state -> TOOL_CHECK
OL_CHECK
2026-10-02T02:42:31.332 [pick_tool_node] SENT state -> TOOL_CHECK
2026-10-02T02:42:35.085 [motion_node] RECEIVED SetState request: TOOL_MISSING
2026-10-02T02:42:35.140 [motion_node] SENT state TOOL_MISSING: OK TOOL_MISSING
2026-10-02T02:42:35.224 [pick_tool_node] SENT state -> TOOL_MISSING
2026-10-02T02:42:35.276 [pick_tool_node] SENT human notify: tool_missing: Tool "pencil" not detected. Place it and press the button.
2026-10-02T02:42:41.199 [motion_node] RECEIVED SetState request: TOOL_MISSING
2026-10-02T02:42:41.220 [motion_node] SENT state TOOL_MISSING: OK TOOL_MISSING
2026-10-02T02:42:41.252 [pick_tool_node] SENT state -> TOOL_MISSING
2026-10-02T02:42:41.273 [pick_tool_node] SENT human notify: tool_missing: Tool "ruler" not detected. Place it and press the button.
2026-10-02T02:42:44.778 [draw_arc_node] RECEIVED push button pressed
2026-10-02T02:42:44.779 [draw_line_node] RECEIVED push button pressed
2026-10-02T02:42:44.825 [motion_node] RECEIVED SetState request: TOOL_CHECK
10-02T02:42:44.857 [motion_node] RECEIVED SetState request: TOOL_CHECK
2026-10-02T02:42:44.885 [motion_node] SENT state TOOL_CHECK: OK TOOL_CHECK
2026-10-02T02:42:44.922 [motion_node] SENT state TOOL_CHECK: OK TOOL_CHECK
2026-10-02T02:42:44.937 [pick_tool_node] SENT state -> TOOL_CHECK
2026-10-02T02:42:44.995 [pick_tool_node] SENT state -> TOOL_CHECK
2026-10-02T02:42:48.266 [motion_node] RECEIVED SetState request: TOOL_MISSING
2026-10-02T02:42:48.296 [motion_node] SENT state TOOL_MISSING: OK TOOL_MISSING
2026-10-02T02:42:48.333 [pick_tool_node] SENT state -> TOOL_MISSING
2026-10-02T02:42:48.348 [pick_tool_node] SENT human notify: tool_missing: Tool "pencil" not detected. Place it and press the button.
2026-10-02T02:42:48.873 [motion_node] RECEIVED SetState request: TOOL_MISSING
2026-10-02T02:42:48.895 [motion_node] SENT state TOOL_MISSING: OK TOOL_MISSING
2026-10-02T02:42:48.933 [pick_tool_node] SENT state -> TOOL_MISSING
2026-10-02T02:42:48.950 [pick_tool_node] SENT human notify: tool_missing: Tool "ruler" not detected. Place it and press the button.
2026-10-02T02:43:29.492 [draw_line_node] RECEIVED push button pressed
2026-10-02T02:43:29.517 [dispatch_node] RECEIVED push button pressed

2026-10-02T02:43:29.521 [draw_arc_node] RECEIVED push button pressed
d
2026-10-02T02:43:29.547 [motion_node] RECEIVED SetState request: TOOL_CHECK
2026-10-02T02:43:29.547 [motion_node] RECEIVED SetState request: TOOL_CHECK
2026-10-02T02:43:29.574 [motion_node] SENT state TOOL_CHECK: OK TOOL_CHECK
2026-10-02T02:43:29.599 [motion_node] SENT state TOOL_CHECK: OK TOOL_CHECK
2026-10-02T02:43:29.619 [pick_tool_node] SENT state -> TOOL_CHECK
2026-10-02T02:43:29.632 [pick_tool_node] SENT state -> TOOL_CHECK
2026-10-02T02:43:32.831 [motion_node] RECEIVED SetState request: TOOL_MISSING
2026-10-02T02:43:32.855 [motion_node] SENT state TOOL_MISSING: OK TOOL_MISSING
2026-10-02T02:43:32.887 [pick_tool_node] SENT state -> TOOL_MISSING
2026-10-02T02:43:32.912 [pick_tool_node] SENT human notify: tool_missing: Tool "pencil" not detected. Place it and press the button.
2026-10-02T02:43:33.571 [motion_node] RECEIVED SetState request: TOOL_MISSING
2026-10-02T02:43:33.593 [motion_node] SENT state TOOL_MISSING: OK TOOL_MISSING
2026-10-02T02:43:33.613 [pick_tool_node] SENT state -> TOOL_MISSING
2026-10-02T02:43:33.632 [pick_tool_node] SENT human notify: tool_missing: Tool "ruler" not detected. Place it and press the button.
2026-10-02T02:43:52.861 [pick_tool_node] RECEIVED push button pressed
2026-10-02T02:43:52.885 [mark_point_node] RECEIVED push button pressed
2026-10-02T02:43:52.889 [dispatch_node] RECEIVED push button pressed
2026-10-02T02:43:52.926 [motion_node] RECEIVED SetState request: TOOL_CHECK
2026-10-02T02:43:52.943 [motion_node] SENT state TOOL_CHECK: OK TOOL_CHECK
2026-10-02T02:43:52.956 [motion_node] SENT state TOOL_CHECK: OK TOOL_CHECK
2026-10-02T02:43:52.974 [pick_tool_node] SENT state -> TOOL_CHECK
2026-10-02T02:43:52.992 [pick_tool_node] SENT state -> TOOL_CHECK
2026-10-02T02:43:56.765 [motion_node] RECEIVED SetState request: TOOL_MISSING
2026-10-02T02:43:56.794 [motion_node] SENT state TOOL_MISSING: OK TOOL_MISSING
2026-10-02T02:43:56.841 [pick_tool_node] SENT state -> TOOL_MISSING
2026-10-02T02:43:56.856 [pick_tool_node] SENT human notify: tool_missing: Tool "ruler" not detected. Place it and press the button.
2026-10-02T02:43:57.581 [motion_node] RECEIVED SetState request: TOOL_MISSING
2026-10-02T02:43:57.607 [motion_node] SENT state TOOL_MISSING: OK TOOL_MISSING
2026-10-02T02:43:57.641 [pick_tool_node] SENT state -> TOOL_MISSING
2026-10-02T02:43:57.650 [pick_tool_node] SENT human notify: tool_missing: Tool "pencil" not detected. Place it and press the button.
2026-10-02T02:44:06.496 [pick_tool_node] RECEIVED push button pressed
2026-10-02T02:44:06.501 [draw_line_node] RECEIVED push button pressed
2026-10-02T02:44:06.525 [draw_arc_node] RECEIVED push button pressed
2026-10-02T02:44:06.548 [motion_node] RECEIVED SetState request: TOOL_CHECK
2026-10-02T02:44:06.570 [motion_node] RECEIVED SetState request: TOOL_CHECK
2026-10-02T02:44:06.591 [motion_node] SENT state TOOL_CHECK: OK TOOL_CHECK
2026-10-02T02:44:06.599 [motion_node] SENT state TOOL_CHECK: OK TOOL_CHECK
2026-10-02T02:44:06.639 [pick_tool_node] SENT state -> TOOL_CHECK
2026-10-02T02:44:08.173 [motion_node] RECEIVED SetState request: CONFIRMED
2026-10-02T02:44:08.191 [motion_node] SENT state CONFIRMED: OK CONFIRMED
2026-10-02T02:44:08.232 [pick_tool_node] SENT state -> CONFIRMED
2026-10-02T02:44:09.717 [motion_node] RECEIVED SetState request: TOOL_MISSING
2026-10-02T02:44:09.743 [motion_node] SENT state TOOL_MISSING: OK TOOL_MISSING
2026-10-02T02:44:09.773 [pick_tool_node] SENT state -> TOOL_MISSING
2026-10-02T02:44:09.797 [pick_tool_node] SENT human notify: tool_missing: Tool "pencil" not detected. Place it and press the button.
2026-10-02T02:44:09.983 [tool_state_node] RECEIVED SetHeldTool request: "ruler"
2026-10-02T02:44:10.011 [tool_state_node] SENT held tool changed: "" -> "ruler"
2026-10-02T02:44:10.119 [pick_tool_node] DOING [pickTool:ruler] step: standby
2026-10-02T02:44:10.132 [motion_node] RECEIVED SetState request: STANDBY
2026-10-02T02:44:10.156 [motion_node] SENT state STANDBY: OK STANDBY
2026-10-02T02:44:10.190 [pick_tool_node] SENT state -> STANDBY
2026-10-02T02:44:10.225 [dispatch_node] RECEIVED pick result: success=True message="holding "ruler""
2026-10-02T02:44:10.239 [dispatch_node] SENT completion for actionId=pick-81576e9c source=robot result={'ok': True, 'action': 'pick', 'message': 'holding "ruler"'}
2026-10-02T02:44:57.621 [dispatch_node] RECEIVED actionId=pick-b1afc448 source=robot pairId=pick-b1afc448 pairSize=1 payload={'action': 'pick', 'tool': 'pencil'}
2026-10-02T02:44:57.641 [dispatch_node] DOING routing robot action "pick"
2026-10-02T02:44:57.652 [screen_state_node] RECEIVED SetScreenState request: state="robot_pick_started" detail={"source": "robot", "payload": {"action": "pick", "tool": "pencil"}}
2026-10-02T02:44:57.667 [dispatch_node] SENT pick goal: nexus_interfaces.action.PickTool_Goal(target_object='pencil')
2026-10-02T02:44:57.692 [pick_tool_node] RECEIVED PickTool goal: pencil
2026-10-02T02:44:57.710 [pick_tool_node] DOING [pickTool:pencil] step: receive_tool
2026-10-02T02:44:57.730 [motion_node] RECEIVED SetState request: STANDBY
2026-10-02T02:44:57.736 [screen_state_node] SENT screen state -> robot_pick_started (display: "ROBOT PICK START")
2026-10-02T02:44:57.754 [motion_node] SENT state STANDBY: OK STANDBY
2026-10-02T02:44:57.784 [pick_tool_node] SENT state -> STANDBY
2026-10-02T02:44:57.799 [pick_tool_node] SENT human notify: place_tool: Place "pencil" in the robot tool link, then press the button.
2026-10-02T02:44:57.814 [pick_tool_node] DOING [pickTool:pencil] step: waiting_for_button
2026-10-02T02:45:07.166 [draw_line_node] RECEIVED push button pressed
2026-10-02T02:45:07.192 [draw_arc_node] RECEIVED push button pressed
d
2026-10-02T02:45:07.224 [pick_tool_node] DOING [pickTool:pencil] step: validating_tool
2026-10-02T02:45:07.230 [pick_tool_node] RECEIVED push button pressed
2026-10-02T02:45:07.237 [motion_node] RECEIVED SetState request: TOOL_CHECK
2026-10-02T02:45:07.248 [dispatch_node] RECEIVED push button pressed
2026-10-02T02:45:07.260 [motion_node] SENT state TOOL_CHECK: OK TOOL_CHECK
2026-10-02T02:45:07.268 [motion_node] SENT state TOOL_CHECK: OK TOOL_CHECK
2026-10-02T02:45:07.301 [pick_tool_node] SENT state -> TOOL_CHECK
2026-10-02T02:45:11.002 [motion_node] RECEIVED SetState request: TOOL_MISSING
2026-10-02T02:45:11.109 [motion_node] SENT state TOOL_MISSING: OK TOOL_MISSING
2026-10-02T02:45:11.153 [pick_tool_node] SENT state -> TOOL_MISSING
2026-10-02T02:45:11.170 [pick_tool_node] SENT human notify: tool_missing: Tool "pencil" not detected. Place it and press the button.
2026-10-02T02:45:12.063 [motion_node] RECEIVED SetState request: TOOL_MISSING
2026-10-02T02:45:12.094 [motion_node] SENT state TOOL_MISSING: OK TOOL_MISSING
2026-10-02T02:45:12.126 [pick_tool_node] SENT state -> TOOL_MISSING
2026-10-02T02:45:12.139 [pick_tool_node] SENT human notify: tool_missing: Tool "pencil" not detected. Place it and press the button.
2026-10-02T02:45:38.058 [draw_line_node] RECEIVED push button pressed
2026-10-02T02:45:38.076 [pick_tool_node] RECEIVED push button pressed

2026-10-02T02:45:38.096 [draw_arc_node] RECEIVED push button pressed
2026-10-02T02:45:38.100 [dispatch_node] RECEIVED push button pressed
2026-10-02T02:45:38.105 [motion_node] RECEIVED SetState request: TOOL_CHECK
2026-10-02T02:45:38.155 [motion_node] SENT state TOOL_CHECK: OK TOOL_CHECK

2026-10-02T02:45:38.182 [motion_node] SENT state TOOL_CHECK: OK TOOL_CHECK
2026-10-02T02:45:38.205 [pick_tool_node] SENT state -> TOOL_CHECK
2026-10-02T02:45:38.219 [pick_tool_node] SENT state -> TOOL_CHECK
2026-10-02T02:45:41.390 [motion_node] RECEIVED SetState request: TOOL_MISSING
2026-10-02T02:45:41.411 [motion_node] SENT state TOOL_MISSING: OK TOOL_MISSING
2026-10-02T02:45:41.446 [pick_tool_node] SENT state -> TOOL_MISSING
2026-10-02T02:45:41.456 [pick_tool_node] SENT human notify: tool_missing: Tool "pencil" not detected. Place it and press the button.
2026-10-02T02:45:42.007 [motion_node] RECEIVED SetState request: TOOL_MISSING
2026-10-02T02:45:42.032 [motion_node] SENT state TOOL_MISSING: OK TOOL_MISSING
2026-10-02T02:45:42.078 [pick_tool_node] SENT state -> TOOL_MISSING
2026-10-02T02:45:42.099 [pick_tool_node] SENT human notify: tool_missing: Tool "pencil" not detected. Place it and press the button.
2026-10-02T02:45:45.781 [dispatch_node] RECEIVED push button pressed
2026-10-02T02:45:45.782 [pick_tool_node] RECEIVED push button pressed
2026-10-02T02:45:45.800 [mark_point_node] RECEIVED push button pressed
2026-10-02T02:45:45.803 [motion_node] RECEIVED SetState request: TOOL_CHECK
2026-10-02T02:45:45.808 [draw_line_node] RECEIVED push button pressed
2026-10-02T02:45:45.817 [motion_node] RECEIVED SetState request: TOOL_CHECK
2026-10-02T02:45:45.835 [draw_arc_node] RECEIVED push button pressed
2026-10-02T02:45:45.838 [motion_node] SENT state TOOL_CHECK: OK TOOL_CHECK
2026-10-02T02:45:45.849 [motion_node] SENT state TOOL_CHECK: OK TOOL_CHECK
2026-10-02T02:45:45.878 [pick_tool_node] SENT state -> TOOL_CHECK
2026-10-02T02:45:45.898 [pick_tool_node] SENT state -> TOOL_CHECK
2026-10-02T02:45:49.245 [motion_node] RECEIVED SetState request: TOOL_MISSING
2026-10-02T02:45:49.298 [motion_node] SENT state TOOL_MISSING: OK TOOL_MISSING
2026-10-02T02:45:49.349 [pick_tool_node] SENT state -> TOOL_MISSING
2026-10-02T02:45:49.379 [pick_tool_node] SENT human notify: tool_missing: Tool "pencil" not detected. Place it and press the button.
2026-10-02T02:45:49.877 [motion_node] RECEIVED SetState request: TOOL_MISSING
2026-10-02T02:45:49.899 [motion_node] SENT state TOOL_MISSING: OK TOOL_MISSING
2026-10-02T02:45:49.936 [pick_tool_node] SENT state -> TOOL_MISSING
2026-10-02T02:45:49.951 [pick_tool_node] SENT human notify: tool_missing: Tool "pencil" not detected. Place it and press the button.
2026-10-02T02:45:51.033 [pick_tool_node] RECEIVED push button pressed
2026-10-02T02:45:51.071 [mark_point_node] RECEIVED push button pressed2026-10-02T02:45:51.078 [motion_node] RECEIVED SetState request: TOOL_CHECK
2026-10-02T02:45:51.098 [draw_arc_node] RECEIVED push button pressed
2026-10-02T02:45:51.108 [motion_node] RECEIVED SetState request: TOOL_CHECK
2026-10-02T02:45:51.121 [motion_node] SENT state TOOL_CHECK: OK TOOL_CHECK
2026-10-02T02:45:51.136 [motion_node] SENT state TOOL_CHECK: OK TOOL_CHECK
2026-10-02T02:45:51.162 [pick_tool_node] SENT state -> TOOL_CHECK
2026-10-02T02:45:51.174 [pick_tool_node] SENT state -> TOOL_CHECK
2026-10-02T02:45:54.370 [motion_node] RECEIVED SetState request: TOOL_MISSING
2026-10-02T02:45:54.412 [motion_node] SENT state TOOL_MISSING: OK TOOL_MISSING
2026-10-02T02:45:54.454 [pick_tool_node] SENT state -> TOOL_MISSING
2026-10-02T02:45:54.483 [pick_tool_node] SENT human notify: tool_missing: Tool "pencil" not detected. Place it and press the button.
2026-10-02T02:45:55.099 [motion_node] RECEIVED SetState request: TOOL_MISSING
2026-10-02T02:45:55.124 [motion_node] SENT state TOOL_MISSING: OK TOOL_MISSING
2026-10-02T02:45:55.160 [pick_tool_node] SENT state -> TOOL_MISSING
2026-10-02T02:45:55.180 [pick_tool_node] SENT human notify: tool_missing: Tool "pencil" not detected. Place it and press the button.
2026-10-02T02:57:43.019 [pick_tool_node] ERROR [pickTool:pencil] failed: timed out waiting for push button
2026-10-02T02:57:43.012 [pick_tool_node] ERROR [pickTool:pencil] failed: timed out waiting for push button
2026-10-02T02:57:44.167 [mark_point_node] RECEIVED push button pressed
2026-10-02T02:57:44.149 [mark_point_node] RECEIVED push button pressed
2026-10-02T02:57:44.399 [pick_tool_node] RECEIVED push button pressed
2026-10-02T02:57:44.476 [pick_tool_node] RECEIVED push button pressed
2026-10-02T02:57:44.522 [pick_tool_node] RECEIVED push button pressed

2026-10-02T02:57:44.567 [mark_point_node] RECEIVED push button pressed
2026-10-02T02:57:44.757 [draw_line_node] RECEIVED push button pressed
2026-10-02T02:57:44.770 [draw_line_node] RECEIVED push button pressed
2026-10-02T02:57:44.813 [dispatch_node] RECEIVED push button pressed
2026-10-02T02:57:44.757 [dispatch_node] RECEIVED push button pressed
2026-10-02T02:57:45.858 [motion_node] RECEIVED SetState request: STANDBY
2026-10-02T02:57:45.966 [motion_node] SENT state STANDBY: OK STANDBY
2026-10-02T02:57:46.012 [motion_node] SENT state STANDBY: OK STANDBY
2026-10-02T02:57:46.090 [pick_tool_node] SENT state -> STANDBY
2026-10-02T02:57:46.124 [pick_tool_node] SENT state -> STANDBY
2026-10-02T03:12:04.399 [grid_node] INFO grid_node using shared camera via /camera/frame
2026-10-02T03:12:04.909 [grid_node] INFO grid_node ready - viewer at http://<this-machine-ip>:8091/, paper_size=A4
2026-10-02T03:12:11.828 [tool_state_node] INFO tool_state_node ready — holding: <none>
2026-10-02T03:12:12.597 [screen_state_node] WARN screen_state_node running in MOCK serial mode - no display Arduino attached
2026-10-02T03:12:12.751 [pick_and_place_node] INFO pick_and_place_node ready — action server on "pick_and_place"
2026-10-02T03:12:12.788 [pick_tool_node] INFO pick_tool_node ready — action server on "pick_tool"
2026-10-02T03:12:12.981 [screen_state_node] INFO screen_state_node ready (mock_serial=True) - serving /screen/set_state
2026-10-02T03:12:12.997 [draw_arc_node] INFO draw_arc_node ready — action server on "draw_arc"
2026-10-02T03:12:13.026 [draw_line_node] INFO draw_line_node ready — action server on "draw_line"
2026-10-02T03:12:13.279 [mark_point_node] INFO mark_point_node ready — action server on "mark_point"
2026-10-02T03:12:13.374 [dispatch_node] INFO dispatch_node ready - listening on /action/dispatch
2026-10-02T03:13:19.577 [dispatch_node] RECEIVED actionId=pick-4f1d0063 source=robot pairId=pick-4f1d0063 pairSize=1 payload={'action': 'pick', 'tool': 'ruler'}
2026-10-02T03:13:19.904 [motion_node] RECEIVED SetState request: BOOT
2026-10-02T03:13:19.936 [screen_state_node] RECEIVED SetScreenState request: state="robot_pick_started" detail={"source": "robot", "payload": {"action": "pick", "tool": "ruler"}}
2026-10-02T03:13:20.077 [screen_state_node] SENT screen state -> robot_pick_started (display: "ROBOT PICK START")
2026-10-02T03:13:26.539 [motion_node] SENT state BOOT: OK BOOT
2026-10-02T03:13:26.575 [dispatch_node] SENT state -> BOOT
2026-10-02T03:13:26.597 [dispatch_node] DOING routing robot action "pick"
2026-10-02T03:13:26.668 [dispatch_node] SENT pick goal: nexus_interfaces.action.PickTool_Goal(target_object='ruler')
2026-10-02T03:13:26.966 [pick_tool_node] RECEIVED PickTool goal: ruler
2026-10-02T03:13:26.980 [pick_tool_node] DOING [pickTool:ruler] step: receive_tool
2026-10-02T03:13:27.009 [motion_node] RECEIVED SetState request: STANDBY
2026-10-02T03:13:27.029 [motion_node] SENT state STANDBY: OK STANDBY
2026-10-02T03:13:27.062 [pick_tool_node] SENT state -> STANDBY
2026-10-02T03:13:27.083 [pick_tool_node] SENT human notify: place_tool: Place "ruler" in the robot tool link, then press the button.
2026-10-02T03:13:27.110 [pick_tool_node] DOING [pickTool:ruler] step: waiting_for_button
2026-10-02T03:13:42.131 [pick_tool_node] RECEIVED push button pressed
validating_tool
2026-10-02T03:13:42.147 [dispatch_node] RECEIVED push button pressed
2026-10-02T03:13:42.170 [motion_node] RECEIVED SetState request: TOOL_CHECK
2026-10-02T03:13:42.191 [motion_node] SENT state TOOL_CHECK: OK TOOL_CHECK
2026-10-02T03:13:42.213 [pick_tool_node] SENT state -> TOOL_CHECK
2026-10-02T03:13:42.248 [draw_arc_node] RECEIVED push button pressed
2026-10-02T03:13:42.265 [mark_point_node] RECEIVED push button pressed
2026-10-02T03:13:42.281 [draw_line_node] RECEIVED push button pressed
2026-10-02T03:13:45.549 [draw_line_node] RECEIVED push button pressed
026-10-02T03:13:45.478 [pick_tool_node] RECEIVED push button pressed
2026-10-02T03:13:47.465 [motion_node] RECEIVED SetState request: TOOL_MISSING
2026-10-02T03:13:47.486 [motion_node] SENT state TOOL_MISSING: OK TOOL_MISSING
2026-10-02T03:13:47.526 [pick_tool_node] SENT state -> TOOL_MISSING
2026-10-02T03:13:47.548 [pick_tool_node] SENT human notify: tool_missing: Tool "ruler" not detected. Place it and press the button.
2026-10-02T03:13:55.073 [mark_point_node] RECEIVED push button pressed
2026-10-02T03:13:55.115 [draw_line_node] RECEIVED push button pressed
2026-10-02T03:13:55.161 [motion_node] RECEIVED SetState request: TOOL_CHECK
2026-10-02T03:13:55.203 [motion_node] SENT state TOOL_CHECK: OK TOOL_CHECK
2026-10-02T03:13:55.251 [pick_tool_node] SENT state -> TOOL_CHECK
2026-10-02T03:13:58.422 [motion_node] RECEIVED SetState request: TOOL_MISSING
2026-10-02T03:13:58.445 [motion_node] SENT state TOOL_MISSING: OK TOOL_MISSING
2026-10-02T03:13:58.502 [pick_tool_node] SENT state -> TOOL_MISSING
2026-10-02T03:13:58.522 [pick_tool_node] SENT human notify: tool_missing: Tool "ruler" not detected. Place it and press the button.
2026-10-02T03:14:16.453 [pick_tool_node] RECEIVED push button pressed
2026-10-02T03:14:16.467 [draw_line_node] RECEIVED push button pressed
2026-10-02T03:14:16.465 [mark_point_node] RECEIVED push button pressed
2026-10-02T03:14:16.501 [motion_node] RECEIVED SetState request: TOOL_CHECK
2026-10-02T03:14:16.522 [motion_node] SENT state TOOL_CHECK: OK TOOL_CHECK
2026-10-02T03:14:16.541 [pick_tool_node] SENT state -> TOOL_CHECK
2026-10-02T03:14:20.676 [motion_node] RECEIVED SetState request: TOOL_MISSING
2026-10-02T03:14:20.698 [motion_node] SENT state TOOL_MISSING: OK TOOL_MISSING
2026-10-02T03:14:20.780 [pick_tool_node] SENT state -> TOOL_MISSING
2026-10-02T03:14:20.800 [pick_tool_node] SENT human notify: tool_missing: Tool "ruler" not detected. Place it and press the button.
2026-10-02T03:19:21.440 [dispatch_node] RECEIVED actionId=pick-f2043be1 source=robot pairId=pick-f2043be1 pairSize=1 payload={'action': 'pick', 'tool': 'ruler'}
2026-10-02T03:19:21.535 [dispatch_node] DOING routing robot action "pick"
2026-10-02T03:19:21.772 [dispatch_node] SENT pick goal: nexus_interfaces.action.PickTool_Goal(target_object='ruler')
2026-10-02T03:19:21.944 [screen_state_node] RECEIVED SetScreenState request: state="robot_pick_started" detail={"source": "robot", "payload": {"action": "pick", "tool": "ruler"}}
2026-10-02T03:19:22.074 [screen_state_node] SENT screen state -> robot_pick_started (display: "ROBOT PICK START")
2026-10-02T03:19:22.366 [pick_tool_node] RECEIVED PickTool goal: ruler
2026-10-02T03:19:22.394 [pick_tool_node] DOING [pickTool:ruler] step: receive_tool
2026-10-02T03:19:22.919 [motion_node] RECEIVED SetState request: STANDBY
2026-10-02T03:19:22.965 [motion_node] SENT state STANDBY: OK STANDBY
2026-10-02T03:19:23.019 [pick_tool_node] SENT state -> STANDBY
2026-10-02T03:19:23.064 [pick_tool_node] SENT human notify: place_tool: Place "ruler" in the robot tool link, then press the button.
2026-10-02T03:19:23.104 [pick_tool_node] DOING [pickTool:ruler] step: waiting_for_button
2026-10-02T03:19:48.042 [dispatch_node] RECEIVED push button pressed
2026-10-02T03:19:48.186 [pick_tool_node] RECEIVED push button pressed
CHECK
2026-10-02T03:19:48.191 [pick_tool_node] DOING [pickTool:ruler] step: validating_tool
2026-10-02T03:19:48.260 [motion_node] SENT state TOOL_CHECK: OK TOOL_CHECK
2026-10-02T03:19:48.349 [pick_tool_node] SENT state -> TOOL_CHECK
2026-10-02T03:19:48.410 [motion_node] RECEIVED SetState request: TOOL_CHECK
2026-10-02T03:19:48.475 [motion_node] SENT state TOOL_CHECK: OK TOOL_CHECK
2026-10-02T03:19:48.571 [pick_tool_node] SENT state -> TOOL_CHECK
2026-10-02T03:19:48.498 [mark_point_node] RECEIVED push button pressed
2026-10-02T03:19:48.622 [draw_line_node] RECEIVED push button pressed
2026-10-02T03:19:56.513 [motion_node] RECEIVED SetState request: CONFIRMED
2026-10-02T03:19:56.676 [motion_node] SENT state CONFIRMED: OK CONFIRMED
2026-10-02T03:19:56.824 [pick_tool_node] SENT state -> CONFIRMED
2026-10-02T03:19:58.675 [pick_tool_node] ERROR [pickTool:ruler] failed: timed out waiting for /vision/detect_object
2026-10-02T03:19:58.773 [motion_node] RECEIVED SetState request: STANDBY
2026-10-02T03:19:58.813 [motion_node] SENT state STANDBY: OK STANDBY
2026-10-02T03:19:58.867 [pick_tool_node] SENT state -> STANDBY
2026-10-02T03:19:58.949 [dispatch_node] RECEIVED pick result: success=False message="timed out waiting for /vision/detect_object"
2026-10-02T03:19:58.993 [dispatch_node] SENT completion for actionId=pick-f2043be1 source=robot result={'ok': False, 'action': 'pick', 'message': 'timed out waiting for /vision/detect_object'}
2026-10-02T03:19:59.155 [tool_state_node] RECEIVED SetHeldTool request: "ruler"
2026-10-02T03:19:59.209 [tool_state_node] SENT held tool changed: "" -> "ruler"
2026-10-02T03:19:59.269 [pick_tool_node] DOING [pickTool:ruler] step: standby
2026-10-02T03:19:59.292 [motion_node] RECEIVED SetState request: STANDBY
2026-10-02T03:19:59.330 [motion_node] SENT state STANDBY: OK STANDBY
2026-10-02T03:19:59.386 [pick_tool_node] SENT state -> STANDBY
2026-10-02T03:19:59.417 [dispatch_node] RECEIVED pick result: success=True message="holding "ruler""
2026-10-02T03:19:59.437 [dispatch_node] SENT completion for actionId=pick-4f1d0063 source=robot result={'ok': True, 'action': 'pick', 'message': 'holding "ruler"'}
2026-10-02T03:20:31.940 [dispatch_node] RECEIVED actionId=pick-96b51bc8 source=robot pairId=pick-96b51bc8 pairSize=1 payload={'action': 'pick', 'tool': 'ruler'}
2026-10-02T03:20:31.955 [dispatch_node] DOING routing robot action "pick"
2026-10-02T03:20:31.979 [screen_state_node] RECEIVED SetScreenState request: state="robot_pick_started" detail={"source": "robot", "payload": {"action": "pick", "tool": "ruler"}}
2026-10-02T03:20:31.986 [dispatch_node] SENT pick goal: nexus_interfaces.action.PickTool_Goal(target_object='ruler')
2026-10-02T03:20:32.038 [pick_tool_node] RECEIVED PickTool goal: ruler
2026-10-02T03:20:32.057 [pick_tool_node] DOING [pickTool:ruler] step: receive_tool
2026-10-02T03:20:32.056 [screen_state_node] SENT screen state -> robot_pick_started (display: "ROBOT PICK START")
2026-10-02T03:20:32.079 [motion_node] RECEIVED SetState request: STANDBY
2026-10-02T03:20:32.094 [motion_node] SENT state STANDBY: OK STANDBY
2026-10-02T03:20:32.137 [pick_tool_node] SENT state -> STANDBY
2026-10-02T03:20:32.150 [pick_tool_node] SENT human notify: place_tool: Place "ruler" in the robot tool link, then press the button.
2026-10-02T03:20:32.166 [pick_tool_node] DOING [pickTool:ruler] step: waiting_for_button
2026-10-02T03:20:34.798 [pick_tool_node] RECEIVED push button pressed
2026-10-02T03:20:34.800 [mark_point_node] RECEIVED push button pressed
2026-10-02T03:20:34.819 [draw_arc_node] RECEIVED push button pressed

2026-10-02T03:20:34.829 [pick_tool_node] DOING [pickTool:ruler] step: validating_tool
2026-10-02T03:20:34.858 [motion_node] RECEIVED SetState request: TOOL_CHECK
2026-10-02T03:20:34.879 [motion_node] SENT state TOOL_CHECK: OK TOOL_CHECK
2026-10-02T03:20:34.903 [pick_tool_node] SENT state -> TOOL_CHECK
2026-10-02T03:20:35.807 [motion_node] RECEIVED SetState request: CONFIRMED
2026-10-02T03:20:35.836 [motion_node] SENT state CONFIRMED: OK CONFIRMED
2026-10-02T03:20:35.854 [pick_tool_node] SENT state -> CONFIRMED
2026-10-02T03:20:36.868 [tool_state_node] RECEIVED SetHeldTool request: "ruler"
2026-10-02T03:20:36.878 [tool_state_node] SENT held tool changed: "ruler" -> "ruler"
2026-10-02T03:20:36.909 [pick_tool_node] DOING [pickTool:ruler] step: standby
2026-10-02T03:20:36.925 [motion_node] RECEIVED SetState request: STANDBY
2026-10-02T03:20:36.945 [motion_node] SENT state STANDBY: OK STANDBY
2026-10-02T03:20:36.981 [pick_tool_node] SENT state -> STANDBY
2026-10-02T03:20:37.001 [dispatch_node] RECEIVED pick result: success=True message="holding "ruler""
2026-10-02T03:20:37.014 [dispatch_node] SENT completion for actionId=pick-96b51bc8 source=robot result={'ok': True, 'action': 'pick', 'message': 'holding "ruler"'}
2026-10-02T03:22:45.552 [dispatch_node] RECEIVED actionId=pick-3ecf4fee source=robot pairId=pick-3ecf4fee pairSize=1 payload={'action': 'pick', 'tool': 'ruler'}
2026-10-02T03:22:45.589 [dispatch_node] DOING routing robot action "pick"
2026-10-02T03:22:45.667 [dispatch_node] SENT pick goal: nexus_interfaces.action.PickTool_Goal(target_object='ruler')
2026-10-02T03:22:45.769 [screen_state_node] RECEIVED SetScreenState request: state="robot_pick_started" detail={"source": "robot", "payload": {"action": "pick", "tool": "ruler"}}
2026-10-02T03:22:45.866 [screen_state_node] SENT screen state -> robot_pick_started (display: "ROBOT PICK START")
2026-10-02T03:22:46.007 [pick_tool_node] RECEIVED PickTool goal: ruler
2026-10-02T03:22:46.025 [pick_tool_node] DOING [pickTool:ruler] step: receive_tool
2026-10-02T03:22:46.189 [motion_node] RECEIVED SetState request: STANDBY
2026-10-02T03:22:46.211 [motion_node] SENT state STANDBY: OK STANDBY
2026-10-02T03:22:46.246 [pick_tool_node] SENT state -> STANDBY
2026-10-02T03:22:46.283 [pick_tool_node] SENT human notify: place_tool: Place "ruler" in the robot tool link, then press the button.
2026-10-02T03:22:46.299 [pick_tool_node] DOING [pickTool:ruler] step: waiting_for_button
2026-10-02T03:23:11.763 [dispatch_node] RECEIVED push button pressed

2026-10-02T03:23:11.789 [pick_tool_node] DOING [pickTool:ruler] step: validating_tool
2026-10-02T03:23:11.822 [motion_node] RECEIVED SetState request: TOOL_CHECK
2026-10-02T03:23:11.861 [motion_node] SENT state TOOL_CHECK: OK TOOL_CHECK
2026-10-02T03:23:11.882 [draw_line_node] RECEIVED push button pressed
2026-10-02T03:23:11.911 [pick_tool_node] SENT state -> TOOL_CHECK
2026-10-02T03:23:11.940 [mark_point_node] RECEIVED push button pressed
2026-10-02T03:23:11.946 [draw_arc_node] RECEIVED push button pressed
2026-10-02T03:23:17.787 [motion_node] RECEIVED SetState request: TOOL_MISSING
2026-10-02T03:23:17.829 [motion_node] SENT state TOOL_MISSING: OK TOOL_MISSING
2026-10-02T03:23:17.853 [pick_tool_node] SENT state -> TOOL_MISSING
2026-10-02T03:23:17.877 [pick_tool_node] SENT human notify: tool_missing: Tool "ruler" not detected. Place it and press the button.
2026-10-02T03:23:38.514 [pick_tool_node] RECEIVED push button pressed
2026-10-02T03:23:38.546 [dispatch_node] RECEIVED push button pressed
d
2026-10-02T03:23:38.568 [draw_arc_node] RECEIVED push button pressed
2026-10-02T03:23:38.589 [motion_node] RECEIVED SetState request: TOOL_CHECK
2026-10-02T03:23:38.611 [motion_node] SENT state TOOL_CHECK: OK TOOL_CHECK
2026-10-02T03:23:38.640 [pick_tool_node] SENT state -> TOOL_CHECK
2026-10-02T03:23:42.825 [motion_node] RECEIVED SetState request: TOOL_MISSING
2026-10-02T03:23:42.858 [motion_node] SENT state TOOL_MISSING: OK TOOL_MISSING
2026-10-02T03:23:42.911 [pick_tool_node] SENT state -> TOOL_MISSING
2026-10-02T03:23:42.954 [pick_tool_node] SENT human notify: tool_missing: Tool "ruler" not detected. Place it and press the button.
2026-10-02T03:24:11.098 [draw_arc_node] RECEIVED push button pressed


2026-10-02T03:24:11.109 [pick_tool_node] RECEIVED push button pressed
2026-10-02T03:24:11.142 [motion_node] RECEIVED SetState request: TOOL_CHECK
2026-10-02T03:24:11.165 [motion_node] SENT state TOOL_CHECK: OK TOOL_CHECK
2026-10-02T03:24:11.226 [pick_tool_node] SENT state -> TOOL_CHECK
2026-10-02T03:24:14.476 [motion_node] RECEIVED SetState request: TOOL_MISSING
2026-10-02T03:24:14.521 [motion_node] SENT state TOOL_MISSING: OK TOOL_MISSING
2026-10-02T03:24:14.553 [pick_tool_node] SENT state -> TOOL_MISSING
2026-10-02T03:24:14.572 [pick_tool_node] SENT human notify: tool_missing: Tool "ruler" not detected. Place it and press the button.
2026-10-02T03:24:30.403 [dispatch_node] RECEIVED push button pressed

2026-10-02T03:24:30.442 [motion_node] RECEIVED SetState request: TOOL_CHECK
2026-10-02T03:24:30.469 [motion_node] SENT state TOOL_CHECK: OK TOOL_CHECK
2026-10-02T03:24:30.488 [pick_tool_node] SENT state -> TOOL_CHECK
2026-10-02T03:24:34.133 [motion_node] RECEIVED SetState request: TOOL_MISSING
2026-10-02T03:24:34.155 [motion_node] SENT state TOOL_MISSING: OK TOOL_MISSING
2026-10-02T03:24:34.188 [pick_tool_node] SENT state -> TOOL_MISSING
2026-10-02T03:24:34.205 [pick_tool_node] SENT human notify: tool_missing: Tool "ruler" not detected. Place it and press the button.
2026-10-02T03:24:46.998 [pick_tool_node] RECEIVED push button pressed
2026-10-02T03:24:47.000 [dispatch_node] RECEIVED push button pressed
d
2026-10-02T03:24:47.007 [draw_line_node] RECEIVED push button pressed
2026-10-02T03:24:47.044 [motion_node] RECEIVED SetState request: TOOL_CHECK
2026-10-02T03:24:47.069 [motion_node] SENT state TOOL_CHECK: OK TOOL_CHECK
2026-10-02T03:24:47.095 [pick_tool_node] SENT state -> TOOL_CHECK
2026-10-02T03:24:50.513 [motion_node] RECEIVED SetState request: TOOL_MISSING
2026-10-02T03:24:50.550 [motion_node] SENT state TOOL_MISSING: OK TOOL_MISSING
2026-10-02T03:24:50.615 [pick_tool_node] SENT state -> TOOL_MISSING
2026-10-02T03:24:50.641 [pick_tool_node] SENT human notify: tool_missing: Tool "ruler" not detected. Place it and press the button.
2026-10-02T03:24:57.681 [draw_line_node] RECEIVED push button pressed
2026-10-02T03:24:57.687 [draw_arc_node] RECEIVED push button pressed
2026-10-02T03:24:57.686 [pick_tool_node] RECEIVED push button pressed

2026-10-02T03:24:57.703 [dispatch_node] RECEIVED push button pressed
2026-10-02T03:24:57.740 [motion_node] RECEIVED SetState request: TOOL_CHECK
2026-10-02T03:24:57.762 [motion_node] SENT state TOOL_CHECK: OK TOOL_CHECK
2026-10-02T03:24:57.791 [pick_tool_node] SENT state -> TOOL_CHECK
2026-10-02T03:25:02.071 [motion_node] RECEIVED SetState request: TOOL_MISSING
2026-10-02T03:25:02.089 [motion_node] SENT state TOOL_MISSING: OK TOOL_MISSING
2026-10-02T03:25:02.130 [pick_tool_node] SENT state -> TOOL_MISSING
2026-10-02T03:25:02.147 [pick_tool_node] SENT human notify: tool_missing: Tool "ruler" not detected. Place it and press the button.
2026-10-02T03:25:16.945 [dispatch_node] RECEIVED push button pressed

2026-10-02T03:25:16.942 [draw_arc_node] RECEIVED push button pressed

2026-10-02T03:25:16.962 [mark_point_node] RECEIVED push button pressed
2026-10-02T03:25:16.988 [motion_node] RECEIVED SetState request: TOOL_CHECK
2026-10-02T03:25:17.004 [motion_node] SENT state TOOL_CHECK: OK TOOL_CHECK
2026-10-02T03:25:17.022 [pick_tool_node] SENT state -> TOOL_CHECK
2026-10-02T03:25:20.402 [motion_node] RECEIVED SetState request: TOOL_MISSING
2026-10-02T03:25:20.798 [motion_node] SENT state TOOL_MISSING: OK TOOL_MISSING
2026-10-02T03:25:20.863 [pick_tool_node] SENT state -> TOOL_MISSING
2026-10-02T03:25:20.894 [pick_tool_node] SENT human notify: tool_missing: Tool "ruler" not detected. Place it and press the button.
2026-10-02T03:25:30.590 [mark_point_node] RECEIVED push button pressed
2026-10-02T03:25:30.602 [draw_arc_node] RECEIVED push button pressed

2026-10-02T03:25:30.640 [motion_node] RECEIVED SetState request: TOOL_CHECK
2026-10-02T03:25:30.659 [motion_node] SENT state TOOL_CHECK: OK TOOL_CHECK
2026-10-02T03:25:30.688 [pick_tool_node] SENT state -> TOOL_CHECK
2026-10-02T03:25:34.334 [motion_node] RECEIVED SetState request: TOOL_MISSING
2026-10-02T03:25:34.364 [motion_node] SENT state TOOL_MISSING: OK TOOL_MISSING
2026-10-02T03:25:34.411 [pick_tool_node] SENT state -> TOOL_MISSING
2026-10-02T03:25:34.423 [pick_tool_node] SENT human notify: tool_missing: Tool "ruler" not detected. Place it and press the button.
2026-10-02T03:26:31.616 [dispatch_node] RECEIVED push button pressed
d
2026-10-02T03:26:31.666 [draw_arc_node] RECEIVED push button pressed
2026-10-02T03:26:31.657 [draw_line_node] RECEIVED push button pressed
2026-10-02T03:26:31.677 [motion_node] RECEIVED SetState request: TOOL_CHECK
2026-10-02T03:26:31.701 [motion_node] SENT state TOOL_CHECK: OK TOOL_CHECK
2026-10-02T03:26:31.727 [pick_tool_node] SENT state -> TOOL_CHECK
2026-10-02T03:26:36.037 [motion_node] RECEIVED SetState request: TOOL_MISSING
2026-10-02T03:26:36.061 [motion_node] SENT state TOOL_MISSING: OK TOOL_MISSING
2026-10-02T03:26:36.093 [pick_tool_node] SENT state -> TOOL_MISSING
2026-10-02T03:26:36.131 [pick_tool_node] SENT human notify: tool_missing: Tool "ruler" not detected. Place it and press the button.
2026-10-02T03:26:39.619 [pick_tool_node] RECEIVED push button pressed
2026-10-02T03:26:39.628 [draw_arc_node] RECEIVED push button pressed
2026-10-02T03:26:39.643 [draw_line_node] RECEIVED push button pressed
CHECK
2026-10-02T03:26:39.655 [dispatch_node] RECEIVED push button pressed
2026-10-02T03:26:39.650 [mark_point_node] RECEIVED push button pressed
2026-10-02T03:26:39.674 [motion_node] SENT state TOOL_CHECK: OK TOOL_CHECK
2026-10-02T03:26:39.704 [pick_tool_node] SENT state -> TOOL_CHECK
2026-10-02T03:26:42.866 [motion_node] RECEIVED SetState request: TOOL_MISSING
2026-10-02T03:26:42.887 [motion_node] SENT state TOOL_MISSING: OK TOOL_MISSING
2026-10-02T03:26:42.923 [pick_tool_node] SENT state -> TOOL_MISSING
2026-10-02T03:26:42.955 [pick_tool_node] SENT human notify: tool_missing: Tool "ruler" not detected. Place it and press the button.
2026-10-02T03:26:51.740 [pick_tool_node] RECEIVED push button pressed
2026-10-02T03:26:51.749 [mark_point_node] RECEIVED push button pressed
2026-10-02T03:26:51.763 [draw_line_node] RECEIVED push button pressed
2026-10-02T03:26:51.782 [motion_node] RECEIVED SetState request: TOOL_CHECK
2026-10-02T03:26:51.807 [motion_node] SENT state TOOL_CHECK: OK TOOL_CHECK
2026-10-02T03:26:51.841 [pick_tool_node] SENT state -> TOOL_CHECK
2026-10-02T03:26:55.764 [motion_node] RECEIVED SetState request: TOOL_MISSING
2026-10-02T03:26:55.831 [motion_node] SENT state TOOL_MISSING: OK TOOL_MISSING
2026-10-02T03:26:55.865 [pick_tool_node] SENT state -> TOOL_MISSING
2026-10-02T03:26:55.894 [pick_tool_node] SENT human notify: tool_missing: Tool "ruler" not detected. Place it and press the button.
2026-10-02T03:27:08.446 [dispatch_node] RECEIVED push button pressed

2026-10-02T03:27:08.453 [mark_point_node] RECEIVED push button pressed
2026-10-02T03:27:08.467 [draw_arc_node] RECEIVED push button pressed
2026-10-02T03:27:08.473 [motion_node] RECEIVED SetState request: TOOL_CHECK
2026-10-02T03:27:08.499 [motion_node] SENT state TOOL_CHECK: OK TOOL_CHECK
2026-10-02T03:27:08.559 [pick_tool_node] SENT state -> TOOL_CHECK
2026-10-02T03:27:12.469 [motion_node] RECEIVED SetState request: TOOL_MISSING
2026-10-02T03:27:12.500 [motion_node] SENT state TOOL_MISSING: OK TOOL_MISSING
2026-10-02T03:27:12.538 [pick_tool_node] SENT state -> TOOL_MISSING
2026-10-02T03:27:12.552 [pick_tool_node] SENT human notify: tool_missing: Tool "ruler" not detected. Place it and press the button.
2026-10-02T03:27:17.894 [dispatch_node] RECEIVED push button pressed

2026-10-02T03:27:17.918 [draw_line_node] RECEIVED push button pressed
2026-10-02T03:27:17.933 [mark_point_node] RECEIVED push button pressed
2026-10-02T03:27:17.948 [motion_node] RECEIVED SetState request: TOOL_CHECK
2026-10-02T03:27:17.988 [motion_node] SENT state TOOL_CHECK: OK TOOL_CHECK
2026-10-02T03:27:18.045 [pick_tool_node] SENT state -> TOOL_CHECK
2026-10-02T03:27:19.365 [motion_node] RECEIVED SetState request: CONFIRMED
2026-10-02T03:27:19.443 [motion_node] SENT state CONFIRMED: OK CONFIRMED
2026-10-02T03:27:19.499 [pick_tool_node] SENT state -> CONFIRMED
2026-10-02T03:27:22.366 [tool_state_node] RECEIVED SetHeldTool request: "ruler"
2026-10-02T03:27:22.489 [tool_state_node] SENT held tool changed: "ruler" -> "ruler"
2026-10-02T03:27:22.684 [pick_tool_node] DOING [pickTool:ruler] step: standby
2026-10-02T03:27:22.707 [motion_node] RECEIVED SetState request: STANDBY
2026-10-02T03:27:22.730 [motion_node] SENT state STANDBY: OK STANDBY
2026-10-02T03:27:22.829 [pick_tool_node] SENT state -> STANDBY
2026-10-02T03:27:22.975 [dispatch_node] RECEIVED pick result: success=True message="holding "ruler""
2026-10-02T03:27:23.063 [dispatch_node] SENT completion for actionId=pick-3ecf4fee source=robot result={'ok': True, 'action': 'pick', 'message': 'holding "ruler"'}
2026-10-02T03:27:52.052 [dispatch_node] RECEIVED actionId=pick-02388341 source=robot pairId=pick-02388341 pairSize=1 payload={'action': 'pick', 'tool': 'ruler'}
2026-10-02T03:27:52.077 [dispatch_node] DOING routing robot action "pick"
2026-10-02T03:27:52.173 [dispatch_node] SENT pick goal: nexus_interfaces.action.PickTool_Goal(target_object='ruler')
2026-10-02T03:27:52.232 [pick_tool_node] RECEIVED PickTool goal: ruler
2026-10-02T03:27:52.253 [pick_tool_node] DOING [pickTool:ruler] step: receive_tool
2026-10-02T03:27:52.282 [motion_node] RECEIVED SetState request: STANDBY
2026-10-02T03:27:52.318 [motion_node] SENT state STANDBY: OK STANDBY
2026-10-02T03:27:52.370 [pick_tool_node] SENT state -> STANDBY
2026-10-02T03:27:52.390 [pick_tool_node] SENT human notify: place_tool: Place "ruler" in the robot tool link, then press the button.
2026-10-02T03:27:52.422 [screen_state_node] RECEIVED SetScreenState request: state="robot_pick_started" detail={"source": "robot", "payload": {"action": "pick", "tool": "ruler"}}
2026-10-02T03:27:52.570 [screen_state_node] SENT screen state -> robot_pick_started (display: "ROBOT PICK START")
2026-10-02T03:27:58.702 [pick_tool_node] RECEIVED push button pressed
2026-10-02T03:27:58.726 [pick_tool_node] DOING [pickTool:ruler] step: validating_tool
2026-10-02T03:27:58.741 [draw_line_node] RECEIVED push button pressed

2026-10-02T03:27:58.769 [dispatch_node] RECEIVED push button pressed
2026-10-02T03:27:58.776 [motion_node] RECEIVED SetState request: TOOL_CHECK
2026-10-02T03:27:58.805 [motion_node] SENT state TOOL_CHECK: OK TOOL_CHECK
2026-10-02T03:27:58.837 [pick_tool_node] SENT state -> TOOL_CHECK
2026-10-02T03:27:59.815 [motion_node] RECEIVED SetState request: CONFIRMED
2026-10-02T03:27:59.837 [motion_node] SENT state CONFIRMED: OK CONFIRMED
2026-10-02T03:27:59.871 [pick_tool_node] SENT state -> CONFIRMED
2026-10-02T03:28:00.908 [tool_state_node] RECEIVED SetHeldTool request: "ruler"
2026-10-02T03:28:00.943 [tool_state_node] SENT held tool changed: "ruler" -> "ruler"
2026-10-02T03:28:00.979 [pick_tool_node] DOING [pickTool:ruler] step: standby
2026-10-02T03:28:01.015 [motion_node] RECEIVED SetState request: STANDBY
2026-10-02T03:28:01.065 [motion_node] SENT state STANDBY: OK STANDBY
2026-10-02T03:28:01.104 [pick_tool_node] SENT state -> STANDBY
2026-10-02T03:28:01.159 [dispatch_node] RECEIVED pick result: success=True message="holding "ruler""
2026-10-02T03:28:01.186 [dispatch_node] SENT completion for actionId=pick-02388341 source=robot result={'ok': True, 'action': 'pick', 'message': 'holding "ruler"'}
2026-10-02T03:28:37.305 [dispatch_node] RECEIVED actionId=pick-7aa50ffa source=robot pairId=pick-7aa50ffa pairSize=1 payload={'action': 'pick', 'tool': 'ruler'}
2026-10-02T03:28:37.319 [dispatch_node] DOING routing robot action "pick"
2026-10-02T03:28:37.331 [screen_state_node] RECEIVED SetScreenState request: state="robot_pick_started" detail={"source": "robot", "payload": {"action": "pick", "tool": "ruler"}}
2026-10-02T03:28:37.345 [dispatch_node] SENT pick goal: nexus_interfaces.action.PickTool_Goal(target_object='ruler')
2026-10-02T03:28:37.381 [pick_tool_node] RECEIVED PickTool goal: ruler
2026-10-02T03:28:37.397 [pick_tool_node] DOING [pickTool:ruler] step: receive_tool
2026-10-02T03:28:37.402 [screen_state_node] SENT screen state -> robot_pick_started (display: "ROBOT PICK START")
2026-10-02T03:28:37.428 [motion_node] RECEIVED SetState request: STANDBY
2026-10-02T03:28:37.445 [motion_node] SENT state STANDBY: OK STANDBY
2026-10-02T03:28:37.472 [pick_tool_node] SENT state -> STANDBY
2026-10-02T03:28:37.484 [pick_tool_node] SENT human notify: place_tool: Place "ruler" in the robot tool link, then press the button.
2026-10-02T03:28:37.498 [pick_tool_node] DOING [pickTool:ruler] step: waiting_for_button
2026-10-02T03:28:42.945 [draw_arc_node] RECEIVED push button pressed
d
2026-10-02T03:28:42.941 [pick_tool_node] RECEIVED push button pressed
2026-10-02T03:28:42.957 [pick_tool_node] DOING [pickTool:ruler] step: validating_tool
2026-10-02T03:28:42.966 [dispatch_node] RECEIVED push button pressed
2026-10-02T03:28:42.996 [motion_node] RECEIVED SetState request: TOOL_CHECK
2026-10-02T03:28:43.018 [motion_node] SENT state TOOL_CHECK: OK TOOL_CHECK
2026-10-02T03:28:43.068 [pick_tool_node] SENT state -> TOOL_CHECK
2026-10-02T03:28:43.758 [motion_node] RECEIVED SetState request: CONFIRMED
2026-10-02T03:28:43.806 [motion_node] SENT state CONFIRMED: OK CONFIRMED
2026-10-02T03:28:43.857 [pick_tool_node] SENT state -> CONFIRMED
2026-10-02T03:28:45.157 [tool_state_node] RECEIVED SetHeldTool request: "ruler"
2026-10-02T03:28:45.190 [tool_state_node] SENT held tool changed: "ruler" -> "ruler"
2026-10-02T03:28:45.217 [pick_tool_node] DOING [pickTool:ruler] step: standby
2026-10-02T03:28:45.242 [motion_node] RECEIVED SetState request: STANDBY
2026-10-02T03:28:45.263 [motion_node] SENT state STANDBY: OK STANDBY
2026-10-02T03:28:45.294 [pick_tool_node] SENT state -> STANDBY
2026-10-02T03:28:45.335 [dispatch_node] RECEIVED pick result: success=True message="holding "ruler""
2026-10-02T03:28:45.352 [dispatch_node] SENT completion for actionId=pick-7aa50ffa source=robot result={'ok': True, 'action': 'pick', 'message': 'holding "ruler"'}
2026-10-02T03:29:53.770 [dispatch_node] RECEIVED actionId=pick-569e98ef source=robot pairId=pick-569e98ef pairSize=1 payload={'action': 'pick', 'tool': 'ruler'}
2026-10-02T03:29:53.785 [dispatch_node] DOING routing robot action "pick"
2026-10-02T03:29:53.799 [screen_state_node] RECEIVED SetScreenState request: state="robot_pick_started" detail={"source": "robot", "payload": {"action": "pick", "tool": "ruler"}}
2026-10-02T03:29:53.812 [dispatch_node] SENT pick goal: nexus_interfaces.action.PickTool_Goal(target_object='ruler')
2026-10-02T03:29:53.844 [pick_tool_node] RECEIVED PickTool goal: ruler
2026-10-02T03:29:53.863 [pick_tool_node] DOING [pickTool:ruler] step: receive_tool
 (display: "ROBOT PICK START")
2026-10-02T03:29:53.897 [motion_node] RECEIVED SetState request: STANDBY
2026-10-02T03:29:53.916 [motion_node] SENT state STANDBY: OK STANDBY
2026-10-02T03:29:53.953 [pick_tool_node] SENT state -> STANDBY
2026-10-02T03:29:53.963 [pick_tool_node] SENT human notify: place_tool: Place "ruler" in the robot tool link, then press the button.
2026-10-02T03:29:53.984 [pick_tool_node] DOING [pickTool:ruler] step: waiting_for_button
2026-10-02T03:29:58.611 [pick_tool_node] RECEIVED push button pressed
2026-10-02T03:29:58.629 [pick_tool_node] DOING [pickTool:ruler] step: validating_tool
2026-10-02T03:29:58.634 [draw_arc_node] RECEIVED push button pressed
2026-10-02T03:29:58.637 [mark_point_node] RECEIVED push button pressed
2026-10-02T03:29:58.665 [motion_node] RECEIVED SetState request: TOOL_CHECK
2026-10-02T03:29:58.658 [draw_line_node] RECEIVED push button pressed
2026-10-02T03:29:58.683 [dispatch_node] RECEIVED push button pressed
2026-10-02T03:29:58.698 [motion_node] SENT state TOOL_CHECK: OK TOOL_CHECK
2026-10-02T03:29:58.728 [pick_tool_node] SENT state -> TOOL_CHECK
2026-10-02T03:30:02.421 [motion_node] RECEIVED SetState request: TOOL_MISSING
2026-10-02T03:30:02.451 [motion_node] SENT state TOOL_MISSING: OK TOOL_MISSING
2026-10-02T03:30:02.479 [pick_tool_node] SENT state -> TOOL_MISSING
2026-10-02T03:30:02.489 [pick_tool_node] SENT human notify: tool_missing: Tool "ruler" not detected. Place it and press the button.
2026-10-02T03:30:17.081 [pick_tool_node] RECEIVED push button pressed
2026-10-02T03:30:17.087 [dispatch_node] RECEIVED push button pressed

2026-10-02T03:30:17.101 [mark_point_node] RECEIVED push button pressed
2026-10-02T03:30:17.126 [motion_node] RECEIVED SetState request: TOOL_CHECK
2026-10-02T03:30:17.143 [motion_node] SENT state TOOL_CHECK: OK TOOL_CHECK
2026-10-02T03:30:17.161 [pick_tool_node] SENT state -> TOOL_CHECK
2026-10-02T03:30:20.233 [motion_node] RECEIVED SetState request: TOOL_MISSING
2026-10-02T03:30:20.269 [motion_node] SENT state TOOL_MISSING: OK TOOL_MISSING
2026-10-02T03:30:20.303 [pick_tool_node] SENT state -> TOOL_MISSING
2026-10-02T03:30:20.684 [pick_tool_node] SENT human notify: tool_missing: Tool "ruler" not detected. Place it and press the button.
2026-10-02T03:30:33.033 [draw_line_node] RECEIVED push button pressed
2026-10-02T03:30:33.040 [draw_arc_node] RECEIVED push button pressed
2026-10-02T03:30:33.070 [mark_point_node] RECEIVED push button pressed
2026-10-02T03:30:33.087 [motion_node] RECEIVED SetState request: TOOL_CHECK
2026-10-02T03:30:33.114 [motion_node] SENT state TOOL_CHECK: OK TOOL_CHECK
2026-10-02T03:30:33.146 [pick_tool_node] SENT state -> TOOL_CHECK
2026-10-02T03:30:37.200 [motion_node] RECEIVED SetState request: TOOL_MISSING
2026-10-02T03:30:37.443 [motion_node] SENT state TOOL_MISSING: OK TOOL_MISSING
2026-10-02T03:30:37.499 [pick_tool_node] SENT state -> TOOL_MISSING
2026-10-02T03:30:37.531 [pick_tool_node] SENT human notify: tool_missing: Tool "ruler" not detected. Place it and press the button.
2026-10-02T03:30:51.698 [dispatch_node] RECEIVED push button pressed

2026-10-02T03:30:51.698 [mark_point_node] RECEIVED push button pressed
2026-10-02T03:30:51.706 [motion_node] RECEIVED SetState request: TOOL_CHECK
2026-10-02T03:30:51.743 [motion_node] SENT state TOOL_CHECK: OK TOOL_CHECK
2026-10-02T03:30:51.767 [pick_tool_node] SENT state -> TOOL_CHECK
2026-10-02T03:30:56.231 [motion_node] RECEIVED SetState request: TOOL_MISSING
2026-10-02T03:30:56.264 [motion_node] SENT state TOOL_MISSING: OK TOOL_MISSING
2026-10-02T03:30:56.294 [pick_tool_node] SENT state -> TOOL_MISSING
2026-10-02T03:30:56.338 [pick_tool_node] SENT human notify: tool_missing: Tool "ruler" not detected. Place it and press the button.
2026-10-02T03:31:02.558 [draw_line_node] RECEIVED push button pressed
2026-10-02T03:31:02.566 [pick_tool_node] RECEIVED push button pressed
2026-10-02T03:31:02.576 [mark_point_node] RECEIVED push button pressed
2026-10-02T03:31:02.576 [draw_arc_node] RECEIVED push button pressed
2026-10-02T03:31:02.604 [motion_node] RECEIVED SetState request: TOOL_CHECK
2026-10-02T03:31:02.621 [motion_node] SENT state TOOL_CHECK: OK TOOL_CHECK
2026-10-02T03:31:02.655 [pick_tool_node] SENT state -> TOOL_CHECK
2026-10-02T03:31:05.828 [motion_node] RECEIVED SetState request: TOOL_MISSING
2026-10-02T03:31:05.921 [motion_node] SENT state TOOL_MISSING: OK TOOL_MISSING
2026-10-02T03:31:05.956 [pick_tool_node] SENT state -> TOOL_MISSING
2026-10-02T03:31:06.054 [pick_tool_node] SENT human notify: tool_missing: Tool "ruler" not detected. Place it and press the button.
2026-10-02T03:31:09.316 [dispatch_node] RECEIVED push button pressed

2026-10-02T03:31:09.333 [draw_arc_node] RECEIVED push button pressed

2026-10-02T03:31:09.340 [motion_node] RECEIVED SetState request: TOOL_CHECK
2026-10-02T03:31:09.356 [mark_point_node] RECEIVED push button pressed
2026-10-02T03:31:09.387 [motion_node] SENT state TOOL_CHECK: OK TOOL_CHECK
2026-10-02T03:31:09.416 [pick_tool_node] SENT state -> TOOL_CHECK
2026-10-02T03:31:12.698 [motion_node] RECEIVED SetState request: TOOL_MISSING
2026-10-02T03:31:12.742 [motion_node] SENT state TOOL_MISSING: OK TOOL_MISSING
2026-10-02T03:31:12.767 [pick_tool_node] SENT state -> TOOL_MISSING
2026-10-02T03:31:12.791 [pick_tool_node] SENT human notify: tool_missing: Tool "ruler" not detected. Place it and press the button.
2026-10-02T03:31:18.775 [pick_tool_node] RECEIVED push button pressed
2026-10-02T03:31:18.792 [draw_line_node] RECEIVED push button pressed
2026-10-02T03:31:18.799 [dispatch_node] RECEIVED push button pressed
_CHECK
2026-10-02T03:31:18.799 [mark_point_node] RECEIVED push button pressed
2026-10-02T03:31:18.826 [motion_node] SENT state TOOL_CHECK: OK TOOL_CHECK
2026-10-02T03:31:18.855 [pick_tool_node] SENT state -> TOOL_CHECK
2026-10-02T03:31:22.134 [motion_node] RECEIVED SetState request: TOOL_MISSING
2026-10-02T03:31:22.152 [motion_node] SENT state TOOL_MISSING: OK TOOL_MISSING
2026-10-02T03:31:22.172 [pick_tool_node] SENT state -> TOOL_MISSING
2026-10-02T03:31:22.190 [pick_tool_node] SENT human notify: tool_missing: Tool "ruler" not detected. Place it and press the button.
2026-10-02T03:31:39.428 [draw_arc_node] RECEIVED push button pressed
2026-10-02T03:31:39.449 [dispatch_node] RECEIVED push button pressed
2026-10-02T03:31:39.457 [mark_point_node] RECEIVED push button pressed
2026-10-02T03:31:39.478 [pick_tool_node] RECEIVED push button pressed
2026-10-02T03:31:39.472 [draw_line_node] RECEIVED push button pressed
2026-10-02T03:31:39.492 [motion_node] RECEIVED SetState request: TOOL_CHECK
2026-10-02T03:31:39.514 [motion_node] SENT state TOOL_CHECK: OK TOOL_CHECK
2026-10-02T03:31:39.541 [pick_tool_node] SENT state -> TOOL_CHECK
2026-10-02T03:31:41.070 [motion_node] RECEIVED SetState request: CONFIRMED
2026-10-02T03:31:41.113 [motion_node] SENT state CONFIRMED: OK CONFIRMED
2026-10-02T03:31:41.202 [pick_tool_node] SENT state -> CONFIRMED
2026-10-02T03:31:42.252 [tool_state_node] RECEIVED SetHeldTool request: "ruler"
2026-10-02T03:31:42.290 [tool_state_node] SENT held tool changed: "ruler" -> "ruler"
2026-10-02T03:31:42.333 [pick_tool_node] DOING [pickTool:ruler] step: standby
2026-10-02T03:31:42.345 [motion_node] RECEIVED SetState request: STANDBY
2026-10-02T03:31:42.370 [motion_node] SENT state STANDBY: OK STANDBY
2026-10-02T03:31:42.405 [pick_tool_node] SENT state -> STANDBY
2026-10-02T03:31:42.434 [dispatch_node] RECEIVED pick result: success=True message="holding "ruler""
2026-10-02T03:31:42.466 [dispatch_node] SENT completion for actionId=pick-569e98ef source=robot result={'ok': True, 'action': 'pick', 'message': 'holding "ruler"'}
2026-10-02T03:32:55.973 [dispatch_node] RECEIVED actionId=pick-16790089 source=robot pairId=pick-16790089 pairSize=1 payload={'action': 'pick', 'tool': 'ruler'}
2026-10-02T03:32:55.992 [dispatch_node] DOING routing robot action "pick"
2026-10-02T03:32:56.015 [dispatch_node] SENT pick goal: nexus_interfaces.action.PickTool_Goal(target_object='ruler')
2026-10-02T03:32:56.052 [pick_tool_node] RECEIVED PickTool goal: ruler
2026-10-02T03:32:56.061 [screen_state_node] RECEIVED SetScreenState request: state="robot_pick_started" detail={"source": "robot", "payload": {"action": "pick", "tool": "ruler"}}
2026-10-02T03:32:56.077 [pick_tool_node] DOING [pickTool:ruler] step: receive_tool
2026-10-02T03:32:56.101 [motion_node] RECEIVED SetState request: STANDBY
2026-10-02T03:32:56.127 [motion_node] SENT state STANDBY: OK STANDBY
2026-10-02T03:32:56.151 [screen_state_node] SENT screen state -> robot_pick_started (display: "ROBOT PICK START")
2026-10-02T03:32:56.159 [pick_tool_node] SENT state -> STANDBY
2026-10-02T03:32:56.175 [pick_tool_node] SENT human notify: place_tool: Place "ruler" in the robot tool link, then press the button.
2026-10-02T03:32:56.194 [pick_tool_node] DOING [pickTool:ruler] step: waiting_for_button
2026-10-02T03:33:02.795 [pick_tool_node] RECEIVED push button pressed
2026-10-02T03:33:02.807 [mark_point_node] RECEIVED push button pressed
2026-10-02T03:33:02.814 [draw_arc_node] RECEIVED push button pressed
2026-10-02T03:33:02.846 [pick_tool_node] DOING [pickTool:ruler] step: validating_tool
2026-10-02T03:33:02.866 [motion_node] RECEIVED SetState request: TOOL_CHECK
2026-10-02T03:33:02.883 [motion_node] SENT state TOOL_CHECK: OK TOOL_CHECK
2026-10-02T03:33:02.922 [pick_tool_node] SENT state -> TOOL_CHECK
2026-10-02T03:33:06.572 [motion_node] RECEIVED SetState request: TOOL_MISSING
2026-10-02T03:33:06.593 [motion_node] SENT state TOOL_MISSING: OK TOOL_MISSING
2026-10-02T03:33:06.638 [pick_tool_node] SENT state -> TOOL_MISSING
2026-10-02T03:33:06.682 [pick_tool_node] SENT human notify: tool_missing: Tool "ruler" not detected. Place it and press the button.
2026-10-02T03:33:15.186 [mark_point_node] RECEIVED push button presse2026-10-02T03:33:15.190 [pick_tool_node] RECEIVED push button pressed
2026-10-02T03:33:15.213 [draw_line_node] RECEIVED push button pressed
CHECK
2026-10-02T03:33:15.230 [motion_node] SENT state TOOL_CHECK: OK TOOL_CHECK
2026-10-02T03:33:15.257 [pick_tool_node] SENT state -> TOOL_CHECK
2026-10-02T03:33:18.809 [motion_node] RECEIVED SetState request: TOOL_MISSING
2026-10-02T03:33:18.829 [motion_node] SENT state TOOL_MISSING: OK TOOL_MISSING
2026-10-02T03:33:18.858 [pick_tool_node] SENT state -> TOOL_MISSING
2026-10-02T03:33:18.867 [pick_tool_node] SENT human notify: tool_missing: Tool "ruler" not detected. Place it and press the button.
2026-10-02T03:33:26.354 [pick_tool_node] RECEIVED push button pressed22026-10-02T03:33:26.354 [draw_arc_node] RECEIVED push button pressed
d
2026-10-02T03:33:26.387 [motion_node] RECEIVED SetState request: TOOL_CHECK
2026-10-02T03:33:26.407 [motion_node] SENT state TOOL_CHECK: OK TOOL_CHECK
2026-10-02T03:33:26.436 [pick_tool_node] SENT state -> TOOL_CHECK
2026-10-02T03:33:29.963 [motion_node] RECEIVED SetState request: TOOL_MISSING
2026-10-02T03:33:29.995 [motion_node] SENT state TOOL_MISSING: OK TOOL_MISSING
2026-10-02T03:33:30.029 [pick_tool_node] SENT state -> TOOL_MISSING
2026-10-02T03:33:30.056 [pick_tool_node] SENT human notify: tool_missing: Tool "ruler" not detected. Place it and press the button.
2026-10-02T03:33:33.423 [dispatch_node] RECEIVED push button pressed
2026-10-02T03:33:33.428 [draw_line_node] RECEIVED push button pressed
2026-10-02T03:33:33.432 [mark_point_node] RECEIVED push button pressed
2026-10-02T03:33:33.462 [motion_node] RECEIVED SetState request: TOOL_CHECK
2026-10-02T03:33:33.482 [motion_node] SENT state TOOL_CHECK: OK TOOL_CHECK
2026-10-02T03:33:33.515 [pick_tool_node] SENT state -> TOOL_CHECK
2026-10-02T03:33:37.516 [motion_node] RECEIVED SetState request: TOOL_MISSING
2026-10-02T03:33:37.546 [motion_node] SENT state TOOL_MISSING: OK TOOL_MISSING
2026-10-02T03:33:37.563 [pick_tool_node] SENT state -> TOOL_MISSING
2026-10-02T03:33:37.572 [pick_tool_node] SENT human notify: tool_missing: Tool "ruler" not detected. Place it and press the button.
2026-10-02T03:33:39.755 [dispatch_node] RECEIVED push button pressed

2026-10-02T03:33:39.780 [mark_point_node] RECEIVED push button pressed
HECK
2026-10-02T03:33:39.806 [motion_node] SENT state TOOL_CHECK: OK TOOL_CHECK
2026-10-02T03:33:39.823 [pick_tool_node] SENT state -> TOOL_CHECK
2026-10-02T03:33:43.580 [motion_node] RECEIVED SetState request: TOOL_MISSING
2026-10-02T03:33:43.611 [motion_node] SENT state TOOL_MISSING: OK TOOL_MISSING
2026-10-02T03:33:43.643 [pick_tool_node] SENT state -> TOOL_MISSING
2026-10-02T03:33:43.661 [pick_tool_node] SENT human notify: tool_missing: Tool "ruler" not detected. Place it and press the button.
2026-10-02T03:33:46.107 [pick_tool_node] RECEIVED push button pressed
2026-10-02T03:33:46.130 [draw_line_node] RECEIVED push button pressed
2026-10-02T03:33:46.139 [dispatch_node] RECEIVED push button pressed
2026-10-02T03:33:46.152 [draw_arc_node] RECEIVED push button pressed
2026-10-02T03:33:46.154 [mark_point_node] RECEIVED push button pressed
2026-10-02T03:33:46.173 [motion_node] RECEIVED SetState request: TOOL_CHECK
2026-10-02T03:33:46.196 [motion_node] SENT state TOOL_CHECK: OK TOOL_CHECK
2026-10-02T03:33:46.228 [pick_tool_node] SENT state -> TOOL_CHECK
2026-10-02T03:33:49.680 [motion_node] RECEIVED SetState request: TOOL_MISSING
2026-10-02T03:33:49.698 [motion_node] SENT state TOOL_MISSING: OK TOOL_MISSING
2026-10-02T03:33:49.721 [pick_tool_node] SENT state -> TOOL_MISSING
2026-10-02T03:33:49.734 [pick_tool_node] SENT human notify: tool_missing: Tool "ruler" not detected. Place it and press the button.
2026-10-02T03:33:53.206 [mark_point_node] RECEIVED push button pressed
26-10-02T03:33:53.218 [draw_arc_node] RECEIVED push button pressed

2026-10-02T03:33:53.211 [draw_line_node] RECEIVED push button pressed
2026-10-02T03:33:53.230 [motion_node] RECEIVED SetState request: TOOL_CHECK
2026-10-02T03:33:53.254 [motion_node] SENT state TOOL_CHECK: OK TOOL_CHECK
2026-10-02T03:33:53.281 [pick_tool_node] SENT state -> TOOL_CHECK
2026-10-02T03:33:56.977 [motion_node] RECEIVED SetState request: TOOL_MISSING
2026-10-02T03:33:56.997 [motion_node] SENT state TOOL_MISSING: OK TOOL_MISSING
2026-10-02T03:33:57.025 [pick_tool_node] SENT state -> TOOL_MISSING
2026-10-02T03:33:57.033 [pick_tool_node] SENT human notify: tool_missing: Tool "ruler" not detected. Place it and press the button.
2026-10-02T03:37:57.396 [draw_arc_node] RECEIVED push button pressed

2026-10-02T03:37:57.397 [mark_point_node] RECEIVED push button pressed
2026-10-02T03:37:57.408 [pick_tool_node] RECEIVED push button pressed
2026-10-02T03:37:57.473 [motion_node] RECEIVED SetState request: TOOL_CHECK
2026-10-02T03:37:57.495 [motion_node] SENT state TOOL_CHECK: OK TOOL_CHECK
2026-10-02T03:37:57.522 [pick_tool_node] SENT state -> TOOL_CHECK
2026-10-02T03:38:03.686 [motion_node] RECEIVED SetState request: TOOL_MISSING
2026-10-02T03:38:03.705 [motion_node] SENT state TOOL_MISSING: OK TOOL_MISSING
2026-10-02T03:38:03.746 [pick_tool_node] SENT state -> TOOL_MISSING
2026-10-02T03:38:03.762 [pick_tool_node] SENT human notify: tool_missing: Tool "ruler" not detected. Place it and press the button.
2026-10-02T03:38:14.870 [pick_tool_node] RECEIVED push button pressed
2026-10-02T03:38:14.893 [draw_arc_node] RECEIVED push button pressed

2026-10-02T03:38:14.907 [mark_point_node] RECEIVED push button pressed
2026-10-02T03:38:14.926 [motion_node] RECEIVED SetState request: TOOL_CHECK
2026-10-02T03:38:14.947 [motion_node] SENT state TOOL_CHECK: OK TOOL_CHECK
2026-10-02T03:38:14.963 [pick_tool_node] SENT state -> TOOL_CHECK
2026-10-02T03:38:19.166 [motion_node] RECEIVED SetState request: TOOL_MISSING
2026-10-02T03:38:19.193 [motion_node] SENT state TOOL_MISSING: OK TOOL_MISSING
2026-10-02T03:38:19.236 [pick_tool_node] SENT state -> TOOL_MISSING
2026-10-02T03:38:19.266 [pick_tool_node] SENT human notify: tool_missing: Tool "ruler" not detected. Place it and press the button.
2026-10-02T03:38:25.786 [pick_tool_node] RECEIVED push button pressed
2026-10-02T03:38:25.787 [mark_point_node] RECEIVED push button pressed
2026-10-02T03:38:25.795 [dispatch_node] RECEIVED push button pressed
2026-10-02T03:38:25.809 [draw_arc_node] RECEIVED push button pressed
2026-10-02T03:38:25.822 [draw_line_node] RECEIVED push button pressed
CHECK
2026-10-02T03:38:25.845 [motion_node] SENT state TOOL_CHECK: OK TOOL_CHECK
2026-10-02T03:38:25.868 [pick_tool_node] SENT state -> TOOL_CHECK
2026-10-02T03:38:29.551 [motion_node] RECEIVED SetState request: TOOL_MISSING
2026-10-02T03:38:29.588 [motion_node] SENT state TOOL_MISSING: OK TOOL_MISSING
2026-10-02T03:38:29.642 [pick_tool_node] SENT state -> TOOL_MISSING
2026-10-02T03:38:29.783 [pick_tool_node] SENT human notify: tool_missing: Tool "ruler" not detected. Place it and press the button.
2026-10-02T03:38:37.999 [pick_tool_node] RECEIVED push button pressed
2026-10-02T03:38:38.016 [mark_point_node] RECEIVED push button pressed
2026-10-02T03:38:38.029 [draw_arc_node] RECEIVED push button pressed
2026-10-02T03:38:38.037 [motion_node] RECEIVED SetState request: TOOL_CHECK
2026-10-02T03:38:38.054 [motion_node] SENT state TOOL_CHECK: OK TOOL_CHECK
2026-10-02T03:38:38.070 [pick_tool_node] SENT state -> TOOL_CHECK
2026-10-02T03:38:41.212 [motion_node] RECEIVED SetState request: TOOL_MISSING
2026-10-02T03:38:41.237 [motion_node] SENT state TOOL_MISSING: OK TOOL_MISSING
2026-10-02T03:38:41.251 [pick_tool_node] SENT state -> TOOL_MISSING
2026-10-02T03:38:41.272 [pick_tool_node] SENT human notify: tool_missing: Tool "ruler" not detected. Place it and press the button.
2026-10-02T03:39:00.591 [pick_tool_node] RECEIVED push button pressed
2026-10-02T03:39:00.601 [draw_arc_node] RECEIVED push button pressed
2026-10-02T03:39:00.619 [mark_point_node] RECEIVED push button pressed
2026-10-02T03:39:00.642 [motion_node] RECEIVED SetState request: TOOL_CHECK
2026-10-02T03:39:00.702 [motion_node] SENT state TOOL_CHECK: OK TOOL_CHECK
2026-10-02T03:39:00.724 [pick_tool_node] SENT state -> TOOL_CHECK
2026-10-02T03:39:04.181 [motion_node] RECEIVED SetState request: TOOL_MISSING
2026-10-02T03:39:04.196 [motion_node] SENT state TOOL_MISSING: OK TOOL_MISSING
2026-10-02T03:39:04.219 [pick_tool_node] SENT state -> TOOL_MISSING
2026-10-02T03:39:04.233 [pick_tool_node] SENT human notify: tool_missing: Tool "ruler" not detected. Place it and press the button.
2026-10-02T03:39:15.300 [dispatch_node] RECEIVED push button pressed
d
2026-10-02T03:39:15.419 [draw_line_node] RECEIVED push button pressed
2026-10-02T03:39:15.242 [motion_node] RECEIVED SetState request: TOOL_CHECK
2026-10-02T03:39:15.472 [motion_node] SENT state TOOL_CHECK: OK TOOL_CHECK
2026-10-02T03:39:15.505 [pick_tool_node] SENT state -> TOOL_CHECK
2026-10-02T03:39:18.631 [motion_node] RECEIVED SetState request: TOOL_MISSING
2026-10-02T03:39:18.673 [motion_node] SENT state TOOL_MISSING: OK TOOL_MISSING
2026-10-02T03:39:18.701 [pick_tool_node] SENT state -> TOOL_MISSING
2026-10-02T03:39:18.716 [pick_tool_node] SENT human notify: tool_missing: Tool "ruler" not detected. Place it and press the button.
2026-10-02T03:39:23.690 [dispatch_node] RECEIVED push button pressed
2026-10-02T03:39:23.691 [mark_point_node] RECEIVED push button pressed
2026-10-02T03:39:23.689 [pick_tool_node] RECEIVED push button pressed
CHECK
2026-10-02T03:39:23.959 [motion_node] SENT state TOOL_CHECK: OK TOOL_CHECK
2026-10-02T03:39:24.027 [pick_tool_node] SENT state -> TOOL_CHECK
2026-10-02T03:39:27.220 [motion_node] RECEIVED SetState request: TOOL_MISSING
2026-10-02T03:39:27.249 [motion_node] SENT state TOOL_MISSING: OK TOOL_MISSING
2026-10-02T03:39:27.302 [pick_tool_node] SENT state -> TOOL_MISSING
2026-10-02T03:39:27.312 [pick_tool_node] SENT human notify: tool_missing: Tool "ruler" not detected. Place it and press the button.
2026-10-02T03:39:34.295 [draw_arc_node] RECEIVED push button pressed

2026-10-02T03:39:34.292 [mark_point_node] RECEIVED push button pressed
2026-10-02T03:39:34.295 [draw_line_node] RECEIVED push button pressed
2026-10-02T03:39:34.325 [motion_node] RECEIVED SetState request: TOOL_CHECK
2026-10-02T03:39:34.339 [motion_node] SENT state TOOL_CHECK: OK TOOL_CHECK
2026-10-02T03:39:34.360 [pick_tool_node] SENT state -> TOOL_CHECK
2026-10-02T03:39:38.090 [motion_node] RECEIVED SetState request: TOOL_MISSING
2026-10-02T03:39:38.112 [motion_node] SENT state TOOL_MISSING: OK TOOL_MISSING
2026-10-02T03:39:38.148 [pick_tool_node] SENT state -> TOOL_MISSING
2026-10-02T03:39:38.159 [pick_tool_node] SENT human notify: tool_missing: Tool "ruler" not detected. Place it and press the button.
2026-10-02T03:39:48.314 [draw_line_node] RECEIVED push button pressed
2026-10-02T03:39:48.318 [pick_tool_node] RECEIVED push button pressed
2026-10-02T03:39:48.335 [mark_point_node] RECEIVED push button pressed
2026-10-02T03:39:48.335 [draw_arc_node] RECEIVED push button pressed
2026-10-02T03:39:48.357 [motion_node] RECEIVED SetState request: TOOL_CHECK
2026-10-02T03:39:48.382 [motion_node] SENT state TOOL_CHECK: OK TOOL_CHECK
2026-10-02T03:39:48.406 [pick_tool_node] SENT state -> TOOL_CHECK
2026-10-02T03:39:52.241 [motion_node] RECEIVED SetState request: TOOL_MISSING
2026-10-02T03:39:52.273 [motion_node] SENT state TOOL_MISSING: OK TOOL_MISSING
2026-10-02T03:39:52.301 [pick_tool_node] SENT state -> TOOL_MISSING
2026-10-02T03:39:52.333 [pick_tool_node] SENT human notify: tool_missing: Tool "ruler" not detected. Place it and press the button.
2026-10-02T03:39:56.975 [draw_arc_node] RECEIVED push button pressed
2026-10-02T03:39:56.983 [pick_tool_node] RECEIVED push button pressed

2026-10-02T03:39:57.005 [motion_node] RECEIVED SetState request: TOOL_CHECK
2026-10-02T03:39:57.022 [motion_node] SENT state TOOL_CHECK: OK TOOL_CHECK
2026-10-02T03:39:57.050 [pick_tool_node] SENT state -> TOOL_CHECK
2026-10-02T03:40:00.262 [motion_node] RECEIVED SetState request: TOOL_MISSING
2026-10-02T03:40:00.279 [motion_node] SENT state TOOL_MISSING: OK TOOL_MISSING
2026-10-02T03:40:00.307 [pick_tool_node] SENT state -> TOOL_MISSING
2026-10-02T03:40:00.326 [pick_tool_node] SENT human notify: tool_missing: Tool "ruler" not detected. Place it and press the button.
2026-10-02T03:40:03.316 [pick_tool_node] RECEIVED push button pressed
2026-10-02T03:40:03.331 [draw_arc_node] RECEIVED push button pressed
2026-10-02T03:40:03.332 [draw_line_node] RECEIVED push button pressed
2026-10-02T03:40:03.360 [motion_node] RECEIVED SetState request: TOOL_CHECK
2026-10-02T03:40:03.377 [motion_node] SENT state TOOL_CHECK: OK TOOL_CHECK
2026-10-02T03:40:03.394 [pick_tool_node] SENT state -> TOOL_CHECK
2026-10-02T03:40:06.525 [motion_node] RECEIVED SetState request: TOOL_MISSING
2026-10-02T03:40:06.545 [motion_node] SENT state TOOL_MISSING: OK TOOL_MISSING
2026-10-02T03:40:06.580 [pick_tool_node] SENT state -> TOOL_MISSING
2026-10-02T03:40:06.593 [pick_tool_node] SENT human notify: tool_missing: Tool "ruler" not detected. Place it and press the button.
2026-10-02T03:41:48.319 [dispatch_node] RECEIVED actionId=pick-1e02fe57 source=robot pairId=pick-1e02fe57 pairSize=1 payload={'action': 'pick', 'tool': 'pencil'}
2026-10-02T03:41:48.348 [dispatch_node] DOING routing robot action "pick"
2026-10-02T03:41:48.426 [dispatch_node] SENT pick goal: nexus_interfaces.action.PickTool_Goal(target_object='pencil')
2026-10-02T03:41:48.524 [screen_state_node] RECEIVED SetScreenState request: state="robot_pick_started" detail={"source": "robot", "payload": {"action": "pick", "tool": "pencil"}}
2026-10-02T03:41:48.533 [pick_tool_node] RECEIVED PickTool goal: pencil
2026-10-02T03:41:48.565 [pick_tool_node] DOING [pickTool:pencil] step: receive_tool
2026-10-02T03:41:48.635 [motion_node] RECEIVED SetState request: STANDBY
2026-10-02T03:41:48.645 [screen_state_node] SENT screen state -> robot_pick_started (display: "ROBOT PICK START")
2026-10-02T03:41:48.653 [motion_node] SENT state STANDBY: OK STANDBY
2026-10-02T03:41:48.698 [pick_tool_node] SENT state -> STANDBY
2026-10-02T03:41:48.723 [pick_tool_node] SENT human notify: place_tool: Place "pencil" in the robot tool link, then press the button.
2026-10-02T03:41:48.749 [pick_tool_node] DOING [pickTool:pencil] step: waiting_for_button
2026-10-02T03:41:50.359 [pick_tool_node] RECEIVED push button pressed
2026-10-02T03:41:50.370 [pick_tool_node] DOING [pickTool:pencil] step: validating_tool
2026-10-02T03:41:50.376 [draw_line_node] RECEIVED push button pressed
2026-10-02T03:41:50.387 [dispatch_node] RECEIVED push button pressed
2026-10-02T03:41:50.394 [mark_point_node] RECEIVED push button pressed
2026-10-02T03:41:50.406 [draw_arc_node] RECEIVED push button pressed
2026-10-02T03:41:50.403 [motion_node] RECEIVED SetState request: TOOL_CHECK
2026-10-02T03:41:50.439 [motion_node] RECEIVED SetState request: TOOL_CHECK
2026-10-02T03:41:50.451 [motion_node] SENT state TOOL_CHECK: OK TOOL_CHECK
2026-10-02T03:41:50.466 [motion_node] SENT state TOOL_CHECK: OK TOOL_CHECK
2026-10-02T03:41:50.471 [pick_tool_node] SENT state -> TOOL_CHECK
2026-10-02T03:41:50.489 [pick_tool_node] SENT state -> TOOL_CHECK
2026-10-02T03:41:54.073 [motion_node] RECEIVED SetState request: TOOL_MISSING
2026-10-02T03:41:54.097 [motion_node] SENT state TOOL_MISSING: OK TOOL_MISSING
2026-10-02T03:41:54.112 [pick_tool_node] SENT state -> TOOL_MISSING
2026-10-02T03:41:54.123 [pick_tool_node] SENT human notify: tool_missing: Tool "pencil" not detected. Place it and press the button.
2026-10-02T03:41:54.693 [motion_node] RECEIVED SetState request: TOOL_MISSING
2026-10-02T03:41:54.710 [motion_node] SENT state TOOL_MISSING: OK TOOL_MISSING
2026-10-02T03:41:54.732 [pick_tool_node] SENT state -> TOOL_MISSING
2026-10-02T03:41:54.740 [pick_tool_node] SENT human notify: tool_missing: Tool "ruler" not detected. Place it and press the button.
2026-10-02T03:42:03.364 [dispatch_node] RECEIVED push button pressed
2026-10-02T03:42:03.373 [pick_tool_node] RECEIVED push button pressed
2026-10-02T03:42:03.372 [mark_point_node] RECEIVED push button pressed
2026-10-02T03:42:03.398 [motion_node] RECEIVED SetState request: TOOL_CHECK
2026-10-02T03:42:03.413 [motion_node] RECEIVED SetState request: TOOL_CHECK
2026-10-02T03:42:03.429 [motion_node] SENT state TOOL_CHECK: OK TOOL_CHECK
2026-10-02T03:42:03.442 [motion_node] SENT state TOOL_CHECK: OK TOOL_CHECK
2026-10-02T03:42:03.469 [pick_tool_node] SENT state -> TOOL_CHECK
2026-10-02T03:42:03.480 [pick_tool_node] SENT state -> TOOL_CHECK
2026-10-02T03:42:06.718 [motion_node] RECEIVED SetState request: TOOL_MISSING
2026-10-02T03:42:06.748 [motion_node] SENT state TOOL_MISSING: OK TOOL_MISSING
2026-10-02T03:42:06.803 [pick_tool_node] SENT state -> TOOL_MISSING
2026-10-02T03:42:06.819 [pick_tool_node] SENT human notify: tool_missing: Tool "ruler" not detected. Place it and press the button.
2026-10-02T03:42:07.221 [motion_node] RECEIVED SetState request: TOOL_MISSING
2026-10-02T03:42:07.248 [motion_node] SENT state TOOL_MISSING: OK TOOL_MISSING
2026-10-02T03:42:07.281 [pick_tool_node] SENT state -> TOOL_MISSING
2026-10-02T03:42:07.296 [pick_tool_node] SENT human notify: tool_missing: Tool "pencil" not detected. Place it and press the button.
2026-10-02T03:44:17.527 [pick_tool_node] RECEIVED push button pressed

2026-10-02T03:44:17.527 [draw_line_node] RECEIVED push button pressed
2026-10-02T03:44:17.537 [dispatch_node] RECEIVED push button pressed
2026-10-02T03:44:17.596 [motion_node] RECEIVED SetState request: TOOL_CHECK
2026-10-02T03:44:17.644 [motion_node] SENT state TOOL_CHECK: OK TOOL_CHECK
2026-10-02T03:44:17.669 [pick_tool_node] SENT state -> TOOL_CHECK
2026-10-02T03:44:17.688 [pick_tool_node] SENT state -> TOOL_CHECK
2026-10-02T03:44:21.035 [motion_node] RECEIVED SetState request: TOOL_MISSING
2026-10-02T03:44:21.054 [motion_node] SENT state TOOL_MISSING: OK TOOL_MISSING
2026-10-02T03:44:21.073 [pick_tool_node] SENT state -> TOOL_MISSING
2026-10-02T03:44:21.088 [pick_tool_node] SENT human notify: tool_missing: Tool "ruler" not detected. Place it and press the button.
2026-10-02T03:44:21.888 [motion_node] RECEIVED SetState request: TOOL_MISSING
2026-10-02T03:44:21.959 [motion_node] SENT state TOOL_MISSING: OK TOOL_MISSING
2026-10-02T03:44:22.048 [pick_tool_node] SENT state -> TOOL_MISSING
2026-10-02T03:44:22.079 [pick_tool_node] SENT human notify: tool_missing: Tool "pencil" not detected. Place it and press the button.
2026-10-02T03:44:37.109 [dispatch_node] RECEIVED actionId=pick-744905aa source=robot pairId=pick-744905aa pairSize=1 payload={'action': 'pick', 'tool': 'pencil'}
2026-10-02T03:44:37.121 [dispatch_node] DOING routing robot action "pick"
2026-10-02T03:44:37.139 [dispatch_node] SENT pick goal: nexus_interfaces.action.PickTool_Goal(target_object='pencil')
2026-10-02T03:44:37.157 [screen_state_node] RECEIVED SetScreenState request: state="robot_pick_started" detail={"source": "robot", "payload": {"action": "pick", "tool": "pencil"}}
2026-10-02T03:44:37.193 [pick_tool_node] RECEIVED PickTool goal: pencil
2026-10-02T03:44:37.230 [pick_tool_node] DOING [pickTool:pencil] step: receive_tool
2026-10-02T03:44:37.235 [screen_state_node] SENT screen state -> robot_pick_started (display: "ROBOT PICK START")
2026-10-02T03:44:37.253 [motion_node] RECEIVED SetState request: STANDBY
2026-10-02T03:44:37.268 [motion_node] SENT state STANDBY: OK STANDBY
2026-10-02T03:44:37.283 [pick_tool_node] SENT state -> STANDBY
2026-10-02T03:44:37.295 [pick_tool_node] SENT human notify: place_tool: Place "pencil" in the robot tool link, then press the button.
2026-10-02T03:44:37.303 [pick_tool_node] DOING [pickTool:pencil] step: waiting_for_button
2026-10-02T03:44:40.224 [pick_tool_node] RECEIVED push button pressed
2026-10-02T03:44:40.230 [dispatch_node] RECEIVED push button pressed
2026-10-02T03:44:40.235 [draw_arc_node] RECEIVED push button pressed
2026-10-02T03:44:40.240 [pick_tool_node] DOING [pickTool:pencil] step: validating_tool
2026-10-02T03:44:40.253 [mark_point_node] RECEIVED push button pressed
2026-10-02T03:44:40.271 [draw_line_node] RECEIVED push button pressed
2026-10-02T03:44:40.262 [motion_node] RECEIVED SetState request: TOOL_CHECK
2026-10-02T03:44:40.303 [motion_node] RECEIVED SetState request: TOOL_CHECK
2026-10-02T03:44:40.306 [motion_node] RECEIVED SetState request: TOOL_CHECK
2026-10-02T03:44:40.319 [motion_node] SENT state TOOL_CHECK: OK TOOL_CHECK
2026-10-02T03:44:40.334 [motion_node] SENT state TOOL_CHECK: OK TOOL_CHECK
2026-10-02T03:44:40.359 [motion_node] SENT state TOOL_CHECK: OK TOOL_CHECK
2026-10-02T03:44:40.358 [pick_tool_node] SENT state -> TOOL_CHECK
2026-10-02T03:44:40.387 [pick_tool_node] SENT state -> TOOL_CHECK
2026-10-02T03:44:40.401 [pick_tool_node] SENT state -> TOOL_CHECK
2026-10-02T03:44:43.491 [motion_node] RECEIVED SetState request: TOOL_MISSING
2026-10-02T03:44:43.531 [motion_node] SENT state TOOL_MISSING: OK TOOL_MISSING
2026-10-02T03:44:43.575 [pick_tool_node] SENT state -> TOOL_MISSING
2026-10-02T03:44:43.600 [pick_tool_node] SENT human notify: tool_missing: Tool "ruler" not detected. Place it and press the button.
2026-10-02T03:44:44.290 [motion_node] RECEIVED SetState request: TOOL_MISSING
2026-10-02T03:44:44.355 [motion_node] SENT state TOOL_MISSING: OK TOOL_MISSING
2026-10-02T03:44:44.423 [pick_tool_node] SENT state -> TOOL_MISSING
2026-10-02T03:44:44.508 [pick_tool_node] SENT human notify: tool_missing: Tool "pencil" not detected. Place it and press the button.
2026-10-02T03:44:44.885 [motion_node] RECEIVED SetState request: TOOL_MISSING
2026-10-02T03:44:44.899 [motion_node] SENT state TOOL_MISSING: OK TOOL_MISSING
2026-10-02T03:44:44.940 [pick_tool_node] SENT state -> TOOL_MISSING
2026-10-02T03:44:44.953 [pick_tool_node] SENT human notify: tool_missing: Tool "pencil" not detected. Place it and press the button.
2026-10-02T03:44:54.419 [mark_point_node] RECEIVED push button pressed
26-10-02T03:44:54.415 [draw_arc_node] RECEIVED push button pressed
2026-10-02T03:44:54.428 [pick_tool_node] RECEIVED push button pressed
2026-10-02T03:44:54.437 [draw_line_node] RECEIVED push button pressed
2026-10-02T03:44:54.458 [motion_node] RECEIVED SetState request: TOOL_CHECK
2026-10-02T03:44:54.472 [motion_node] RECEIVED SetState request: TOOL_CHECK
2026-10-02T03:44:54.474 [motion_node] RECEIVED SetState request: TOOL_CHECK
2026-10-02T03:44:54.488 [motion_node] SENT state TOOL_CHECK: OK TOOL_CHECK
2026-10-02T03:44:54.494 [motion_node] SENT state TOOL_CHECK: OK TOOL_CHECK
2026-10-02T03:44:54.539 [pick_tool_node] SENT state -> TOOL_CHECK
2026-10-02T03:44:54.505 [motion_node] SENT state TOOL_CHECK: OK TOOL_CHECK
2026-10-02T03:44:54.553 [pick_tool_node] SENT state -> TOOL_CHECK
2026-10-02T03:44:54.585 [pick_tool_node] SENT state -> TOOL_CHECK
2026-10-02T03:44:57.955 [motion_node] RECEIVED SetState request: TOOL_MISSING
2026-10-02T03:44:58.015 [motion_node] SENT state TOOL_MISSING: OK TOOL_MISSING
2026-10-02T03:44:58.107 [pick_tool_node] SENT state -> TOOL_MISSING
2026-10-02T03:44:58.137 [pick_tool_node] SENT human notify: tool_missing: Tool "pencil" not detected. Place it and press the button.
2026-10-02T03:44:58.499 [motion_node] RECEIVED SetState request: TOOL_MISSING
2026-10-02T03:44:58.517 [motion_node] SENT state TOOL_MISSING: OK TOOL_MISSING
2026-10-02T03:44:58.535 [pick_tool_node] SENT state -> TOOL_MISSING
2026-10-02T03:44:58.552 [pick_tool_node] SENT human notify: tool_missing: Tool "pencil" not detected. Place it and press the button.
2026-10-02T03:44:58.969 [motion_node] RECEIVED SetState request: TOOL_MISSING
2026-10-02T03:44:58.983 [motion_node] SENT state TOOL_MISSING: OK TOOL_MISSING
2026-10-02T03:44:59.003 [pick_tool_node] SENT state -> TOOL_MISSING
2026-10-02T03:44:59.015 [pick_tool_node] SENT human notify: tool_missing: Tool "ruler" not detected. Place it and press the button.
2026-10-02T03:45:06.135 [pick_tool_node] RECEIVED push button pressed
2026-10-02T03:45:06.146 [draw_line_node] RECEIVED push button pressed
2026-10-02T03:45:06.143 [mark_point_node] RECEIVED push button pressed
2026-10-02T03:45:06.155 [draw_arc_node] RECEIVED push button pressed
2026-10-02T03:45:06.190 [motion_node] RECEIVED SetState request: TOOL_CHECK
2026-10-02T03:45:06.223 [motion_node] SENT state TOOL_CHECK: OK TOOL_CHECK
2026-10-02T03:45:06.237 [motion_node] SENT state TOOL_CHECK: OK TOOL_CHECK
2026-10-02T03:45:06.260 [motion_node] SENT state TOOL_CHECK: OK TOOL_CHECK
2026-10-02T03:45:06.255 [pick_tool_node] SENT state -> TOOL_CHECK
2026-10-02T03:45:06.275 [pick_tool_node] SENT state -> TOOL_CHECK
2026-10-02T03:45:06.288 [pick_tool_node] SENT state -> TOOL_CHECK
2026-10-02T03:45:09.117 [motion_node] RECEIVED SetState request: CONFIRMED
2026-10-02T03:45:09.151 [motion_node] SENT state CONFIRMED: OK CONFIRMED
2026-10-02T03:45:09.196 [pick_tool_node] SENT state -> CONFIRMED
2026-10-02T03:45:09.604 [motion_node] RECEIVED SetState request: TOOL_MISSING
2026-10-02T03:45:09.622 [motion_node] SENT state TOOL_MISSING: OK TOOL_MISSING
2026-10-02T03:45:09.645 [pick_tool_node] SENT state -> TOOL_MISSING
2026-10-02T03:45:09.660 [pick_tool_node] SENT human notify: tool_missing: Tool "ruler" not detected. Place it and press the button.
2026-10-02T03:45:10.073 [motion_node] RECEIVED SetState request: TOOL_MISSING
2026-10-02T03:45:10.099 [motion_node] SENT state TOOL_MISSING: OK TOOL_MISSING
2026-10-02T03:45:10.130 [pick_tool_node] SENT state -> TOOL_MISSING
2026-10-02T03:45:10.142 [pick_tool_node] SENT human notify: tool_missing: Tool "pencil" not detected. Place it and press the button.
2026-10-02T03:45:10.316 [tool_state_node] RECEIVED SetHeldTool request: "pencil"
2026-10-02T03:45:10.333 [tool_state_node] SENT held tool changed: "ruler" -> "pencil"
2026-10-02T03:45:10.373 [pick_tool_node] DOING [pickTool:pencil] step: standby
2026-10-02T03:45:10.384 [motion_node] RECEIVED SetState request: STANDBY
2026-10-02T03:45:10.406 [motion_node] SENT state STANDBY: OK STANDBY
2026-10-02T03:45:10.424 [pick_tool_node] SENT state -> STANDBY
2026-10-02T03:45:10.444 [dispatch_node] RECEIVED pick result: success=True message="holding "pencil""
2026-10-02T03:45:10.459 [dispatch_node] SENT completion for actionId=pick-744905aa source=robot result={'ok': True, 'action': 'pick', 'message': 'holding "pencil"'}
2026-10-02T03:46:21.239 [draw_arc_node] RECEIVED push button pressed
2026-10-02T03:46:21.246 [pick_tool_node] RECEIVED push button pressed
2026-10-02T03:46:21.263 [mark_point_node] RECEIVED push button pressed
2026-10-02T03:46:21.268 [draw_line_node] RECEIVED push button pressed
2026-10-02T03:46:21.279 [motion_node] RECEIVED SetState request: TOOL_CHECK
2026-10-02T03:46:21.291 [motion_node] RECEIVED SetState request: TOOL_CHECK
2026-10-02T03:46:21.319 [motion_node] SENT state TOOL_CHECK: OK TOOL_CHECK
2026-10-02T03:46:21.331 [motion_node] SENT state TOOL_CHECK: OK TOOL_CHECK
2026-10-02T03:46:21.379 [pick_tool_node] SENT state -> TOOL_CHECK
2026-10-02T03:46:24.440 [motion_node] RECEIVED SetState request: TOOL_MISSING
2026-10-02T03:46:24.467 [motion_node] SENT state TOOL_MISSING: OK TOOL_MISSING
2026-10-02T03:46:24.520 [pick_tool_node] SENT state -> TOOL_MISSING
2026-10-02T03:46:24.561 [pick_tool_node] SENT human notify: tool_missing: Tool "pencil" not detected. Place it and press the button.
2026-10-02T03:46:25.459 [motion_node] RECEIVED SetState request: TOOL_MISSING
2026-10-02T03:46:25.665 [motion_node] SENT state TOOL_MISSING: OK TOOL_MISSING
2026-10-02T03:46:25.714 [pick_tool_node] SENT state -> TOOL_MISSING
2026-10-02T03:46:25.768 [pick_tool_node] SENT human notify: tool_missing: Tool "ruler" not detected. Place it and press the button.
2026-10-02T03:46:33.376 [dispatch_node] RECEIVED push button pressed
d
2026-10-02T03:46:33.388 [draw_line_node] RECEIVED push button pressed
CHECK
2026-10-02T03:46:33.410 [motion_node] RECEIVED SetState request: TOOL_CHECK
2026-10-02T03:46:33.423 [motion_node] SENT state TOOL_CHECK: OK TOOL_CHECK
2026-10-02T03:46:33.440 [motion_node] SENT state TOOL_CHECK: OK TOOL_CHECK
2026-10-02T03:46:33.457 [pick_tool_node] SENT state -> TOOL_CHECK
2026-10-02T03:46:33.480 [pick_tool_node] SENT state -> TOOL_CHECK
2026-10-02T03:46:36.714 [motion_node] RECEIVED SetState request: TOOL_MISSING
2026-10-02T03:46:36.740 [motion_node] SENT state TOOL_MISSING: OK TOOL_MISSING
2026-10-02T03:46:36.778 [pick_tool_node] SENT state -> TOOL_MISSING
2026-10-02T03:46:36.792 [pick_tool_node] SENT human notify: tool_missing: Tool "pencil" not detected. Place it and press the button.
2026-10-02T03:46:37.506 [motion_node] RECEIVED SetState request: TOOL_MISSING
2026-10-02T03:46:37.554 [motion_node] SENT state TOOL_MISSING: OK TOOL_MISSING
2026-10-02T03:46:37.580 [pick_tool_node] SENT state -> TOOL_MISSING
2026-10-02T03:46:37.599 [pick_tool_node] SENT human notify: tool_missing: Tool "ruler" not detected. Place it and press the button.
2026-10-02T03:46:41.192 [mark_point_node] RECEIVED push button pressed
2026-10-02T03:46:41.195 [pick_tool_node] RECEIVED push button pressed
2026-10-02T03:46:41.202 [draw_line_node] RECEIVED push button pressed
2026-10-02T03:46:41.209 [dispatch_node] RECEIVED push button pressed
2026-10-02T03:46:41.233 [motion_node] RECEIVED SetState request: TOOL_CHECK
2026-10-02T03:46:41.262 [motion_node] SENT state TOOL_CHECK: OK TOOL_CHECK
2026-10-02T03:46:41.283 [pick_tool_node] SENT state -> TOOL_CHECK
2026-10-02T03:46:41.292 [pick_tool_node] SENT state -> TOOL_CHECK
2026-10-02T03:46:44.922 [motion_node] RECEIVED SetState request: TOOL_MISSING
2026-10-02T03:46:44.956 [motion_node] SENT state TOOL_MISSING: OK TOOL_MISSING
2026-10-02T03:46:44.998 [pick_tool_node] SENT state -> TOOL_MISSING
2026-10-02T03:46:45.008 [pick_tool_node] SENT human notify: tool_missing: Tool "ruler" not detected. Place it and press the button.
2026-10-02T03:46:45.406 [motion_node] RECEIVED SetState request: TOOL_MISSING
2026-10-02T03:46:45.446 [motion_node] SENT state TOOL_MISSING: OK TOOL_MISSING
2026-10-02T03:46:45.481 [pick_tool_node] SENT state -> TOOL_MISSING
2026-10-02T03:46:45.494 [pick_tool_node] SENT human notify: tool_missing: Tool "pencil" not detected. Place it and press the button.
2026-10-02T03:46:48.593 [draw_line_node] RECEIVED push button pressed
2026-10-02T03:46:48.594 [pick_tool_node] RECEIVED push button pressed
2026-10-02T03:46:48.603 [dispatch_node] RECEIVED push button pressed
2026-10-02T03:46:48.617 [motion_node] RECEIVED SetState request: TOOL_CHECK
2026-10-02T03:46:48.632 [motion_node] RECEIVED SetState request: TOOL_CHECK
2026-10-02T03:46:48.651 [motion_node] SENT state TOOL_CHECK: OK TOOL_CHECK
2026-10-02T03:46:48.655 [motion_node] SENT state TOOL_CHECK: OK TOOL_CHECK
2026-10-02T03:46:48.696 [pick_tool_node] SENT state -> TOOL_CHECK
2026-10-02T03:46:53.104 [motion_node] RECEIVED SetState request: TOOL_MISSING
2026-10-02T03:46:53.134 [motion_node] SENT state TOOL_MISSING: OK TOOL_MISSING
2026-10-02T03:46:53.163 [pick_tool_node] SENT state -> TOOL_MISSING
2026-10-02T03:46:53.198 [pick_tool_node] SENT human notify: tool_missing: Tool "pencil" not detected. Place it and press the button.
2026-10-02T03:46:53.698 [motion_node] RECEIVED SetState request: TOOL_MISSING
2026-10-02T03:46:53.717 [motion_node] SENT state TOOL_MISSING: OK TOOL_MISSING
2026-10-02T03:46:53.738 [pick_tool_node] SENT state -> TOOL_MISSING
2026-10-02T03:46:53.769 [pick_tool_node] SENT human notify: tool_missing: Tool "ruler" not detected. Place it and press the button.
2026-10-02T03:46:58.290 [pick_tool_node] RECEIVED push button pressed

2026-10-02T03:46:58.296 [draw_line_node] RECEIVED push button pressed
2026-10-02T03:46:58.320 [motion_node] RECEIVED SetState request: TOOL_CHECK
2026-10-02T03:46:58.333 [motion_node] RECEIVED SetState request: TOOL_CHECK
2026-10-02T03:46:58.348 [motion_node] SENT state TOOL_CHECK: OK TOOL_CHECK
2026-10-02T03:46:58.373 [pick_tool_node] SENT state -> TOOL_CHECK
OL_CHECK
2026-10-02T03:46:58.396 [pick_tool_node] SENT state -> TOOL_CHECK
2026-10-02T03:46:58.865 [motion_node] RECEIVED SetState request: CONFIRMED
2026-10-02T03:46:58.885 [motion_node] SENT state CONFIRMED: OK CONFIRMED
2026-10-02T03:46:58.910 [pick_tool_node] SENT state -> CONFIRMED
2026-10-02T03:46:59.989 [tool_state_node] RECEIVED SetHeldTool request: "pencil"
2026-10-02T03:47:00.014 [tool_state_node] SENT held tool changed: "pencil" -> "pencil"
2026-10-02T03:47:00.163 [pick_tool_node] DOING [pickTool:pencil] step: standby
2026-10-02T03:47:00.260 [motion_node] RECEIVED SetState request: STANDBY
2026-10-02T03:47:00.301 [motion_node] SENT state STANDBY: OK STANDBY
2026-10-02T03:47:00.322 [pick_tool_node] SENT state -> STANDBY
2026-10-02T03:47:00.381 [dispatch_node] RECEIVED pick result: success=True message="holding "pencil""
2026-10-02T03:47:00.400 [dispatch_node] SENT completion for actionId=pick-1e02fe57 source=robot result={'ok': True, 'action': 'pick', 'message': 'holding "pencil"'}
2026-10-02T03:47:01.778 [motion_node] RECEIVED SetState request: TOOL_MISSING
2026-10-02T03:47:01.811 [motion_node] SENT state TOOL_MISSING: OK TOOL_MISSING
2026-10-02T03:47:01.848 [pick_tool_node] SENT state -> TOOL_MISSING
2026-10-02T03:47:01.860 [pick_tool_node] SENT human notify: tool_missing: Tool "ruler" not detected. Place it and press the button.
2026-10-02T03:47:07.634 [draw_arc_node] RECEIVED push button pressed

2026-10-02T03:47:07.651 [mark_point_node] RECEIVED push button pressed
2026-10-02T03:47:07.671 [motion_node] RECEIVED SetState request: TOOL_CHECK
2026-10-02T03:47:07.684 [motion_node] SENT state TOOL_CHECK: OK TOOL_CHECK
2026-10-02T03:47:07.706 [pick_tool_node] SENT state -> TOOL_CHECK
2026-10-02T03:47:11.234 [motion_node] RECEIVED SetState request: TOOL_MISSING
2026-10-02T03:47:11.274 [motion_node] SENT state TOOL_MISSING: OK TOOL_MISSING
2026-10-02T03:47:11.292 [pick_tool_node] SENT state -> TOOL_MISSING
2026-10-02T03:47:11.316 [pick_tool_node] SENT human notify: tool_missing: Tool "ruler" not detected. Place it and press the button.
2026-10-02T03:47:19.160 [mark_point_node] RECEIVED push button pressed
2026-10-02T03:47:19.168 [draw_line_node] RECEIVED push button pressed
2026-10-02T03:47:19.187 [dispatch_node] RECEIVED push button pressed
2026-10-02T03:47:19.206 [motion_node] RECEIVED SetState request: TOOL_CHECK
2026-10-02T03:47:19.225 [motion_node] SENT state TOOL_CHECK: OK TOOL_CHECK
2026-10-02T03:47:19.245 [pick_tool_node] SENT state -> TOOL_CHECK
2026-10-02T03:47:23.054 [motion_node] RECEIVED SetState request: TOOL_MISSING
2026-10-02T03:47:23.079 [motion_node] SENT state TOOL_MISSING: OK TOOL_MISSING
2026-10-02T03:47:23.095 [pick_tool_node] SENT state -> TOOL_MISSING
2026-10-02T03:47:23.123 [pick_tool_node] SENT human notify: tool_missing: Tool "ruler" not detected. Place it and press the button.
2026-10-02T03:47:27.923 [draw_arc_node] RECEIVED push button pressed

2026-10-02T03:47:27.944 [mark_point_node] RECEIVED push button pressed
2026-10-02T03:47:27.945 [draw_line_node] RECEIVED push button pressed
2026-10-02T03:47:27.962 [motion_node] RECEIVED SetState request: TOOL_CHECK
2026-10-02T03:47:27.980 [motion_node] SENT state TOOL_CHECK: OK TOOL_CHECK
2026-10-02T03:47:27.995 [pick_tool_node] SENT state -> TOOL_CHECK
2026-10-02T03:47:31.437 [motion_node] RECEIVED SetState request: TOOL_MISSING
2026-10-02T03:47:31.458 [motion_node] SENT state TOOL_MISSING: OK TOOL_MISSING
2026-10-02T03:47:31.493 [pick_tool_node] SENT state -> TOOL_MISSING
2026-10-02T03:47:31.504 [pick_tool_node] SENT human notify: tool_missing: Tool "ruler" not detected. Place it and press the button.
2026-10-02T03:47:36.978 [dispatch_node] RECEIVED push button pressed
d
2026-10-02T03:47:36.988 [draw_line_node] RECEIVED push button pressed
2026-10-02T03:47:37.011 [motion_node] RECEIVED SetState request: TOOL_CHECK
2026-10-02T03:47:37.023 [motion_node] SENT state TOOL_CHECK: OK TOOL_CHECK
2026-10-02T03:47:37.040 [pick_tool_node] SENT state -> TOOL_CHECK
2026-10-02T03:47:40.393 [motion_node] RECEIVED SetState request: TOOL_MISSING
2026-10-02T03:47:40.415 [motion_node] SENT state TOOL_MISSING: OK TOOL_MISSING
2026-10-02T03:47:40.433 [pick_tool_node] SENT state -> TOOL_MISSING
2026-10-02T03:47:40.445 [pick_tool_node] SENT human notify: tool_missing: Tool "ruler" not detected. Place it and press the button.
2026-10-02T03:47:42.690 [draw_arc_node] RECEIVED push button pressed


2026-10-02T03:47:42.707 [dispatch_node] RECEIVED push button pressed
2026-10-02T03:47:42.717 [pick_tool_node] RECEIVED push button pressed
2026-10-02T03:47:42.721 [motion_node] RECEIVED SetState request: TOOL_CHECK
2026-10-02T03:47:42.748 [motion_node] SENT state TOOL_CHECK: OK TOOL_CHECK
2026-10-02T03:47:42.780 [pick_tool_node] SENT state -> TOOL_CHECK
2026-10-02T03:47:46.111 [motion_node] RECEIVED SetState request: TOOL_MISSING
2026-10-02T03:47:46.134 [motion_node] SENT state TOOL_MISSING: OK TOOL_MISSING
2026-10-02T03:47:46.173 [pick_tool_node] SENT state -> TOOL_MISSING
2026-10-02T03:47:46.185 [pick_tool_node] SENT human notify: tool_missing: Tool "ruler" not detected. Place it and press the button.
2026-10-02T03:48:00.839 [draw_line_node] RECEIVED push button pressed
2026-10-02T03:48:00.845 [mark_point_node] RECEIVED push button pressed
2026-10-02T03:48:00.873 [motion_node] RECEIVED SetState request: TOOL_CHECK
2026-10-02T03:48:00.891 [motion_node] SENT state TOOL_CHECK: OK TOOL_CHECK
2026-10-02T03:48:00.915 [pick_tool_node] SENT state -> TOOL_CHECK
2026-10-02T03:48:04.417 [motion_node] RECEIVED SetState request: TOOL_MISSING
2026-10-02T03:48:04.442 [motion_node] SENT state TOOL_MISSING: OK TOOL_MISSING
2026-10-02T03:48:04.465 [pick_tool_node] SENT state -> TOOL_MISSING
2026-10-02T03:48:04.483 [pick_tool_node] SENT human notify: tool_missing: Tool "ruler" not detected. Place it and press the button.
2026-10-02T03:48:09.320 [pick_tool_node] RECEIVED push button pressed
2026-10-02T03:48:09.344 [dispatch_node] RECEIVED push button pressed


2026-10-02T03:48:09.365 [motion_node] RECEIVED SetState request: TOOL_CHECK
2026-10-02T03:48:09.382 [motion_node] SENT state TOOL_CHECK: OK TOOL_CHECK
2026-10-02T03:48:09.406 [pick_tool_node] SENT state -> TOOL_CHECK
2026-10-02T03:48:12.552 [motion_node] RECEIVED SetState request: TOOL_MISSING
2026-10-02T03:48:12.592 [motion_node] SENT state TOOL_MISSING: OK TOOL_MISSING
2026-10-02T03:48:12.619 [pick_tool_node] SENT state -> TOOL_MISSING
2026-10-02T03:48:12.627 [pick_tool_node] SENT human notify: tool_missing: Tool "ruler" not detected. Place it and press the button.
2026-10-02T03:48:23.919 [pick_tool_node] RECEIVED push button pressed

2026-10-02T03:48:23.920 [draw_line_node] RECEIVED push button pressed
2026-10-02T03:48:23.942 [dispatch_node] RECEIVED push button pressed
_CHECK
2026-10-02T03:48:23.961 [motion_node] SENT state TOOL_CHECK: OK TOOL_CHECK
2026-10-02T03:48:24.000 [pick_tool_node] SENT state -> TOOL_CHECK
2026-10-02T03:48:27.762 [motion_node] RECEIVED SetState request: TOOL_MISSING
2026-10-02T03:48:27.776 [motion_node] SENT state TOOL_MISSING: OK TOOL_MISSING
2026-10-02T03:48:27.800 [pick_tool_node] SENT state -> TOOL_MISSING
2026-10-02T03:48:27.812 [pick_tool_node] SENT human notify: tool_missing: Tool "ruler" not detected. Place it and press the button.
2026-10-02T03:48:42.021 [draw_line_node] RECEIVED push button pressed
2026-10-02T03:48:42.018 [mark_point_node] RECEIVED push button pressed
2026-10-02T03:48:42.034 [draw_arc_node] RECEIVED push button pressed
2026-10-02T03:48:42.046 [motion_node] RECEIVED SetState request: TOOL_CHECK
2026-10-02T03:48:42.074 [motion_node] SENT state TOOL_CHECK: OK TOOL_CHECK
2026-10-02T03:48:42.093 [pick_tool_node] SENT state -> TOOL_CHECK
2026-10-02T03:48:45.638 [motion_node] RECEIVED SetState request: TOOL_MISSING
2026-10-02T03:48:45.661 [motion_node] SENT state TOOL_MISSING: OK TOOL_MISSING
2026-10-02T03:48:45.706 [pick_tool_node] SENT state -> TOOL_MISSING
2026-10-02T03:48:45.737 [pick_tool_node] SENT human notify: tool_missing: Tool "ruler" not detected. Place it and press the button.
2026-10-02T03:48:51.781 [mark_point_node] RECEIVED push button pressed
026-10-02T03:48:51.806 [draw_arc_node] RECEIVED push button pressed
2026-10-02T03:48:51.808 [motion_node] RECEIVED SetState request: TOOL_CHECK
2026-10-02T03:48:51.819 [draw_line_node] RECEIVED push button pressed
2026-10-02T03:48:51.836 [motion_node] SENT state TOOL_CHECK: OK TOOL_CHECK
2026-10-02T03:48:51.875 [pick_tool_node] SENT state -> TOOL_CHECK
2026-10-02T03:48:55.180 [motion_node] RECEIVED SetState request: TOOL_MISSING
2026-10-02T03:48:55.200 [motion_node] SENT state TOOL_MISSING: OK TOOL_MISSING
2026-10-02T03:48:55.215 [pick_tool_node] SENT state -> TOOL_MISSING
2026-10-02T03:48:55.226 [pick_tool_node] SENT human notify: tool_missing: Tool "ruler" not detected. Place it and press the button.
2026-10-02T03:49:11.156 [draw_line_node] RECEIVED push button pressed
2026-10-02T03:49:11.162 [pick_tool_node] RECEIVED push button pressed

2026-10-02T03:49:11.161 [dispatch_node] RECEIVED push button pressed
_CHECK
2026-10-02T03:49:11.196 [motion_node] SENT state TOOL_CHECK: OK TOOL_CHECK
2026-10-02T03:49:11.217 [pick_tool_node] SENT state -> TOOL_CHECK
2026-10-02T03:49:14.866 [motion_node] RECEIVED SetState request: TOOL_MISSING
2026-10-02T03:49:14.891 [motion_node] SENT state TOOL_MISSING: OK TOOL_MISSING
2026-10-02T03:49:14.915 [pick_tool_node] SENT state -> TOOL_MISSING
2026-10-02T03:49:14.929 [pick_tool_node] SENT human notify: tool_missing: Tool "ruler" not detected. Place it and press the button.
2026-10-02T03:49:18.795 [dispatch_node] RECEIVED push button pressed
2026-10-02T03:49:18.802 [draw_line_node] RECEIVED push button pressed
2026-10-02T03:49:18.802 [mark_point_node] RECEIVED push button pressed
2026-10-02T03:49:18.818 [draw_arc_node] RECEIVED push button pressed
2026-10-02T03:49:18.828 [motion_node] RECEIVED SetState request: TOOL_CHECK
2026-10-02T03:49:18.843 [motion_node] SENT state TOOL_CHECK: OK TOOL_CHECK
2026-10-02T03:49:18.868 [pick_tool_node] SENT state -> TOOL_CHECK
2026-10-02T03:49:22.991 [motion_node] RECEIVED SetState request: TOOL_MISSING
2026-10-02T03:49:23.011 [motion_node] SENT state TOOL_MISSING: OK TOOL_MISSING
2026-10-02T03:49:23.029 [pick_tool_node] SENT state -> TOOL_MISSING
2026-10-02T03:49:23.041 [pick_tool_node] SENT human notify: tool_missing: Tool "ruler" not detected. Place it and press the button.
2026-10-02T03:49:31.692 [draw_line_node] RECEIVED push button pressed
2026-10-02T03:49:31.712 [draw_arc_node] RECEIVED push button pressed
d
HECK
2026-10-02T03:49:31.705 [dispatch_node] RECEIVED push button pressed
2026-10-02T03:49:31.731 [motion_node] SENT state TOOL_CHECK: OK TOOL_CHECK
2026-10-02T03:49:31.792 [pick_tool_node] SENT state -> TOOL_CHECK
2026-10-02T03:49:34.824 [motion_node] RECEIVED SetState request: TOOL_MISSING
2026-10-02T03:49:34.840 [motion_node] SENT state TOOL_MISSING: OK TOOL_MISSING
2026-10-02T03:49:34.865 [pick_tool_node] SENT state -> TOOL_MISSING
2026-10-02T03:49:34.874 [pick_tool_node] SENT human notify: tool_missing: Tool "ruler" not detected. Place it and press the button.
2026-10-02T03:49:45.904 [mark_point_node] RECEIVED push button pressed
2026-10-02T03:49:45.917 [dispatch_node] RECEIVED push button pressed
2026-10-02T03:49:45.923 [draw_line_node] RECEIVED push button pressed
2026-10-02T03:49:45.939 [motion_node] RECEIVED SetState request: TOOL_CHECK
2026-10-02T03:49:45.954 [motion_node] SENT state TOOL_CHECK: OK TOOL_CHECK
2026-10-02T03:49:45.982 [pick_tool_node] SENT state -> TOOL_CHECK
2026-10-02T03:49:49.224 [motion_node] RECEIVED SetState request: TOOL_MISSING
2026-10-02T03:49:49.246 [motion_node] SENT state TOOL_MISSING: OK TOOL_MISSING
2026-10-02T03:49:49.281 [pick_tool_node] SENT state -> TOOL_MISSING
2026-10-02T03:49:49.298 [pick_tool_node] SENT human notify: tool_missing: Tool "ruler" not detected. Place it and press the button.
2026-10-02T03:49:56.635 [mark_point_node] RECEIVED push button presse2026-10-02T03:49:56.637 [draw_line_node] RECEIVED push button pressed
2026-10-02T03:49:56.667 [motion_node] RECEIVED SetState request: TOOL_CHECK
2026-10-02T03:49:56.682 [motion_node] SENT state TOOL_CHECK: OK TOOL_CHECK
2026-10-02T03:49:56.698 [pick_tool_node] SENT state -> TOOL_CHECK
2026-10-02T03:50:00.330 [motion_node] RECEIVED SetState request: TOOL_MISSING
2026-10-02T03:50:00.375 [motion_node] SENT state TOOL_MISSING: OK TOOL_MISSING
2026-10-02T03:50:00.413 [pick_tool_node] SENT state -> TOOL_MISSING
2026-10-02T03:50:00.423 [pick_tool_node] SENT human notify: tool_missing: Tool "ruler" not detected. Place it and press the button.
2026-10-02T03:50:04.696 [dispatch_node] RECEIVED push button pressed

2026-10-02T03:50:04.710 [draw_line_node] RECEIVED push button pressed

2026-10-02T03:50:04.720 [motion_node] RECEIVED SetState request: TOOL_CHECK
2026-10-02T03:50:04.746 [motion_node] SENT state TOOL_CHECK: OK TOOL_CHECK
2026-10-02T03:50:04.777 [pick_tool_node] SENT state -> TOOL_CHECK
2026-10-02T03:50:08.086 [motion_node] RECEIVED SetState request: TOOL_MISSING
2026-10-02T03:50:08.105 [motion_node] SENT state TOOL_MISSING: OK TOOL_MISSING
2026-10-02T03:50:08.126 [pick_tool_node] SENT state -> TOOL_MISSING
2026-10-02T03:50:08.143 [pick_tool_node] SENT human notify: tool_missing: Tool "ruler" not detected. Place it and press the button.
2026-10-02T03:50:18.885 [pick_tool_node] RECEIVED push button pressed
2026-10-02T03:50:18.886 [mark_point_node] RECEIVED push button pressed
2026-10-02T03:50:18.908 [dispatch_node] RECEIVED push button pressed
2026-10-02T03:50:18.929 [motion_node] RECEIVED SetState request: TOOL_CHECK
2026-10-02T03:50:18.944 [motion_node] SENT state TOOL_CHECK: OK TOOL_CHECK
2026-10-02T03:50:18.965 [pick_tool_node] SENT state -> TOOL_CHECK
2026-10-02T03:50:23.576 [motion_node] RECEIVED SetState request: TOOL_MISSING
2026-10-02T03:50:23.602 [motion_node] SENT state TOOL_MISSING: OK TOOL_MISSING
2026-10-02T03:50:23.634 [pick_tool_node] SENT state -> TOOL_MISSING
2026-10-02T03:50:23.672 [pick_tool_node] SENT human notify: tool_missing: Tool "ruler" not detected. Place it and press the button.
2026-10-02T03:50:30.329 [pick_tool_node] RECEIVED push button pressed
2026-10-02T03:50:30.329 [draw_arc_node] RECEIVED push button pressed
2026-10-02T03:50:30.343 [draw_line_node] RECEIVED push button pressed
2026-10-02T03:50:30.351 [mark_point_node] RECEIVED push button pressed
2026-10-02T03:50:30.376 [dispatch_node] RECEIVED push button pressed
2026-10-02T03:50:30.381 [motion_node] RECEIVED SetState request: TOOL_CHECK
2026-10-02T03:50:30.400 [motion_node] SENT state TOOL_CHECK: OK TOOL_CHECK
2026-10-02T03:50:30.431 [pick_tool_node] SENT state -> TOOL_CHECK
2026-10-02T03:50:33.710 [motion_node] RECEIVED SetState request: TOOL_MISSING
2026-10-02T03:50:33.730 [motion_node] SENT state TOOL_MISSING: OK TOOL_MISSING
2026-10-02T03:50:33.757 [pick_tool_node] SENT state -> TOOL_MISSING
2026-10-02T03:50:33.763 [pick_tool_node] SENT human notify: tool_missing: Tool "ruler" not detected. Place it and press the button.
2026-10-02T03:50:40.736 [draw_line_node] RECEIVED push button pressed
2026-10-02T03:50:40.739 [draw_arc_node] RECEIVED push button pressed
2026-10-02T03:50:40.749 [mark_point_node] RECEIVED push button pressed
2026-10-02T03:50:40.767 [pick_tool_node] RECEIVED push button pressed
CHECK
2026-10-02T03:50:40.787 [motion_node] SENT state TOOL_CHECK: OK TOOL_CHECK
2026-10-02T03:50:40.802 [pick_tool_node] SENT state -> TOOL_CHECK
2026-10-02T03:50:44.037 [motion_node] RECEIVED SetState request: TOOL_MISSING
2026-10-02T03:50:44.079 [motion_node] SENT state TOOL_MISSING: OK TOOL_MISSING
2026-10-02T03:50:44.146 [pick_tool_node] SENT state -> TOOL_MISSING
2026-10-02T03:50:44.162 [pick_tool_node] SENT human notify: tool_missing: Tool "ruler" not detected. Place it and press the button.
2026-10-02T03:53:30.329 [dispatch_node] RECEIVED actionId=pick-4895a7be source=robot pairId=pick-4895a7be pairSize=1 payload={'action': 'pick', 'tool': 'compass'}
2026-10-02T03:53:30.366 [dispatch_node] DOING routing robot action "pick"
2026-10-02T03:53:30.448 [dispatch_node] SENT pick goal: nexus_interfaces.action.PickTool_Goal(target_object='compass')
2026-10-02T03:53:30.538 [screen_state_node] RECEIVED SetScreenState request: state="robot_pick_started" detail={"source": "robot", "payload": {"action": "pick", "tool": "compass"}}
2026-10-02T03:53:30.598 [pick_tool_node] RECEIVED PickTool goal: compass
2026-10-02T03:53:30.613 [pick_tool_node] DOING [pickTool:compass] step: receive_tool
2026-10-02T03:53:30.635 [screen_state_node] SENT screen state -> robot_pick_started (display: "ROBOT PICK START")
2026-10-02T03:53:30.660 [motion_node] RECEIVED SetState request: STANDBY
2026-10-02T03:53:30.682 [motion_node] SENT state STANDBY: OK STANDBY
2026-10-02T03:53:30.710 [pick_tool_node] SENT state -> STANDBY
2026-10-02T03:53:30.721 [pick_tool_node] SENT human notify: place_tool: Place "compass" in the robot tool link, then press the button.
2026-10-02T03:53:30.738 [pick_tool_node] DOING [pickTool:compass] step: waiting_for_button
2026-10-02T03:53:31.917 [dispatch_node] RECEIVED push button pressed
2026-10-02T03:53:32.070 [pick_tool_node] DOING [pickTool:compass] step: vali2026-10-02T02026-10-02T03:53:32.087 [pick_tool_node] RECEIVED push button pressed

2026-10-02T03:53:32.149 [motion_node] SENT state TOOL_CHECK: OK TOOL_CHECK
2026-10-02T03:53:32.155 [draw_arc_node] RECEIVED push button pressed
_CHECK
2026-10-02T03:53:32.181 [pick_tool_node] SENT state -> TOOL_CHECK
2026-10-02T03:53:32.199 [motion_node] SENT state TOOL_CHECK: OK TOOL_CHECK
2026-10-02T03:53:32.220 [pick_tool_node] SENT state -> TOOL_CHECK
2026-10-02T03:53:35.434 [motion_node] RECEIVED SetState request: TOOL_MISSING
2026-10-02T03:53:35.448 [motion_node] SENT state TOOL_MISSING: OK TOOL_MISSING
2026-10-02T03:53:35.470 [pick_tool_node] SENT state -> TOOL_MISSING
2026-10-02T03:53:35.478 [pick_tool_node] SENT human notify: tool_missing: Tool "ruler" not detected. Place it and press the button.
2026-10-02T03:53:35.962 [motion_node] RECEIVED SetState request: TOOL_MISSING
2026-10-02T03:53:35.981 [motion_node] SENT state TOOL_MISSING: OK TOOL_MISSING
2026-10-02T03:53:36.001 [pick_tool_node] SENT state -> TOOL_MISSING
2026-10-02T03:53:36.009 [pick_tool_node] SENT human notify: tool_missing: Tool "compass" not detected. Place it and press the button.
2026-10-02T03:53:46.634 [draw_arc_node] RECEIVED push button pressed

2026-10-02T03:53:46.648 [dispatch_node] RECEIVED push button pressed


2026-10-02T03:53:46.671 [motion_node] RECEIVED SetState request: TOOL_CHECK
2026-10-02T03:53:46.675 [motion_node] RECEIVED SetState request: TOOL_CHECK
2026-10-02T03:53:46.690 [motion_node] SENT state TOOL_CHECK: OK TOOL_CHECK
2026-10-02T03:53:46.703 [motion_node] SENT state TOOL_CHECK: OK TOOL_CHECK
2026-10-02T03:53:46.734 [pick_tool_node] SENT state -> TOOL_CHECK
2026-10-02T03:53:46.754 [pick_tool_node] SENT state -> TOOL_CHECK
2026-10-02T03:53:47.575 [motion_node] RECEIVED SetState request: CONFIRMED
2026-10-02T03:53:47.590 [motion_node] SENT state CONFIRMED: OK CONFIRMED
2026-10-02T03:53:47.613 [pick_tool_node] SENT state -> CONFIRMED
2026-10-02T03:53:48.767 [tool_state_node] RECEIVED SetHeldTool request: "compass"
2026-10-02T03:53:48.802 [tool_state_node] SENT held tool changed: "pencil" -> "compass"
2026-10-02T03:53:48.838 [pick_tool_node] DOING [pickTool:compass] step: standby
2026-10-02T03:53:48.861 [motion_node] RECEIVED SetState request: STANDBY
2026-10-02T03:53:48.881 [motion_node] SENT state STANDBY: OK STANDBY
2026-10-02T03:53:48.915 [pick_tool_node] SENT state -> STANDBY
2026-10-02T03:53:48.953 [dispatch_node] RECEIVED pick result: success=True message="holding "compass""
2026-10-02T03:53:48.970 [dispatch_node] SENT completion for actionId=pick-4895a7be source=robot result={'ok': True, 'action': 'pick', 'message': 'holding "compass"'}
2026-10-02T03:53:50.087 [motion_node] RECEIVED SetState request: TOOL_MISSING
2026-10-02T03:53:50.104 [motion_node] SENT state TOOL_MISSING: OK TOOL_MISSING
2026-10-02T03:53:50.128 [pick_tool_node] SENT state -> TOOL_MISSING
2026-10-02T03:53:50.139 [pick_tool_node] SENT human notify: tool_missing: Tool "ruler" not detected. Place it and press the button.
2026-10-02T03:53:59.577 [mark_point_node] RECEIVED push button pressed
2026-10-02T03:53:59.586 [draw_arc_node] RECEIVED push button pressed
2026-10-02T03:53:59.599 [dispatch_node] RECEIVED push button pressed

2026-10-02T03:53:59.649 [motion_node] RECEIVED SetState request: TOOL_CHECK
2026-10-02T03:53:59.664 [motion_node] SENT state TOOL_CHECK: OK TOOL_CHECK
2026-10-02T03:53:59.687 [pick_tool_node] SENT state -> TOOL_CHECK
2026-10-02T03:54:02.905 [motion_node] RECEIVED SetState request: TOOL_MISSING
2026-10-02T03:54:02.925 [motion_node] SENT state TOOL_MISSING: OK TOOL_MISSING
2026-10-02T03:54:02.945 [pick_tool_node] SENT state -> TOOL_MISSING
2026-10-02T03:54:02.956 [pick_tool_node] SENT human notify: tool_missing: Tool "ruler" not detected. Place it and press the button.
2026-10-02T03:54:18.295 [dispatch_node] RECEIVED actionId=pick-4126d9b2 source=robot pairId=pick-4126d9b2 pairSize=1 payload={'action': 'pick', 'tool': 'compass'}
2026-10-02T03:54:18.310 [dispatch_node] DOING routing robot action "pick"
2026-10-02T03:54:18.329 [dispatch_node] SENT pick goal: nexus_interfaces.action.PickTool_Goal(target_object='compass')
": "robot", "payload": {"action": "pick", "tool": "compass"}}
2026-10-02T03:54:18.362 [pick_tool_node] RECEIVED PickTool goal: compass
2026-10-02T03:54:18.382 [pick_tool_node] DOING [pickTool:compass] step: receive_tool
2026-10-02T03:54:18.400 [screen_state_node] SENT screen state -> robot_pick_started (display: "ROBOT PICK START")
2026-10-02T03:54:18.421 [motion_node] SENT state STANDBY: OK STANDBY
2026-10-02T03:54:18.432 [pick_tool_node] SENT state -> STANDBY
2026-10-02T03:54:18.444 [pick_tool_node] SENT human notify: place_tool: Place "compass" in the robot tool link, then press the button.
2026-10-02T03:54:18.461 [pick_tool_node] DOING [pickTool:compass] step: waiting_for_button
2026-10-02T03:54:23.379 [draw_line_node] RECEIVED push button pressed

2026-10-02T03:54:23.383 [pick_tool_node] RECEIVED push button pressed
2026-10-02T03:54:23.410 [pick_tool_node] DOING [pickTool:compass] step: validating_tool
2026-10-02T03:54:23.387 [draw_arc_node] RECEIVED push button pressed
2026-10-02T03:54:23.430 [motion_node] RECEIVED SetState request: TOOL_CHECK
2026-10-02T03:54:23.438 [motion_node] RECEIVED SetState request: TOOL_CHECK
2026-10-02T03:54:23.459 [motion_node] SENT state TOOL_CHECK: OK TOOL_CHECK
2026-10-02T03:54:23.469 [motion_node] SENT state TOOL_CHECK: OK TOOL_CHECK
2026-10-02T03:54:23.505 [pick_tool_node] SENT state -> TOOL_CHECK
2026-10-02T03:54:23.985 [motion_node] RECEIVED SetState request: CONFIRMED
2026-10-02T03:54:24.033 [motion_node] SENT state CONFIRMED: OK CONFIRMED
2026-10-02T03:54:24.081 [pick_tool_node] SENT state -> CONFIRMED
2026-10-02T03:54:25.109 [tool_state_node] RECEIVED SetHeldTool request: "compass"
2026-10-02T03:54:25.118 [tool_state_node] SENT held tool changed: "compass" -> "compass"
2026-10-02T03:54:25.146 [pick_tool_node] DOING [pickTool:compass] step: standby
2026-10-02T03:54:25.156 [motion_node] RECEIVED SetState request: STANDBY
2026-10-02T03:54:25.179 [motion_node] SENT state STANDBY: OK STANDBY
2026-10-02T03:54:25.219 [pick_tool_node] SENT state -> STANDBY
2026-10-02T03:54:25.242 [dispatch_node] RECEIVED pick result: success=True message="holding "compass""
2026-10-02T03:54:25.259 [dispatch_node] SENT completion for actionId=pick-4126d9b2 source=robot result={'ok': True, 'action': 'pick', 'message': 'holding "compass"'}
2026-10-02T03:54:27.213 [motion_node] RECEIVED SetState request: TOOL_MISSING
2026-10-02T03:54:27.231 [motion_node] SENT state TOOL_MISSING: OK TOOL_MISSING
2026-10-02T03:54:27.249 [pick_tool_node] SENT state -> TOOL_MISSING
2026-10-02T03:54:27.269 [pick_tool_node] SENT human notify: tool_missing: Tool "ruler" not detected. Place it and press the button.
2026-10-02T03:54:34.086 [dispatch_node] RECEIVED actionId=pick-45404784 source=robot pairId=pick-45404784 pairSize=1 payload={'action': 'pick', 'tool': 'protractor'}
2026-10-02T03:54:34.109 [screen_state_node] RECEIVED SetScreenState request: state="robot_pick_started" detail={"source": "robot", "payload": {"action": "pick", "tool": "protractor"}}
2026-10-02T03:54:34.123 [dispatch_node] SENT pick goal: nexus_interfaces.action.PickTool_Goal(target_object='protractor')
2026-10-02T03:54:34.159 [pick_tool_node] RECEIVED PickTool goal: protractor
2026-10-02T03:54:34.170 [pick_tool_node] DOING [pickTool:protractor] step: receive_tool
2026-10-02T03:54:34.212 [screen_state_node] SENT screen state -> robot_pick_started (display: "ROBOT PICK START")
2026-10-02T03:54:34.229 [motion_node] RECEIVED SetState request: STANDBY
2026-10-02T03:54:34.256 [motion_node] SENT state STANDBY: OK STANDBY
2026-10-02T03:54:34.283 [pick_tool_node] SENT state -> STANDBY
2026-10-02T03:54:34.298 [pick_tool_node] SENT human notify: place_tool: Place "protractor" in the robot tool link, then press the button.
2026-10-02T03:54:34.310 [pick_tool_node] DOING [pickTool:protractor] step: waiting_for_button
2026-10-02T03:54:40.191 [pick_tool_node] RECEIVED push button pressed
2026-10-02T03:54:40.190 [dispatch_node] RECEIVED push button pressed

2026-10-02T03:54:40.200 [mark_point_node] RECEIVED push button pressed
2026-10-02T03:54:40.210 [motion_node] RECEIVED SetState request: TOOL_CHECK
alidating_tool
2026-10-02T03:54:40.226 [motion_node] SENT state TOOL_CHECK: OK TOOL_CHECK

2026-10-02T03:54:40.242 [motion_node] SENT state TOOL_CHECK: OK TOOL_CHECK
2026-10-02T03:54:40.261 [pick_tool_node] SENT state -> TOOL_CHECK
2026-10-02T03:54:40.281 [pick_tool_node] SENT state -> TOOL_CHECK
2026-10-02T03:54:41.086 [motion_node] RECEIVED SetState request: CONFIRMED
2026-10-02T03:54:41.103 [motion_node] SENT state CONFIRMED: OK CONFIRMED
2026-10-02T03:54:41.125 [pick_tool_node] SENT state -> CONFIRMED
2026-10-02T03:54:42.159 [tool_state_node] RECEIVED SetHeldTool request: "protractor"
2026-10-02T03:54:42.176 [tool_state_node] SENT held tool changed: "compass" -> "protractor"
2026-10-02T03:54:42.227 [pick_tool_node] DOING [pickTool:protractor] step: standby
2026-10-02T03:54:42.249 [motion_node] RECEIVED SetState request: STANDBY
2026-10-02T03:54:42.291 [motion_node] SENT state STANDBY: OK STANDBY
2026-10-02T03:54:42.305 [pick_tool_node] SENT state -> STANDBY
2026-10-02T03:54:42.344 [dispatch_node] RECEIVED pick result: success=True message="holding "protractor""
2026-10-02T03:54:42.375 [dispatch_node] SENT completion for actionId=pick-45404784 source=robot result={'ok': True, 'action': 'pick', 'message': 'holding "protractor"'}
2026-10-02T03:54:43.949 [motion_node] RECEIVED SetState request: TOOL_MISSING
2026-10-02T03:54:43.971 [motion_node] SENT state TOOL_MISSING: OK TOOL_MISSING
2026-10-02T03:54:44.011 [pick_tool_node] SENT state -> TOOL_MISSING
2026-10-02T03:54:44.019 [pick_tool_node] SENT human notify: tool_missing: Tool "ruler" not detected. Place it and press the button.
2026-10-02T03:57:56.571 [pick_tool_node] RECEIVED push button pressed
2026-10-02T03:57:56.594 [draw_arc_node] RECEIVED push button pressed
d
2026-10-02T03:57:56.613 [dispatch_node] RECEIVED push button pressed
2026-10-02T03:57:56.618 [motion_node] RECEIVED SetState request: TOOL_CHECK
2026-10-02T03:57:56.645 [motion_node] SENT state TOOL_CHECK: OK TOOL_CHECK
2026-10-02T03:57:56.676 [pick_tool_node] SENT state -> TOOL_CHECK
2026-10-02T03:57:59.909 [motion_node] RECEIVED SetState request: TOOL_MISSING
2026-10-02T03:58:00.048 [motion_node] SENT state TOOL_MISSING: OK TOOL_MISSING
2026-10-02T03:58:00.074 [pick_tool_node] SENT state -> TOOL_MISSING
2026-10-02T03:58:00.084 [pick_tool_node] SENT human notify: tool_missing: Tool "ruler" not detected. Place it and press the button.
2026-10-02T03:59:34.362 [pick_tool_node] RECEIVED push button pressed

2026-10-02T03:59:34.377 [draw_arc_node] RECEIVED push button pressed

2026-10-02T03:59:34.381 [motion_node] RECEIVED SetState request: TOOL_CHECK
2026-10-02T03:59:34.414 [motion_node] SENT state TOOL_CHECK: OK TOOL_CHECK
2026-10-02T03:59:34.456 [pick_tool_node] SENT state -> TOOL_CHECK
2026-10-02T03:59:37.677 [motion_node] RECEIVED SetState request: TOOL_MISSING
2026-10-02T03:59:37.693 [motion_node] SENT state TOOL_MISSING: OK TOOL_MISSING
2026-10-02T03:59:37.711 [pick_tool_node] SENT state -> TOOL_MISSING
2026-10-02T03:59:37.730 [pick_tool_node] SENT human notify: tool_missing: Tool "ruler" not detected. Place it and press the button.
2026-10-02T03:59:56.063 [draw_line_node] RECEIVED push button pressed
2026-10-02T03:59:56.082 [mark_point_node] RECEIVED push button pressed
2026-10-02T03:59:56.088 [motion_node] RECEIVED SetState request: TOOL_CHECK
2026-10-02T03:59:56.169 [motion_node] SENT state TOOL_CHECK: OK TOOL_CHECK
2026-10-02T03:59:56.196 [pick_tool_node] SENT state -> TOOL_CHECK
2026-10-02T03:59:59.877 [motion_node] RECEIVED SetState request: TOOL_MISSING
2026-10-02T03:59:59.937 [motion_node] SENT state TOOL_MISSING: OK TOOL_MISSING
2026-10-02T03:59:59.969 [pick_tool_node] SENT state -> TOOL_MISSING
2026-10-02T03:59:59.980 [pick_tool_node] SENT human notify: tool_missing: Tool "ruler" not detected. Place it and press the button.
2026-10-02T04:00:06.015 [draw_line_node] RECEIVED push button pressed
2026-10-02T04:00:06.014 [mark_point_node] RECEIVED push button pressed
HECK
2026-10-02T04:00:06.094 [motion_node] SENT state TOOL_CHECK: OK TOOL_CHECK
2026-10-02T04:00:06.115 [pick_tool_node] SENT state -> TOOL_CHECK
2026-10-02T04:00:09.238 [motion_node] RECEIVED SetState request: TOOL_MISSING
2026-10-02T04:00:09.255 [motion_node] SENT state TOOL_MISSING: OK TOOL_MISSING
2026-10-02T04:00:09.275 [pick_tool_node] SENT state -> TOOL_MISSING
2026-10-02T04:00:09.294 [pick_tool_node] SENT human notify: tool_missing: Tool "ruler" not detected. Place it and press the button.
2026-10-02T04:00:15.931 [draw_line_node] RECEIVED push button pressed
2026-10-02T04:00:15.942 [pick_tool_node] RECEIVED push button pressed
CHECK
2026-10-02T04:00:15.953 [mark_point_node] RECEIVED push button presse2026-10-02T04:00:15.962 [draw_arc_node] RECEIVED push button pressed
2026-10-02T04:00:15.977 [motion_node] SENT state TOOL_CHECK: OK TOOL_CHECK
2026-10-02T04:00:16.005 [pick_tool_node] SENT state -> TOOL_CHECK
2026-10-02T04:00:19.976 [motion_node] RECEIVED SetState request: TOOL_MISSING
2026-10-02T04:00:20.008 [motion_node] SENT state TOOL_MISSING: OK TOOL_MISSING
2026-10-02T04:00:20.046 [pick_tool_node] SENT state -> TOOL_MISSING
2026-10-02T04:00:20.062 [pick_tool_node] SENT human notify: tool_missing: Tool "ruler" not detected. Place it and press the button.
2026-10-02T04:00:22.569 [draw_line_node] RECEIVED push button pressed
2026-10-02T04:00:22.588 [dispatch_node] RECEIVED push button pressed
d
2026-10-02T04:00:22.588 [pick_tool_node] RECEIVED push button pressed
2026-10-02T04:00:22.598 [motion_node] RECEIVED SetState request: TOOL_CHECK
2026-10-02T04:00:22.638 [motion_node] SENT state TOOL_CHECK: OK TOOL_CHECK
2026-10-02T04:00:22.666 [pick_tool_node] SENT state -> TOOL_CHECK
2026-10-02T04:00:26.207 [motion_node] RECEIVED SetState request: TOOL_MISSING
2026-10-02T04:00:26.225 [motion_node] SENT state TOOL_MISSING: OK TOOL_MISSING
2026-10-02T04:00:26.246 [pick_tool_node] SENT state -> TOOL_MISSING
2026-10-02T04:00:26.258 [pick_tool_node] SENT human notify: tool_missing: Tool "ruler" not detected. Place it and press the button.
2026-10-02T04:00:33.669 [mark_point_node] RECEIVED push button pressed
2026-10-02T04:00:33.663 [pick_tool_node] RECEIVED push button pressed
2026-10-02T04:00:33.704 [motion_node] RECEIVED SetState request: TOOL_CHECK
2026-10-02T04:00:33.720 [motion_node] SENT state TOOL_CHECK: OK TOOL_CHECK
2026-10-02T04:00:33.765 [pick_tool_node] SENT state -> TOOL_CHECK
2026-10-02T04:00:37.069 [motion_node] RECEIVED SetState request: TOOL_MISSING
2026-10-02T04:00:37.097 [motion_node] SENT state TOOL_MISSING: OK TOOL_MISSING
2026-10-02T04:00:37.109 [pick_tool_node] SENT state -> TOOL_MISSING
2026-10-02T04:00:37.122 [pick_tool_node] SENT human notify: tool_missing: Tool "ruler" not detected. Place it and press the button.
2026-10-02T04:01:07.956 [pick_tool_node] RECEIVED push button pressed

2026-10-02T04:01:07.998 [draw_line_node] RECEIVED push button pressed
2026-10-02T04:01:08.020 [motion_node] RECEIVED SetState request: TOOL_CHECK
2026-10-02T04:01:08.047 [motion_node] SENT state TOOL_CHECK: OK TOOL_CHECK
2026-10-02T04:01:08.084 [pick_tool_node] SENT state -> TOOL_CHECK
2026-10-02T04:01:11.111 [motion_node] RECEIVED SetState request: TOOL_MISSING
2026-10-02T04:01:11.171 [motion_node] SENT state TOOL_MISSING: OK TOOL_MISSING
2026-10-02T04:01:11.211 [pick_tool_node] SENT state -> TOOL_MISSING
2026-10-02T04:01:11.230 [pick_tool_node] SENT human notify: tool_missing: Tool "ruler" not detected. Place it and press the button.
2026-10-02T04:01:15.930 [pick_tool_node] RECEIVED push button pressed
2026-10-02T04:01:15.933 [mark_point_node] RECEIVED push button pressed
2026-10-02T04:01:15.947 [dispatch_node] RECEIVED push button pressed
2026-10-02T04:01:15.946 [draw_arc_node] RECEIVED push button pressed
2026-10-02T04:01:15.965 [motion_node] RECEIVED SetState request: TOOL_CHECK
2026-10-02T04:01:15.980 [motion_node] SENT state TOOL_CHECK: OK TOOL_CHECK
2026-10-02T04:01:15.999 [pick_tool_node] SENT state -> TOOL_CHECK
2026-10-02T04:01:19.415 [motion_node] RECEIVED SetState request: TOOL_MISSING
2026-10-02T04:01:19.436 [motion_node] SENT state TOOL_MISSING: OK TOOL_MISSING
2026-10-02T04:01:19.464 [pick_tool_node] SENT state -> TOOL_MISSING
2026-10-02T04:01:19.476 [pick_tool_node] SENT human notify: tool_missing: Tool "ruler" not detected. Place it and press the button.
2026-10-02T04:01:29.454 [mark_point_node] RECEIVED push button pressed
26-10-02T04:01:29.456 [motion_node] RECEIVED SetState request: TOOL_CHECK
2026-10-02T04:01:29.568 [motion_node] SENT state TOOL_CHECK: OK TOOL_CHECK
2026-10-02T04:01:29.607 [pick_tool_node] SENT state -> TOOL_CHECK
2026-10-02T04:01:33.937 [motion_node] RECEIVED SetState request: TOOL_MISSING
2026-10-02T04:01:34.058 [motion_node] SENT state TOOL_MISSING: OK TOOL_MISSING
2026-10-02T04:01:34.327 [pick_tool_node] SENT state -> TOOL_MISSING
2026-10-02T04:01:34.484 [pick_tool_node] SENT human notify: tool_missing: Tool "ruler" not detected. Place it and press the button.
2026-10-02T04:02:09.316 [mark_point_node] RECEIVED push button pressed
2026-10-02T04:02:09.337 [pick_tool_node] RECEIVED push button pressed
2026-10-02T04:02:09.336 [dispatch_node] RECEIVED push button pressed
2026-10-02T04:02:09.351 [draw_line_node] RECEIVED push button pressed
2026-10-02T04:02:09.359 [motion_node] RECEIVED SetState request: TOOL_CHECK
2026-10-02T04:02:09.371 [motion_node] SENT state TOOL_CHECK: OK TOOL_CHECK
2026-10-02T04:02:09.402 [pick_tool_node] SENT state -> TOOL_CHECK
2026-10-02T04:02:13.514 [motion_node] RECEIVED SetState request: TOOL_MISSING
2026-10-02T04:02:13.535 [motion_node] SENT state TOOL_MISSING: OK TOOL_MISSING
2026-10-02T04:02:13.553 [pick_tool_node] SENT state -> TOOL_MISSING
2026-10-02T04:02:13.561 [pick_tool_node] SENT human notify: tool_missing: Tool "ruler" not detected. Place it and press the button.
2026-10-02T04:02:34.602 [draw_arc_node] RECEIVED push button pressed

2026-10-02T04:02:34.616 [mark_point_node] RECEIVED push button pressed
2026-10-02T04:02:34.623 [dispatch_node] RECEIVED push button pressed
2026-10-02T04:02:34.645 [motion_node] RECEIVED SetState request: TOOL_CHECK
2026-10-02T04:02:34.672 [motion_node] SENT state TOOL_CHECK: OK TOOL_CHECK
2026-10-02T04:02:34.696 [pick_tool_node] SENT state -> TOOL_CHECK
2026-10-02T04:02:38.555 [motion_node] RECEIVED SetState request: TOOL_MISSING
2026-10-02T04:02:38.570 [motion_node] SENT state TOOL_MISSING: OK TOOL_MISSING
2026-10-02T04:02:38.592 [pick_tool_node] SENT state -> TOOL_MISSING
2026-10-02T04:02:38.606 [pick_tool_node] SENT human notify: tool_missing: Tool "ruler" not detected. Place it and press the button.
2026-10-02T04:02:43.541 [pick_tool_node] RECEIVED push button pressed2026-10-02T04:02:43.555 [dispatch_node] RECEIVED push button pressed
d
2026-10-02T04:02:43.556 [mark_point_node] RECEIVED push button pressed
2026-10-02T04:02:43.607 [motion_node] RECEIVED SetState request: TOOL_CHECK
2026-10-02T04:02:43.623 [motion_node] SENT state TOOL_CHECK: OK TOOL_CHECK
2026-10-02T04:02:43.668 [pick_tool_node] SENT state -> TOOL_CHECK
2026-10-02T04:02:47.273 [motion_node] RECEIVED SetState request: TOOL_MISSING
2026-10-02T04:02:47.291 [motion_node] SENT state TOOL_MISSING: OK TOOL_MISSING
2026-10-02T04:02:47.319 [pick_tool_node] SENT state -> TOOL_MISSING
2026-10-02T04:02:47.341 [pick_tool_node] SENT human notify: tool_missing: Tool "ruler" not detected. Place it and press the button.
2026-10-02T04:03:10.971 [pick_tool_node] RECEIVED push button pressed
2026-10-02T04:03:10.969 [mark_point_node] RECEIVED push button presse2026-10-02T04:03:10.969 [dispatch_node] RECEIVED push button pressed
2026-10-02T04:03:11.016 [motion_node] RECEIVED SetState request: TOOL_CHECK
2026-10-02T04:03:11.033 [motion_node] SENT state TOOL_CHECK: OK TOOL_CHECK
2026-10-02T04:03:11.055 [pick_tool_node] SENT state -> TOOL_CHECK
2026-10-02T04:03:14.601 [motion_node] RECEIVED SetState request: TOOL_MISSING
2026-10-02T04:03:14.615 [motion_node] SENT state TOOL_MISSING: OK TOOL_MISSING
2026-10-02T04:03:14.652 [pick_tool_node] SENT state -> TOOL_MISSING
2026-10-02T04:03:14.669 [pick_tool_node] SENT human notify: tool_missing: Tool "ruler" not detected. Place it and press the button.
2026-10-02T04:03:23.495 [draw_line_node] RECEIVED push button pressed
2026-10-02T04:03:23.503 [draw_arc_node] RECEIVED push button pressed

2026-10-02T04:03:23.504 [dispatch_node] RECEIVED push button pressed
2026-10-02T04:03:23.510 [mark_point_node] RECEIVED push button pressed
2026-10-02T04:03:23.543 [motion_node] RECEIVED SetState request: TOOL_CHECK
2026-10-02T04:03:23.562 [motion_node] SENT state TOOL_CHECK: OK TOOL_CHECK
2026-10-02T04:03:23.583 [pick_tool_node] SENT state -> TOOL_CHECK
2026-10-02T04:03:28.830 [motion_node] RECEIVED SetState request: TOOL_MISSING
2026-10-02T04:03:28.851 [motion_node] SENT state TOOL_MISSING: OK TOOL_MISSING
2026-10-02T04:03:28.878 [pick_tool_node] SENT state -> TOOL_MISSING
2026-10-02T04:03:28.885 [pick_tool_node] SENT human notify: tool_missing: Tool "ruler" not detected. Place it and press the button.
2026-10-02T04:03:33.465 [dispatch_node] RECEIVED push button pressed
2026-10-02T04:03:33.486 [mark_point_node] RECEIVED push button pressed
2026-10-02T04:03:33.481 [draw_line_node] RECEIVED push button pressed
2026-10-02T04:03:33.492 [pick_tool_node] RECEIVED push button pressed
2026-10-02T04:03:33.530 [motion_node] RECEIVED SetState request: TOOL_CHECK
2026-10-02T04:03:33.550 [motion_node] SENT state TOOL_CHECK: OK TOOL_CHECK
2026-10-02T04:03:33.567 [pick_tool_node] SENT state -> TOOL_CHECK
2026-10-02T04:03:37.431 [motion_node] RECEIVED SetState request: TOOL_MISSING
2026-10-02T04:03:37.458 [motion_node] SENT state TOOL_MISSING: OK TOOL_MISSING
2026-10-02T04:03:37.490 [pick_tool_node] SENT state -> TOOL_MISSING
2026-10-02T04:03:37.505 [pick_tool_node] SENT human notify: tool_missing: Tool "ruler" not detected. Place it and press the button.
2026-10-02T04:03:53.544 [draw_line_node] RECEIVED push button pressed
2026-10-02T04:03:53.554 [pick_tool_node] RECEIVED push button pressed
2026-10-02T04:03:53.571 [mark_point_node] RECEIVED push button pressed
2026-10-02T04:03:53.589 [draw_arc_node] RECEIVED push button pressed
_CHECK
2026-10-02T04:03:53.606 [motion_node] SENT state TOOL_CHECK: OK TOOL_CHECK
2026-10-02T04:03:53.629 [pick_tool_node] SENT state -> TOOL_CHECK
2026-10-02T04:03:56.889 [motion_node] RECEIVED SetState request: TOOL_MISSING
2026-10-02T04:03:56.907 [motion_node] SENT state TOOL_MISSING: OK TOOL_MISSING
2026-10-02T04:03:56.928 [pick_tool_node] SENT state -> TOOL_MISSING
2026-10-02T04:03:56.936 [pick_tool_node] SENT human notify: tool_missing: Tool "ruler" not detected. Place it and press the button.
2026-10-02T04:04:20.617 [draw_arc_node] RECEIVED push button pressed

2026-10-02T04:04:20.629 [mark_point_node] RECEIVED push button pressed
2026-10-02T04:04:20.635 [motion_node] RECEIVED SetState request: TOOL_CHECK
2026-10-02T04:04:20.658 [motion_node] SENT state TOOL_CHECK: OK TOOL_CHECK
2026-10-02T04:04:20.674 [pick_tool_node] SENT state -> TOOL_CHECK
2026-10-02T04:04:24.816 [motion_node] RECEIVED SetState request: TOOL_MISSING
2026-10-02T04:04:24.835 [motion_node] SENT state TOOL_MISSING: OK TOOL_MISSING
2026-10-02T04:04:24.851 [pick_tool_node] SENT state -> TOOL_MISSING
2026-10-02T04:04:24.864 [pick_tool_node] SENT human notify: tool_missing: Tool "ruler" not detected. Place it and press the button.
2026-10-02T04:04:34.140 [dispatch_node] RECEIVED push button pressed

2026-10-02T04:04:34.151 [draw_line_node] RECEIVED push button pressed
2026-10-02T04:04:34.162 [mark_point_node] RECEIVED push button pressed
2026-10-02T04:04:34.171 [motion_node] RECEIVED SetState request: TOOL_CHECK
2026-10-02T04:04:34.188 [motion_node] SENT state TOOL_CHECK: OK TOOL_CHECK
2026-10-02T04:04:34.209 [pick_tool_node] SENT state -> TOOL_CHECK
2026-10-02T04:04:37.560 [motion_node] RECEIVED SetState request: TOOL_MISSING
2026-10-02T04:04:37.574 [motion_node] SENT state TOOL_MISSING: OK TOOL_MISSING
2026-10-02T04:04:37.594 [pick_tool_node] SENT state -> TOOL_MISSING
2026-10-02T04:04:37.612 [pick_tool_node] SENT human notify: tool_missing: Tool "ruler" not detected. Place it and press the button.
2026-10-02T04:04:43.180 [draw_arc_node] RECEIVED push button pressed
2026-10-02T04:04:43.179 [dispatch_node] RECEIVED push button pressed
2026-10-02T04:04:43.182 [pick_tool_node] RECEIVED push button pressed
2026-10-02T04:04:43.194 [draw_line_node] RECEIVED push button pressed
2026-10-02T04:04:43.195 [motion_node] RECEIVED SetState request: TOOL_CHECK
2026-10-02T04:04:43.203 [mark_point_node] RECEIVED push button pressed
2026-10-02T04:04:43.217 [motion_node] SENT state TOOL_CHECK: OK TOOL_CHECK
2026-10-02T04:04:43.255 [pick_tool_node] SENT state -> TOOL_CHECK
2026-10-02T04:04:46.622 [motion_node] RECEIVED SetState request: TOOL_MISSING
2026-10-02T04:04:46.640 [motion_node] SENT state TOOL_MISSING: OK TOOL_MISSING
2026-10-02T04:04:46.661 [pick_tool_node] SENT state -> TOOL_MISSING
2026-10-02T04:04:46.672 [pick_tool_node] SENT human notify: tool_missing: Tool "ruler" not detected. Place it and press the button.
2026-10-02T04:04:57.545 [mark_point_node] RECEIVED push button pressed2026-10-02T04:04:57.548 [pick_tool_node] RECEIVED push button pressed
2026-10-02T04:04:57.565 [motion_node] RECEIVED SetState request: TOOL_CHECK
2026-10-02T04:04:57.596 [motion_node] SENT state TOOL_CHECK: OK TOOL_CHECK
2026-10-02T04:04:57.624 [pick_tool_node] SENT state -> TOOL_CHECK
2026-10-02T04:05:00.898 [motion_node] RECEIVED SetState request: TOOL_MISSING
2026-10-02T04:05:00.917 [motion_node] SENT state TOOL_MISSING: OK TOOL_MISSING
2026-10-02T04:05:00.938 [pick_tool_node] SENT state -> TOOL_MISSING
2026-10-02T04:05:00.956 [pick_tool_node] SENT human notify: tool_missing: Tool "ruler" not detected. Place it and press the button.
2026-10-02T04:05:08.867 [dispatch_node] RECEIVED push button pressed


2026-10-02T04:05:08.873 [pick_tool_node] RECEIVED push button pressed
2026-10-02T04:05:08.891 [draw_arc_node] RECEIVED push button pressed
2026-10-02T04:05:08.907 [motion_node] RECEIVED SetState request: TOOL_CHECK
2026-10-02T04:05:08.923 [motion_node] SENT state TOOL_CHECK: OK TOOL_CHECK
2026-10-02T04:05:08.945 [pick_tool_node] SENT state -> TOOL_CHECK
2026-10-02T04:05:13.516 [motion_node] RECEIVED SetState request: TOOL_MISSING
2026-10-02T04:05:13.574 [motion_node] SENT state TOOL_MISSING: OK TOOL_MISSING
2026-10-02T04:05:13.638 [pick_tool_node] SENT state -> TOOL_MISSING
2026-10-02T04:05:13.687 [pick_tool_node] SENT human notify: tool_missing: Tool "ruler" not detected. Place it and press the button.
2026-10-02T04:07:39.750 [draw_line_node] RECEIVED push button pressed
2026-10-02T04:07:39.750 [draw_arc_node] RECEIVED push button pressed
2026-10-02T04:07:39.759 [mark_point_node] RECEIVED push button pressed
2026-10-02T04:07:39.762 [pick_tool_node] RECEIVED push button pressed
2026-10-02T04:07:39.776 [dispatch_node] RECEIVED push button pressed
2026-10-02T04:07:39.783 [motion_node] RECEIVED SetState request: TOOL_CHECK
2026-10-02T04:07:39.796 [motion_node] SENT state TOOL_CHECK: OK TOOL_CHECK
2026-10-02T04:07:39.825 [pick_tool_node] SENT state -> TOOL_CHECK
2026-10-02T04:07:43.192 [motion_node] RECEIVED SetState request: TOOL_MISSING
2026-10-02T04:07:43.213 [motion_node] SENT state TOOL_MISSING: OK TOOL_MISSING
2026-10-02T04:07:43.244 [pick_tool_node] SENT state -> TOOL_MISSING
2026-10-02T04:07:43.257 [pick_tool_node] SENT human notify: tool_missing: Tool "ruler" not detected. Place it and press the button.
2026-10-02T04:07:58.633 [dispatch_node] RECEIVED push button pressed
2026-10-02T04:07:58.632 [mark_point_node] RECEIVED push button pressed
2026-10-02T04:07:58.640 [draw_line_node] RECEIVED push button pressed
2026-10-02T04:07:58.651 [pick_tool_node] RECEIVED push button pressed
2026-10-02T04:07:58.661 [motion_node] RECEIVED SetState request: TOOL_CHECK
2026-10-02T04:07:58.680 [motion_node] SENT state TOOL_CHECK: OK TOOL_CHECK
2026-10-02T04:07:58.709 [pick_tool_node] SENT state -> TOOL_CHECK
2026-10-02T04:08:02.029 [motion_node] RECEIVED SetState request: TOOL_MISSING
2026-10-02T04:08:02.050 [motion_node] SENT state TOOL_MISSING: OK TOOL_MISSING
2026-10-02T04:08:02.067 [pick_tool_node] SENT state -> TOOL_MISSING
2026-10-02T04:08:02.079 [pick_tool_node] SENT human notify: tool_missing: Tool "ruler" not detected. Place it and press the button.
2026-10-02T04:08:15.491 [mark_point_node] RECEIVED push button pressed
2026-10-02T04:08:15.490 [draw_arc_node] RECEIVED push button pressed
2026-10-02T04:08:15.491 [pick_tool_node] RECEIVED push button pressed
2026-10-02T04:08:15.513 [draw_line_node] RECEIVED push button pressed
2026-10-02T04:08:15.521 [motion_node] RECEIVED SetState request: TOOL_CHECK
2026-10-02T04:08:15.538 [motion_node] SENT state TOOL_CHECK: OK TOOL_CHECK
2026-10-02T04:08:15.566 [pick_tool_node] SENT state -> TOOL_CHECK
2026-10-02T04:08:18.897 [motion_node] RECEIVED SetState request: TOOL_MISSING
2026-10-02T04:08:18.914 [motion_node] SENT state TOOL_MISSING: OK TOOL_MISSING
2026-10-02T04:08:18.958 [pick_tool_node] SENT state -> TOOL_MISSING
2026-10-02T04:08:18.969 [pick_tool_node] SENT human notify: tool_missing: Tool "ruler" not detected. Place it and press the button.
2026-10-02T04:11:36.081 [draw_line_node] RECEIVED push button pressed
2026-10-02T04:11:36.087 [dispatch_node] RECEIVED push button pressed
d
2026-10-02T04:11:36.090 [draw_arc_node] RECEIVED push button pressed

2026-10-02T04:11:36.119 [motion_node] RECEIVED SetState request: TOOL_CHECK
2026-10-02T04:11:36.135 [motion_node] SENT state TOOL_CHECK: OK TOOL_CHECK
2026-10-02T04:11:36.156 [pick_tool_node] SENT state -> TOOL_CHECK
2026-10-02T04:11:39.295 [mark_point_node] RECEIVED push button pressed
2026-10-02T04:11:39.322 [draw_line_node] RECEIVED push button pressed
MISSING
2026-10-02T04:11:39.329 [draw_arc_node] RECEIVED push button pressed
2026-10-02T04:11:39.342 [motion_node] SENT state TOOL_MISSING: OK TOOL_MISSING
2026-10-02T04:11:39.368 [pick_tool_node] SENT state -> TOOL_MISSING
2026-10-02T04:11:39.376 [pick_tool_node] SENT human notify: tool_missing: Tool "ruler" not detected. Place it and press the button.
2026-10-02T04:11:41.948 [draw_line_node] RECEIVED push button pressed2026-10-02T04:11:41.944 [draw_arc_node] RECEIVED push button pressed
d
2026-10-02T04:11:41.957 [mark_point_node] RECEIVED push button pressed
HECK
2026-10-02T04:11:41.983 [motion_node] SENT state TOOL_CHECK: OK TOOL_CHECK
2026-10-02T04:11:42.010 [pick_tool_node] SENT state -> TOOL_CHECK
2026-10-02T04:11:46.842 [motion_node] RECEIVED SetState request: TOOL_MISSING
2026-10-02T04:11:46.860 [motion_node] SENT state TOOL_MISSING: OK TOOL_MISSING
2026-10-02T04:11:46.879 [pick_tool_node] SENT state -> TOOL_MISSING
2026-10-02T04:11:46.888 [pick_tool_node] SENT human notify: tool_missing: Tool "ruler" not detected. Place it and press the button.
2026-10-02T04:21:47.063 [pick_tool_node] ERROR [pickTool:ruler] failed: timed out waiting for push button
2026-10-02T04:21:47.388 [motion_node] RECEIVED SetState request: STANDBY
2026-10-02T04:21:47.448 [motion_node] SENT state STANDBY: OK STANDBY
2026-10-02T04:21:47.557 [pick_tool_node] SENT state -> STANDBY
2026-10-02T04:21:47.928 [dispatch_node] RECEIVED pick result: success=False message="timed out waiting for push button"
2026-10-02T04:21:47.968 [dispatch_node] SENT completion for actionId=pick-16790089 source=robot result={'ok': False, 'action': 'pick', 'message': 'timed out waiting for push button'}
2026-10-02T16:03:51.434 [grid_node] INFO grid_node using shared camera via /camera/frame
2026-10-02T16:03:51.885 [grid_node] INFO grid_node ready - viewer at http://<this-machine-ip>:8091/, paper_size=A4
2026-10-02T16:03:58.657 [screen_state_node] WARN screen_state_node running in MOCK serial mode - no display Arduino attached
2026-10-02T16:03:58.907 [tool_state_node] INFO tool_state_node ready — holding: <none>
2026-10-02T16:03:58.919 [screen_state_node] INFO screen_state_node ready (mock_serial=True) - serving /screen/set_state
2026-10-02T16:03:59.479 [dispatch_node] INFO dispatch_node ready - listening on /action/dispatch
2026-10-02T16:03:59.762 [pick_and_place_node] INFO pick_and_place_node ready — action server on "pick_and_place"
2026-10-02T16:03:59.946 [mark_point_node] INFO mark_point_node ready — action server on "mark_point"
2026-10-02T16:03:59.947 [draw_arc_node] INFO draw_arc_node ready — action server on "draw_arc"
2026-10-02T16:04:00.102 [pick_tool_node] INFO pick_tool_node ready — action server on "pick_tool"
2026-10-02T16:04:00.155 [draw_line_node] INFO draw_line_node ready — action server on "draw_line"
2026-10-02T16:04:03.777 [motion_node] RECEIVED SetState request: BOOT
2026-10-02T16:04:10.395 [motion_node] SENT state BOOT: OK BOOT
2026-10-02T16:05:54.714 [dispatch_node] RECEIVED actionId=pick-4c82c196 source=robot pairId=pick-4c82c196 pairSize=1 payload={'action': 'pick', 'tool': 'ruler'}
2026-10-02T16:05:54.729 [screen_state_node] RECEIVED SetScreenState request: state="robot_pick_started" detail={"source": "robot", "payload": {"action": "pick", "tool": "ruler"}}
2026-10-02T16:05:54.729 [motion_node] RECEIVED SetState request: BOOT
2026-10-02T16:05:54.790 [screen_state_node] SENT screen state -> robot_pick_started (display: "ROBOT PICK START")
2026-10-02T16:06:01.359 [motion_node] SENT state BOOT: OK BOOT
2026-10-02T16:06:01.396 [dispatch_node] SENT state -> BOOT
2026-10-02T16:06:01.403 [dispatch_node] DOING routing robot action "pick"
2026-10-02T16:06:01.415 [dispatch_node] SENT pick goal: nexus_interfaces.action.PickTool_Goal(target_object='ruler')
2026-10-02T16:06:01.436 [pick_tool_node] RECEIVED PickTool goal: ruler
2026-10-02T16:06:01.447 [pick_tool_node] DOING [pickTool:ruler] step: receive_tool
2026-10-02T16:06:01.458 [motion_node] RECEIVED SetState request: STANDBY
2026-10-02T16:06:01.478 [motion_node] SENT state STANDBY: OK STANDBY
2026-10-02T16:06:01.498 [pick_tool_node] SENT state -> STANDBY
2026-10-02T16:06:01.507 [pick_tool_node] SENT human notify: place_tool: Place "ruler" in the robot tool link, then press the button.
2026-10-02T16:06:01.520 [pick_tool_node] DOING [pickTool:ruler] step: waiting_for_button
2026-10-02T16:06:06.675 [dispatch_node] RECEIVED push button pressed
d
2026-10-02T16:06:06.672 [draw_line_node] RECEIVED push button pressed
2026-10-02T16:06:06.706 [pick_tool_node] DOING [pickTool:ruler] step: validating_tool
2026-10-02T16:06:06.718 [motion_node] RECEIVED SetState request: TOOL_CHECK
2026-10-02T16:06:06.734 [motion_node] SENT state TOOL_CHECK: OK TOOL_CHECK
2026-10-02T16:06:06.757 [pick_tool_node] SENT state -> TOOL_CHECK
2026-10-02T16:06:11.783 [pick_tool_node] ERROR [pickTool:ruler] failed: service /vision/detect_object not available
2026-10-02T16:06:11.808 [motion_node] RECEIVED SetState request: STANDBY
2026-10-02T16:06:11.826 [motion_node] SENT state STANDBY: OK STANDBY
2026-10-02T16:06:11.844 [pick_tool_node] SENT state -> STANDBY
2026-10-02T16:06:11.872 [dispatch_node] RECEIVED pick result: success=False message="service /vision/detect_object not available"
2026-10-02T16:06:11.881 [dispatch_node] SENT completion for actionId=pick-4c82c196 source=robot result={'ok': False, 'action': 'pick', 'message': 'service /vision/detect_object not available'}
2026-10-02T16:06:28.458 [dispatch_node] RECEIVED actionId=pick-a59e7e37 source=robot pairId=pick-a59e7e37 pairSize=1 payload={'action': 'pick', 'tool': 'ruler'}
2026-10-02T16:06:28.468 [dispatch_node] DOING routing robot action "pick"
2026-10-02T16:06:28.474 [screen_state_node] RECEIVED SetScreenState request: state="robot_pick_started" detail={"source": "robot", "payload": {"action": "pick", "tool": "ruler"}}
2026-10-02T16:06:28.490 [dispatch_node] SENT pick goal: nexus_interfaces.action.PickTool_Goal(target_object='ruler')
2026-10-02T16:06:28.513 [pick_tool_node] RECEIVED PickTool goal: ruler
2026-10-02T16:06:28.526 [pick_tool_node] DOING [pickTool:ruler] step: receive_tool
2026-10-02T16:06:28.538 [motion_node] RECEIVED SetState request: STANDBY
2026-10-02T16:06:28.545 [screen_state_node] SENT screen state -> robot_pick_started (display: "ROBOT PICK START")
2026-10-02T16:06:28.565 [motion_node] SENT state STANDBY: OK STANDBY
2026-10-02T16:06:28.596 [pick_tool_node] SENT state -> STANDBY
2026-10-02T16:06:28.605 [pick_tool_node] SENT human notify: place_tool: Place "ruler" in the robot tool link, then press the button.
2026-10-02T16:06:28.619 [pick_tool_node] DOING [pickTool:ruler] step: waiting_for_button
2026-10-02T16:07:04.331 [mark_point_node] RECEIVED push button pressed
2026-10-02T16:07:04.339 [pick_tool_node] RECEIVED push button pressed
2026-10-02T16:07:04.354 [draw_line_node] RECEIVED push button pressed
2026-10-02T16:07:04.367 [pick_tool_node] DOING [pickTool:ruler] step: validating_tool
2026-10-02T16:07:04.379 [motion_node] RECEIVED SetState request: TOOL_CHECK
2026-10-02T16:07:04.395 [motion_node] SENT state TOOL_CHECK: OK TOOL_CHECK
2026-10-02T16:07:04.416 [pick_tool_node] SENT state -> TOOL_CHECK
2026-10-02T16:07:09.438 [pick_tool_node] ERROR [pickTool:ruler] failed: service /vision/detect_object not available
2026-10-02T16:07:09.449 [motion_node] RECEIVED SetState request: STANDBY
2026-10-02T16:07:09.464 [motion_node] SENT state STANDBY: OK STANDBY
2026-10-02T16:07:09.489 [pick_tool_node] SENT state -> STANDBY
2026-10-02T16:07:09.516 [dispatch_node] RECEIVED pick result: success=False message="service /vision/detect_object not available"
2026-10-02T16:07:09.531 [dispatch_node] SENT completion for actionId=pick-a59e7e37 source=robot result={'ok': False, 'action': 'pick', 'message': 'service /vision/detect_object not available'}
2026-10-02T16:07:24.380 [dispatch_node] RECEIVED actionId=pick-ab92ce8d source=robot pairId=pick-ab92ce8d pairSize=1 payload={'action': 'pick', 'tool': 'ruler'}
2026-10-02T16:07:24.392 [dispatch_node] DOING routing robot action "pick"
t: state="robot_pick_started" detail={"source": "robot", "payload": {"action": "pick", "tool": "ruler"}}
2026-10-02T16:07:24.411 [dispatch_node] SENT pick goal: nexus_interfaces.action.PickTool_Goal(target_object='ruler')
2026-10-02T16:07:24.426 [pick_tool_node] RECEIVED PickTool goal: ruler
2026-10-02T16:07:24.438 [pick_tool_node] DOING [pickTool:ruler] step: receive_tool
2026-10-02T16:07:24.451 [motion_node] RECEIVED SetState request: STANDBY
2026-10-02T16:07:24.462 [screen_state_node] SENT screen state -> robot_pick_started (display: "ROBOT PICK START")
2026-10-02T16:07:24.478 [motion_node] SENT state STANDBY: OK STANDBY
2026-10-02T16:07:24.511 [pick_tool_node] SENT state -> STANDBY
2026-10-02T16:07:24.520 [pick_tool_node] SENT human notify: place_tool: Place "ruler" in the robot tool link, then press the button.
2026-10-02T16:07:24.529 [pick_tool_node] DOING [pickTool:ruler] step: waiting_for_button
2026-10-02T16:07:31.804 [pick_tool_node] RECEIVED push button pressed

2026-10-02T16:07:31.811 [draw_line_node] RECEIVED push button pressed
2026-10-02T16:07:31.826 [pick_tool_node] DOING [pickTool:ruler] step: validating_tool
2026-10-02T16:07:31.837 [motion_node] RECEIVED SetState request: TOOL_CHECK
2026-10-02T16:07:31.852 [motion_node] SENT state TOOL_CHECK: OK TOOL_CHECK
2026-10-02T16:07:31.873 [pick_tool_node] SENT state -> TOOL_CHECK
2026-10-02T16:07:36.891 [pick_tool_node] ERROR [pickTool:ruler] failed: service /vision/detect_object not available
2026-10-02T16:07:36.902 [motion_node] RECEIVED SetState request: STANDBY
2026-10-02T16:07:36.918 [motion_node] SENT state STANDBY: OK STANDBY
2026-10-02T16:07:36.941 [pick_tool_node] SENT state -> STANDBY
2026-10-02T16:07:36.962 [dispatch_node] RECEIVED pick result: success=False message="service /vision/detect_object not available"
2026-10-02T16:07:36.974 [dispatch_node] SENT completion for actionId=pick-ab92ce8d source=robot result={'ok': False, 'action': 'pick', 'message': 'service /vision/detect_object not available'}
2026-10-02T16:08:30.953 [grid_node] INFO grid_node using shared camera via /camera/frame
2026-10-02T16:08:31.142 [grid_node] INFO grid_node ready - viewer at http://<this-machine-ip>:8091/, paper_size=A4
2026-10-02T16:08:34.701 [tool_state_node] INFO tool_state_node ready — holding: <none>
2026-10-02T16:08:36.358 [screen_state_node] WARN screen_state_node running in MOCK serial mode - no display Arduino attached
2026-10-02T16:08:36.533 [screen_state_node] INFO screen_state_node ready (mock_serial=True) - serving /screen/set_state
2026-10-02T16:08:37.416 [pick_tool_node] INFO pick_tool_node ready — action server on "pick_tool"
2026-10-02T16:08:37.551 [pick_and_place_node] INFO pick_and_place_node ready — action server on "pick_and_place"
2026-10-02T16:08:37.996 [pick_tool_node] RECEIVED push button pressed
2026-10-02T16:08:38.641 [draw_line_node] INFO draw_line_node ready — action server on "draw_line"
2026-10-02T16:08:38.701 [mark_point_node] INFO mark_point_node ready — action server on "mark_point"
2026-10-02T16:08:38.789 [dispatch_node] INFO dispatch_node ready - listening on /action/dispatch
2026-10-02T16:08:39.029 [draw_arc_node] INFO draw_arc_node ready — action server on "draw_arc"
2026-10-02T16:08:52.678 [dispatch_node] RECEIVED actionId=pick-636d1b1f source=robot pairId=pick-636d1b1f pairSize=1 payload={'action': 'pick', 'tool': 'ruler'}
2026-10-02T16:08:52.739 [motion_node] RECEIVED SetState request: BOOT
2026-10-02T16:08:52.747 [screen_state_node] RECEIVED SetScreenState request: state="robot_pick_started" detail={"source": "robot", "payload": {"action": "pick", "tool": "ruler"}}
2026-10-02T16:08:52.829 [screen_state_node] SENT screen state -> robot_pick_started (display: "ROBOT PICK START")
2026-10-02T16:08:59.361 [motion_node] SENT state BOOT: OK BOOT
2026-10-02T16:08:59.391 [dispatch_node] SENT state -> BOOT
2026-10-02T16:08:59.402 [dispatch_node] DOING routing robot action "pick"
2026-10-02T16:08:59.412 [dispatch_node] SENT pick goal: nexus_interfaces.action.PickTool_Goal(target_object='ruler')
2026-10-02T16:08:59.437 [pick_tool_node] RECEIVED PickTool goal: ruler
2026-10-02T16:08:59.450 [pick_tool_node] DOING [pickTool:ruler] step: receive_tool
2026-10-02T16:08:59.466 [motion_node] RECEIVED SetState request: STANDBY
2026-10-02T16:08:59.483 [motion_node] SENT state STANDBY: OK STANDBY
2026-10-02T16:08:59.506 [pick_tool_node] SENT state -> STANDBY
2026-10-02T16:08:59.516 [pick_tool_node] SENT human notify: place_tool: Place "ruler" in the robot tool link, then press the button.
2026-10-02T16:08:59.532 [pick_tool_node] DOING [pickTool:ruler] step: waiting_for_button
2026-10-02T16:09:02.969 [dispatch_node] RECEIVED push button pressed
2026-10-02T16:09:02.972 [draw_line_node] RECEIVED push button pressed
2026-10-02T16:09:02.984 [pick_tool_node] RECEIVED push button pressed
validating_tool
2026-10-02T16:09:02.988 [mark_point_node] RECEIVED push button pressed
2026-10-02T16:09:03.007 [motion_node] RECEIVED SetState request: TOOL_CHECK
2026-10-02T16:09:03.026 [motion_node] SENT state TOOL_CHECK: OK TOOL_CHECK
2026-10-02T16:09:03.046 [pick_tool_node] SENT state -> TOOL_CHECK
2026-10-02T16:09:06.065 [motion_node] RECEIVED SetState request: TOOL_MISSING
2026-10-02T16:09:06.086 [motion_node] SENT state TOOL_MISSING: OK TOOL_MISSING
2026-10-02T16:09:06.107 [pick_tool_node] SENT state -> TOOL_MISSING
2026-10-02T16:09:06.128 [pick_tool_node] SENT human notify: tool_missing: Tool "ruler" not detected. Place it and press the button.
2026-10-02T16:09:09.589 [draw_arc_node] RECEIVED push button pressed
2026-10-02T16:09:09.590 [mark_point_node] RECEIVED push button pressed
2026-10-02T16:09:09.601 [draw_line_node] RECEIVED push button pressed
2026-10-02T16:09:09.618 [motion_node] RECEIVED SetState request: TOOL_CHECK
2026-10-02T16:09:09.635 [motion_node] SENT state TOOL_CHECK: OK TOOL_CHECK
2026-10-02T16:09:09.668 [pick_tool_node] SENT state -> TOOL_CHECK
2026-10-02T16:09:13.178 [motion_node] RECEIVED SetState request: TOOL_MISSING
2026-10-02T16:09:13.207 [motion_node] SENT state TOOL_MISSING: OK TOOL_MISSING
2026-10-02T16:09:13.252 [pick_tool_node] SENT state -> TOOL_MISSING
2026-10-02T16:09:13.272 [pick_tool_node] SENT human notify: tool_missing: Tool "ruler" not detected. Place it and press the button.
2026-10-02T16:09:37.847 [dispatch_node] RECEIVED push button pressed
2026-10-02T16:09:37.849 [mark_point_node] RECEIVED push button pressed
2026-10-02T16:09:37.850 [draw_line_node] RECEIVED push button pressed
2026-10-02T16:09:37.862 [draw_arc_node] RECEIVED push button pressed
2026-10-02T16:09:37.887 [motion_node] RECEIVED SetState request: TOOL_CHECK
2026-10-02T16:09:37.902 [motion_node] SENT state TOOL_CHECK: OK TOOL_CHECK
2026-10-02T16:09:37.929 [pick_tool_node] SENT state -> TOOL_CHECK
2026-10-02T16:09:41.510 [motion_node] RECEIVED SetState request: CONFIRMED
2026-10-02T16:09:41.525 [motion_node] SENT state CONFIRMED: OK CONFIRMED
2026-10-02T16:09:41.548 [pick_tool_node] SENT state -> CONFIRMED
2026-10-02T16:09:42.641 [tool_state_node] RECEIVED SetHeldTool request: "ruler"
2026-10-02T16:09:42.650 [tool_state_node] SENT held tool changed: "" -> "ruler"
2026-10-02T16:09:42.673 [pick_tool_node] DOING [pickTool:ruler] step: standby
2026-10-02T16:09:42.683 [motion_node] RECEIVED SetState request: STANDBY
2026-10-02T16:09:42.700 [motion_node] SENT state STANDBY: OK STANDBY
2026-10-02T16:09:42.728 [pick_tool_node] SENT state -> STANDBY
2026-10-02T16:09:42.779 [dispatch_node] RECEIVED pick result: success=True message="holding "ruler""
2026-10-02T16:09:42.820 [dispatch_node] SENT completion for actionId=pick-636d1b1f source=robot result={'ok': True, 'action': 'pick', 'message': 'holding "ruler"'}
2026-10-02T16:09:45.664 [mark_point_node] RECEIVED push button pressed
2026-10-02T16:09:45.669 [dispatch_node] RECEIVED push button pressed
2026-10-02T16:09:45.676 [draw_arc_node] RECEIVED push button pressed
2026-10-02T16:09:52.754 [mark_point_node] RECEIVED push button pressed
2026-10-02T16:09:52.756 [draw_arc_node] RECEIVED push button pressed
2026-10-02T16:09:52.766 [draw_line_node] RECEIVED push button pressed
2026-10-02T16:10:04.670 [dispatch_node] RECEIVED actionId=pick-63fe5d84 source=robot pairId=pick-63fe5d84 pairSize=1 payload={'action': 'pick', 'tool': 'ruler'}
2026-10-02T16:10:04.684 [dispatch_node] DOING routing robot action "pick"
2026-10-02T16:10:04.697 [dispatch_node] SENT pick goal: nexus_interfaces.action.PickTool_Goal(target_object='ruler')
2026-10-02T16:10:04.708 [screen_state_node] RECEIVED SetScreenState request: state="robot_pick_started" detail={"source": "robot", "payload": {"action": "pick", "tool": "ruler"}}
2026-10-02T16:10:04.733 [pick_tool_node] RECEIVED PickTool goal: ruler
2026-10-02T16:10:04.743 [pick_tool_node] DOING [pickTool:ruler] step: receive_tool
2026-10-02T16:10:04.756 [motion_node] RECEIVED SetState request: STANDBY
2026-10-02T16:10:04.780 [screen_state_node] SENT screen state -> robot_pick_started (display: "ROBOT PICK START")
2026-10-02T16:10:04.780 [motion_node] SENT state STANDBY: OK STANDBY
2026-10-02T16:10:04.814 [pick_tool_node] SENT state -> STANDBY
2026-10-02T16:10:04.824 [pick_tool_node] SENT human notify: place_tool: Place "ruler" in the robot tool link, then press the button.
2026-10-02T16:10:04.832 [pick_tool_node] DOING [pickTool:ruler] step: waiting_for_button
2026-10-02T16:10:09.746 [pick_tool_node] RECEIVED push button pressed
2026-10-02T16:10:09.745 [draw_arc_node] RECEIVED push button pressed


2026-10-02T16:10:09.770 [pick_tool_node] DOING [pickTool:ruler] step: validating_tool
2026-10-02T16:10:09.785 [motion_node] RECEIVED SetState request: TOOL_CHECK
2026-10-02T16:10:09.804 [motion_node] SENT state TOOL_CHECK: OK TOOL_CHECK
2026-10-02T16:10:09.822 [pick_tool_node] SENT state -> TOOL_CHECK
2026-10-02T16:10:13.081 [motion_node] RECEIVED SetState request: TOOL_MISSING
2026-10-02T16:10:13.104 [motion_node] SENT state TOOL_MISSING: OK TOOL_MISSING
2026-10-02T16:10:13.118 [pick_tool_node] SENT state -> TOOL_MISSING
2026-10-02T16:10:13.133 [pick_tool_node] SENT human notify: tool_missing: Tool "ruler" not detected. Place it and press the button.
2026-10-02T16:10:15.362 [draw_arc_node] RECEIVED push button pressed

2026-10-02T16:10:15.365 [mark_point_node] RECEIVED push button pressed
2026-10-02T16:10:15.406 [motion_node] RECEIVED SetState request: TOOL_CHECK
2026-10-02T16:10:15.422 [motion_node] SENT state TOOL_CHECK: OK TOOL_CHECK
2026-10-02T16:10:15.444 [pick_tool_node] SENT state -> TOOL_CHECK
2026-10-02T16:10:18.845 [motion_node] RECEIVED SetState request: TOOL_MISSING
2026-10-02T16:10:18.869 [motion_node] SENT state TOOL_MISSING: OK TOOL_MISSING
2026-10-02T16:10:18.906 [pick_tool_node] SENT state -> TOOL_MISSING
2026-10-02T16:10:18.931 [pick_tool_node] SENT human notify: tool_missing: Tool "ruler" not detected. Place it and press the button.
2026-10-02T16:10:20.335 [pick_tool_node] RECEIVED push button pressed
2026-10-02T16:10:20.342 [draw_arc_node] RECEIVED push button pressed
2026-10-02T16:10:20.346 [mark_point_node] RECEIVED push button pressed
2026-10-02T16:10:20.365 [motion_node] RECEIVED SetState request: TOOL_CHECK
2026-10-02T16:10:20.390 [motion_node] SENT state TOOL_CHECK: OK TOOL_CHECK
2026-10-02T16:10:20.411 [pick_tool_node] SENT state -> TOOL_CHECK
2026-10-02T16:10:23.882 [motion_node] RECEIVED SetState request: TOOL_MISSING
2026-10-02T16:10:23.897 [motion_node] SENT state TOOL_MISSING: OK TOOL_MISSING
2026-10-02T16:10:23.922 [pick_tool_node] SENT state -> TOOL_MISSING
2026-10-02T16:10:23.934 [pick_tool_node] SENT human notify: tool_missing: Tool "ruler" not detected. Place it and press the button.
2026-10-02T16:10:26.536 [draw_arc_node] RECEIVED push button pressed

2026-10-02T16:10:26.555 [draw_line_node] RECEIVED push button pressed
2026-10-02T16:10:26.562 [mark_point_node] RECEIVED push button pressed
2026-10-02T16:10:26.577 [motion_node] RECEIVED SetState request: TOOL_CHECK
2026-10-02T16:10:26.606 [motion_node] SENT state TOOL_CHECK: OK TOOL_CHECK
2026-10-02T16:10:26.640 [pick_tool_node] SENT state -> TOOL_CHECK
2026-10-02T16:10:29.690 [motion_node] RECEIVED SetState request: TOOL_MISSING
2026-10-02T16:10:29.716 [motion_node] SENT state TOOL_MISSING: OK TOOL_MISSING
2026-10-02T16:10:29.749 [pick_tool_node] SENT state -> TOOL_MISSING
2026-10-02T16:10:29.756 [pick_tool_node] SENT human notify: tool_missing: Tool "ruler" not detected. Place it and press the button.
2026-10-02T16:10:48.494 [motion_node] RECEIVED SetState request: TOOL_CHECK
10-02T16:10:48.485 [draw_arc_node] RECEIVED push button pressed
2026-10-02T16:10:48.532 [motion_node] SENT state TOOL_CHECK: OK TOOL_CHECK
2026-10-02T16:10:48.549 [pick_tool_node] SENT state -> TOOL_CHECK
2026-10-02T16:10:52.169 [motion_node] RECEIVED SetState request: TOOL_MISSING
2026-10-02T16:10:52.194 [motion_node] SENT state TOOL_MISSING: OK TOOL_MISSING
2026-10-02T16:10:52.207 [pick_tool_node] SENT state -> TOOL_MISSING
2026-10-02T16:10:52.219 [pick_tool_node] SENT human notify: tool_missing: Tool "ruler" not detected. Place it and press the button.
2026-10-02T16:11:03.178 [dispatch_node] RECEIVED push button pressed

2026-10-02T16:11:03.179 [mark_point_node] RECEIVED push button pressed
2026-10-02T16:11:03.174 [draw_line_node] RECEIVED push button pressed
2026-10-02T16:11:03.198 [motion_node] RECEIVED SetState request: TOOL_CHECK
2026-10-02T16:11:03.214 [motion_node] SENT state TOOL_CHECK: OK TOOL_CHECK
2026-10-02T16:11:03.239 [pick_tool_node] SENT state -> TOOL_CHECK
2026-10-02T16:11:06.676 [motion_node] RECEIVED SetState request: TOOL_MISSING
2026-10-02T16:11:06.699 [motion_node] SENT state TOOL_MISSING: OK TOOL_MISSING
2026-10-02T16:11:06.723 [pick_tool_node] SENT state -> TOOL_MISSING
2026-10-02T16:11:06.743 [pick_tool_node] SENT human notify: tool_missing: Tool "ruler" not detected. Place it and press the button.
2026-10-02T16:11:27.815 [draw_line_node] RECEIVED push button pressed

2026-10-02T16:11:27.821 [pick_tool_node] RECEIVED push button pressed
2026-10-02T16:11:27.825 [draw_arc_node] RECEIVED push button pressed
2026-10-02T16:11:27.843 [motion_node] RECEIVED SetState request: TOOL_CHECK
2026-10-02T16:11:27.861 [motion_node] SENT state TOOL_CHECK: OK TOOL_CHECK
2026-10-02T16:11:27.894 [pick_tool_node] SENT state -> TOOL_CHECK
2026-10-02T16:11:31.172 [motion_node] RECEIVED SetState request: TOOL_MISSING
2026-10-02T16:11:31.185 [motion_node] SENT state TOOL_MISSING: OK TOOL_MISSING
2026-10-02T16:11:31.211 [pick_tool_node] SENT state -> TOOL_MISSING
2026-10-02T16:11:31.219 [pick_tool_node] SENT human notify: tool_missing: Tool "ruler" not detected. Place it and press the button.
2026-10-02T16:11:32.721 [mark_point_node] RECEIVED push button pressed
2026-10-02T16:11:32.736 [pick_tool_node] RECEIVED push button pressed
2026-10-02T16:11:32.747 [dispatch_node] RECEIVED push button pressed
2026-10-02T16:11:32.752 [motion_node] RECEIVED SetState request: TOOL_CHECK
2026-10-02T16:11:32.771 [motion_node] SENT state TOOL_CHECK: OK TOOL_CHECK
2026-10-02T16:11:32.807 [pick_tool_node] SENT state -> TOOL_CHECK
2026-10-02T16:11:35.850 [motion_node] RECEIVED SetState request: TOOL_MISSING
2026-10-02T16:11:35.870 [motion_node] SENT state TOOL_MISSING: OK TOOL_MISSING
2026-10-02T16:11:35.889 [pick_tool_node] SENT state -> TOOL_MISSING
2026-10-02T16:11:35.899 [pick_tool_node] SENT human notify: tool_missing: Tool "ruler" not detected. Place it and press the button.
2026-10-02T16:12:06.481 [draw_arc_node] RECEIVED push button pressed
d
2026-10-02T16:12:06.489 [draw_line_node] RECEIVED push button pressed
2026-10-02T16:12:06.499 [motion_node] RECEIVED SetState request: TOOL_CHECK
2026-10-02T16:12:06.518 [motion_node] SENT state TOOL_CHECK: OK TOOL_CHECK
2026-10-02T16:12:06.540 [pick_tool_node] SENT state -> TOOL_CHECK
2026-10-02T16:12:10.382 [motion_node] RECEIVED SetState request: TOOL_MISSING
2026-10-02T16:12:10.404 [motion_node] SENT state TOOL_MISSING: OK TOOL_MISSING
2026-10-02T16:12:10.425 [pick_tool_node] SENT state -> TOOL_MISSING
2026-10-02T16:12:10.433 [pick_tool_node] SENT human notify: tool_missing: Tool "ruler" not detected. Place it and press the button.
2026-10-02T16:12:13.026 [draw_line_node] RECEIVED push button pressed
2026-10-02T16:12:13.026 [mark_point_node] RECEIVED push button pressed
2026-10-02T16:12:13.038 [draw_arc_node] RECEIVED push button pressed
2026-10-02T16:12:13.060 [motion_node] RECEIVED SetState request: TOOL_CHECK
2026-10-02T16:12:13.077 [motion_node] SENT state TOOL_CHECK: OK TOOL_CHECK
2026-10-02T16:12:13.097 [pick_tool_node] SENT state -> TOOL_CHECK
2026-10-02T16:12:17.005 [motion_node] RECEIVED SetState request: TOOL_MISSING
2026-10-02T16:12:17.027 [motion_node] SENT state TOOL_MISSING: OK TOOL_MISSING
2026-10-02T16:12:17.048 [pick_tool_node] SENT state -> TOOL_MISSING
2026-10-02T16:12:17.059 [pick_tool_node] SENT human notify: tool_missing: Tool "ruler" not detected. Place it and press the button.
2026-10-02T16:12:41.581 [dispatch_node] RECEIVED actionId=pick-acb307bc source=robot pairId=pick-acb307bc pairSize=1 payload={'action': 'pick', 'tool': 'pencil'}
2026-10-02T16:12:41.600 [dispatch_node] DOING routing robot action "pick"
2026-10-02T16:12:41.617 [screen_state_node] RECEIVED SetScreenState request: state="robot_pick_started" detail={"source": "robot", "payload": {"action": "pick", "tool": "pencil"}}
2026-10-02T16:12:41.622 [dispatch_node] SENT pick goal: nexus_interfaces.action.PickTool_Goal(target_object='pencil')
2026-10-02T16:12:41.652 [pick_tool_node] RECEIVED PickTool goal: pencil
2026-10-02T16:12:41.679 [pick_tool_node] DOING [pickTool:pencil] step: receive_tool
2026-10-02T16:12:41.699 [screen_state_node] SENT screen state -> robot_pick_started (display: "ROBOT PICK START")
2026-10-02T16:12:41.716 [motion_node] RECEIVED SetState request: STANDBY
2026-10-02T16:12:41.734 [motion_node] SENT state STANDBY: OK STANDBY
2026-10-02T16:12:41.768 [pick_tool_node] SENT state -> STANDBY
2026-10-02T16:12:41.779 [pick_tool_node] SENT human notify: place_tool: Place "pencil" in the robot tool link, then press the button.
2026-10-02T16:12:41.791 [pick_tool_node] DOING [pickTool:pencil] step: waiting_for_button
2026-10-02T16:12:45.604 [pick_tool_node] RECEIVED push button pressed
2026-10-02T16:12:45.605 [mark_point_node] RECEIVED push button pressed2026-10-02T16:12:45.605 [dispatch_node] RECEIVED push button pressed
2026-10-02T16:12:45.612 [motion_node] RECEIVED SetState request: TOOL_CHECK
2026-10-02T16:12:45.626 [pick_tool_node] DOING [pickTool:pencil] step: validating_tool
2026-10-02T16:12:45.671 [motion_node] RECEIVED SetState request: TOOL_CHECK
2026-10-02T16:12:45.700 [pick_tool_node] SENT state -> TOOL_CHECK
OL_CHECK
2026-10-02T16:12:45.718 [pick_tool_node] SENT state -> TOOL_CHECK
2026-10-02T16:12:46.618 [motion_node] RECEIVED SetState request: CONFIRMED
2026-10-02T16:12:46.635 [motion_node] SENT state CONFIRMED: OK CONFIRMED
2026-10-02T16:12:46.658 [pick_tool_node] SENT state -> CONFIRMED
2026-10-02T16:12:47.677 [tool_state_node] RECEIVED SetHeldTool request: "pencil"
2026-10-02T16:12:47.687 [tool_state_node] SENT held tool changed: "ruler" -> "pencil"
2026-10-02T16:12:47.719 [pick_tool_node] DOING [pickTool:pencil] step: standby
2026-10-02T16:12:47.730 [motion_node] RECEIVED SetState request: STANDBY
2026-10-02T16:12:47.749 [motion_node] SENT state STANDBY: OK STANDBY
2026-10-02T16:12:47.773 [pick_tool_node] SENT state -> STANDBY
2026-10-02T16:12:47.799 [dispatch_node] RECEIVED pick result: success=True message="holding "pencil""
2026-10-02T16:12:47.811 [dispatch_node] SENT completion for actionId=pick-acb307bc source=robot result={'ok': True, 'action': 'pick', 'message': 'holding "pencil"'}
2026-10-02T16:12:48.833 [motion_node] RECEIVED SetState request: TOOL_MISSING
2026-10-02T16:12:48.850 [motion_node] SENT state TOOL_MISSING: OK TOOL_MISSING
2026-10-02T16:12:48.871 [pick_tool_node] SENT state -> TOOL_MISSING
2026-10-02T16:12:48.883 [pick_tool_node] SENT human notify: tool_missing: Tool "ruler" not detected. Place it and press the button.
2026-10-02T16:13:06.006 [dispatch_node] RECEIVED push button pressed

2026-10-02T16:13:06.010 [mark_point_node] RECEIVED push button pressed
2026-10-02T16:13:06.027 [pick_tool_node] RECEIVED push button pressed
CHECK
2026-10-02T16:13:06.043 [motion_node] SENT state TOOL_CHECK: OK TOOL_CHECK
2026-10-02T16:13:06.075 [pick_tool_node] SENT state -> TOOL_CHECK
2026-10-02T16:13:09.878 [motion_node] RECEIVED SetState request: TOOL_MISSING
2026-10-02T16:13:09.894 [motion_node] SENT state TOOL_MISSING: OK TOOL_MISSING
2026-10-02T16:13:09.917 [pick_tool_node] SENT state -> TOOL_MISSING
2026-10-02T16:13:09.924 [pick_tool_node] SENT human notify: tool_missing: Tool "ruler" not detected. Place it and press the button.
2026-10-02T16:14:07.816 [dispatch_node] RECEIVED actionId=pick-a69b85c0 source=robot pairId=pick-a69b85c0 pairSize=1 payload={'action': 'pick', 'tool': 'protractor'}
2026-10-02T16:14:07.828 [dispatch_node] DOING routing robot action "pick"
2026-10-02T16:14:07.837 [dispatch_node] SENT pick goal: nexus_interfaces.action.PickTool_Goal(target_object='protractor')
"robot", "payload": {"action": "pick", "tool": "protractor"}}
2026-10-02T16:14:07.868 [pick_tool_node] RECEIVED PickTool goal: protractor
2026-10-02T16:14:07.878 [pick_tool_node] DOING [pickTool:protractor] step: receive_tool
2026-10-02T16:14:07.891 [motion_node] RECEIVED SetState request: STANDBY
2026-10-02T16:14:07.901 [screen_state_node] SENT screen state -> robot_pick_started (display: "ROBOT PICK START")
2026-10-02T16:14:07.910 [motion_node] SENT state STANDBY: OK STANDBY
2026-10-02T16:14:07.949 [pick_tool_node] SENT state -> STANDBY
2026-10-02T16:14:07.957 [pick_tool_node] SENT human notify: place_tool: Place "protractor" in the robot tool link, then press the button.
2026-10-02T16:14:07.969 [pick_tool_node] DOING [pickTool:protractor] step: waiting_for_button
2026-10-02T16:14:11.847 [mark_point_node] RECEIVED push button pressed
2026-10-02T16:14:11.853 [dispatch_node] RECEIVED push button pressed
2026-10-02T16:14:11.861 [draw_line_node] RECEIVED push button pressed
2026-10-02T16:14:11.884 [motion_node] RECEIVED SetState request: TOOL_CHECK
2026-10-02T16:14:11.895 [pick_tool_node] DOING [pickTool:protractor] step: validating_tool
2026-10-02T16:14:11.909 [motion_node] RECEIVED SetState request: TOOL_CHECK
2026-10-02T16:14:11.934 [motion_node] SENT state TOOL_CHECK: OK TOOL_CHECK
2026-10-02T16:14:11.952 [pick_tool_node] SENT state -> TOOL_CHECK
2026-10-02T16:14:11.945 [pick_tool_node] SENT state -> TOOL_CHECK
2026-10-02T16:14:13.236 [motion_node] RECEIVED SetState request: CONFIRMED
2026-10-02T16:14:13.258 [motion_node] SENT state CONFIRMED: OK CONFIRMED
2026-10-02T16:14:13.297 [pick_tool_node] SENT state -> CONFIRMED
2026-10-02T16:14:14.322 [tool_state_node] RECEIVED SetHeldTool request: "protractor"
2026-10-02T16:14:14.330 [tool_state_node] SENT held tool changed: "pencil" -> "protractor"
2026-10-02T16:14:14.355 [pick_tool_node] DOING [pickTool:protractor] step: standby
2026-10-02T16:14:14.370 [motion_node] RECEIVED SetState request: STANDBY
2026-10-02T16:14:14.394 [motion_node] SENT state STANDBY: OK STANDBY
2026-10-02T16:14:14.426 [pick_tool_node] SENT state -> STANDBY
2026-10-02T16:14:14.468 [dispatch_node] RECEIVED pick result: success=True message="holding "protractor""
2026-10-02T16:14:14.479 [dispatch_node] SENT completion for actionId=pick-a69b85c0 source=robot result={'ok': True, 'action': 'pick', 'message': 'holding "protractor"'}
2026-10-02T16:14:15.684 [motion_node] RECEIVED SetState request: TOOL_MISSING
2026-10-02T16:14:15.700 [motion_node] SENT state TOOL_MISSING: OK TOOL_MISSING
2026-10-02T16:14:15.723 [pick_tool_node] SENT state -> TOOL_MISSING
2026-10-02T16:14:15.736 [pick_tool_node] SENT human notify: tool_missing: Tool "ruler" not detected. Place it and press the button.
2026-10-02T16:14:33.370 [dispatch_node] RECEIVED actionId=pick-981ee7ab source=robot pairId=pick-981ee7ab pairSize=1 payload={'action': 'pick', 'tool': 'ruler'}
2026-10-02T16:14:33.382 [dispatch_node] DOING routing robot action "pick"
2026-10-02T16:14:33.384 [screen_state_node] RECEIVED SetScreenState request: state="robot_pick_started" detail={"source": "robot", "payload": {"action": "pick", "tool": "ruler"}}
2026-10-02T16:14:33.398 [dispatch_node] SENT pick goal: nexus_interfaces.action.PickTool_Goal(target_object='ruler')
2026-10-02T16:14:33.425 [pick_tool_node] RECEIVED PickTool goal: ruler
2026-10-02T16:14:33.439 [pick_tool_node] DOING [pickTool:ruler] step: receive_tool
2026-10-02T16:14:33.452 [screen_state_node] SENT screen state -> robot_pick_started (display: "ROBOT PICK START")
2026-10-02T16:14:33.480 [motion_node] SENT state STANDBY: OK STANDBY
2026-10-02T16:14:33.515 [pick_tool_node] SENT state -> STANDBY
2026-10-02T16:14:33.522 [pick_tool_node] SENT human notify: place_tool: Place "ruler" in the robot tool link, then press the button.
2026-10-02T16:14:33.536 [pick_tool_node] DOING [pickTool:ruler] step: waiting_for_button
2026-10-02T16:14:37.309 [mark_point_node] RECEIVED push button pressed
2026-10-02T16:14:37.312 [dispatch_node] RECEIVED push button pressed
2026-10-02T16:14:37.330 [pick_tool_node] RECEIVED push button pressed2026-10-02T16:14:37.331 [draw_line_node] RECEIVED push button pressed
2026-10-02T16:14:37.345 [motion_node] RECEIVED SetState request: TOOL_CHECK
2026-10-02T16:14:37.359 [motion_node] RECEIVED SetState request: TOOL_CHECK
2026-10-02T16:14:37.367 [motion_node] SENT state TOOL_CHECK: OK TOOL_CHECK
2026-10-02T16:14:37.380 [pick_tool_node] SENT state -> TOOL_CHECK
OL_CHECK
2026-10-02T16:14:37.418 [pick_tool_node] SENT state -> TOOL_CHECK
2026-10-02T16:14:40.580 [motion_node] RECEIVED SetState request: TOOL_MISSING
2026-10-02T16:14:40.602 [motion_node] SENT state TOOL_MISSING: OK TOOL_MISSING
2026-10-02T16:14:40.643 [pick_tool_node] SENT state -> TOOL_MISSING
2026-10-02T16:14:40.672 [pick_tool_node] SENT human notify: tool_missing: Tool "ruler" not detected. Place it and press the button.
2026-10-02T16:14:41.085 [motion_node] RECEIVED SetState request: TOOL_MISSING
2026-10-02T16:14:41.105 [motion_node] SENT state TOOL_MISSING: OK TOOL_MISSING
2026-10-02T16:14:41.135 [pick_tool_node] SENT state -> TOOL_MISSING
2026-10-02T16:14:41.144 [pick_tool_node] SENT human notify: tool_missing: Tool "ruler" not detected. Place it and press the button.
2026-10-02T16:14:44.510 [draw_line_node] RECEIVED push button pressed
2026-10-02T16:14:44.510 [pick_tool_node] RECEIVED push button pressed
2026-10-02T16:14:44.513 [mark_point_node] RECEIVED push button pressed
2026-10-02T16:14:44.537 [motion_node] RECEIVED SetState request: TOOL_CHECK
2026-10-02T16:14:44.544 [motion_node] RECEIVED SetState request: TOOL_CHECK
2026-10-02T16:14:44.560 [motion_node] SENT state TOOL_CHECK: OK TOOL_CHECK
2026-10-02T16:14:44.572 [motion_node] SENT state TOOL_CHECK: OK TOOL_CHECK
2026-10-02T16:14:44.592 [pick_tool_node] SENT state -> TOOL_CHECK
2026-10-02T16:14:48.159 [motion_node] RECEIVED SetState request: TOOL_MISSING
2026-10-02T16:14:48.177 [motion_node] SENT state TOOL_MISSING: OK TOOL_MISSING
2026-10-02T16:14:48.211 [pick_tool_node] SENT state -> TOOL_MISSING
2026-10-02T16:14:48.224 [pick_tool_node] SENT human notify: tool_missing: Tool "ruler" not detected. Place it and press the button.
2026-10-02T16:14:48.492 [motion_node] RECEIVED SetState request: TOOL_MISSING
2026-10-02T16:14:48.512 [motion_node] SENT state TOOL_MISSING: OK TOOL_MISSING
2026-10-02T16:14:48.536 [pick_tool_node] SENT state -> TOOL_MISSING
2026-10-02T16:14:48.544 [pick_tool_node] SENT human notify: tool_missing: Tool "ruler" not detected. Place it and press the button.
2026-10-02T16:14:59.033 [mark_point_node] RECEIVED push button pressed
2026-10-02T16:14:59.038 [draw_arc_node] RECEIVED push button pressed
2026-10-02T16:14:59.038 [pick_tool_node] RECEIVED push button pressed
2026-10-02T16:14:59.058 [draw_line_node] RECEIVED push button pressed
2026-10-02T16:14:59.067 [dispatch_node] RECEIVED push button pressed
2026-10-02T16:14:59.072 [motion_node] RECEIVED SetState request: TOOL_CHECK
2026-10-02T16:14:59.082 [motion_node] RECEIVED SetState request: TOOL_CHECK
2026-10-02T16:14:59.091 [motion_node] SENT state TOOL_CHECK: OK TOOL_CHECK
2026-10-02T16:14:59.106 [motion_node] SENT state TOOL_CHECK: OK TOOL_CHECK
2026-10-02T16:14:59.105 [pick_tool_node] SENT state -> TOOL_CHECK
2026-10-02T16:14:59.130 [pick_tool_node] SENT state -> TOOL_CHECK
2026-10-02T16:15:02.687 [motion_node] RECEIVED SetState request: TOOL_MISSING
2026-10-02T16:15:02.709 [motion_node] SENT state TOOL_MISSING: OK TOOL_MISSING
2026-10-02T16:15:02.742 [pick_tool_node] SENT state -> TOOL_MISSING
2026-10-02T16:15:02.762 [pick_tool_node] SENT human notify: tool_missing: Tool "ruler" not detected. Place it and press the button.
2026-10-02T16:15:03.115 [motion_node] RECEIVED SetState request: TOOL_MISSING
2026-10-02T16:15:03.136 [motion_node] SENT state TOOL_MISSING: OK TOOL_MISSING
2026-10-02T16:15:03.149 [pick_tool_node] SENT state -> TOOL_MISSING
2026-10-02T16:15:03.157 [pick_tool_node] SENT human notify: tool_missing: Tool "ruler" not detected. Place it and press the button.
2026-10-02T16:15:13.603 [mark_point_node] RECEIVED push button pressed
2026-10-02T16:15:13.610 [draw_arc_node] RECEIVED push button pressed
2026-10-02T16:15:13.619 [dispatch_node] RECEIVED push button pressed
2026-10-02T16:15:13.636 [motion_node] RECEIVED SetState request: TOOL_CHECK
2026-10-02T16:15:13.653 [motion_node] SENT state TOOL_CHECK: OK TOOL_CHECK
2026-10-02T16:15:13.664 [motion_node] SENT state TOOL_CHECK: OK TOOL_CHECK
2026-10-02T16:15:13.685 [pick_tool_node] SENT state -> TOOL_CHECK
2026-10-02T16:15:16.829 [motion_node] RECEIVED SetState request: TOOL_MISSING
2026-10-02T16:15:16.855 [motion_node] SENT state TOOL_MISSING: OK TOOL_MISSING
2026-10-02T16:15:16.867 [pick_tool_node] SENT state -> TOOL_MISSING
2026-10-02T16:15:16.885 [pick_tool_node] SENT human notify: tool_missing: Tool "ruler" not detected. Place it and press the button.
2026-10-02T16:15:17.396 [motion_node] RECEIVED SetState request: TOOL_MISSING
2026-10-02T16:15:17.426 [motion_node] SENT state TOOL_MISSING: OK TOOL_MISSING
2026-10-02T16:15:17.488 [pick_tool_node] SENT state -> TOOL_MISSING
2026-10-02T16:15:17.708 [pick_tool_node] SENT human notify: tool_missing: Tool "ruler" not detected. Place it and press the button.
2026-10-02T16:15:25.039 [draw_arc_node] RECEIVED push button pressed
2026-10-02T16:15:25.047 [pick_tool_node] RECEIVED push button pressed
2026-10-02T16:15:25.051 [draw_line_node] RECEIVED push button pressed
2026-10-02T16:15:25.055 [mark_point_node] RECEIVED push button pressed
2026-10-02T16:15:25.086 [motion_node] RECEIVED SetState request: TOOL_CHECK
2026-10-02T16:15:25.109 [motion_node] SENT state TOOL_CHECK: OK TOOL_CHECK
2026-10-02T16:15:25.117 [motion_node] SENT state TOOL_CHECK: OK TOOL_CHECK
2026-10-02T16:15:25.143 [pick_tool_node] SENT state -> TOOL_CHECK
2026-10-02T16:15:25.150 [pick_tool_node] SENT state -> TOOL_CHECK
2026-10-02T16:15:28.162 [motion_node] RECEIVED SetState request: TOOL_MISSING
2026-10-02T16:15:28.177 [motion_node] SENT state TOOL_MISSING: OK TOOL_MISSING
2026-10-02T16:15:28.221 [pick_tool_node] SENT state -> TOOL_MISSING
2026-10-02T16:15:28.231 [pick_tool_node] SENT human notify: tool_missing: Tool "ruler" not detected. Place it and press the button.
2026-10-02T16:15:28.652 [motion_node] RECEIVED SetState request: TOOL_MISSING
2026-10-02T16:15:28.674 [motion_node] SENT state TOOL_MISSING: OK TOOL_MISSING
2026-10-02T16:15:28.716 [pick_tool_node] SENT state -> TOOL_MISSING
2026-10-02T16:15:28.735 [pick_tool_node] SENT human notify: tool_missing: Tool "ruler" not detected. Place it and press the button.
2026-10-02T16:15:30.604 [draw_arc_node] RECEIVED push button pressed


2026-10-02T16:15:30.627 [motion_node] RECEIVED SetState request: TOOL_CHECK
2026-10-02T16:15:30.627 [motion_node] RECEIVED SetState request: TOOL_CHECK
2026-10-02T16:15:30.647 [motion_node] SENT state TOOL_CHECK: OK TOOL_CHECK
2026-10-02T16:15:30.661 [motion_node] SENT state TOOL_CHECK: OK TOOL_CHECK
2026-10-02T16:15:30.685 [pick_tool_node] SENT state -> TOOL_CHECK
2026-10-02T16:15:33.962 [motion_node] RECEIVED SetState request: TOOL_MISSING
2026-10-02T16:15:33.983 [motion_node] SENT state TOOL_MISSING: OK TOOL_MISSING
2026-10-02T16:15:34.026 [pick_tool_node] SENT state -> TOOL_MISSING
2026-10-02T16:15:34.045 [pick_tool_node] SENT human notify: tool_missing: Tool "ruler" not detected. Place it and press the button.
2026-10-02T16:15:34.456 [motion_node] RECEIVED SetState request: TOOL_MISSING
2026-10-02T16:15:34.472 [motion_node] SENT state TOOL_MISSING: OK TOOL_MISSING
2026-10-02T16:15:34.504 [pick_tool_node] SENT state -> TOOL_MISSING
2026-10-02T16:15:34.514 [pick_tool_node] SENT human notify: tool_missing: Tool "ruler" not detected. Place it and press the button.
2026-10-02T16:15:36.924 [draw_line_node] RECEIVED push button pressed
2026-10-02T16:15:36.930 [mark_point_node] RECEIVED push button pressed
2026-10-02T16:15:36.933 [dispatch_node] RECEIVED push button pressed
2026-10-02T16:15:36.946 [draw_arc_node] RECEIVED push button pressed

2026-10-02T16:15:36.957 [motion_node] RECEIVED SetState request: TOOL_CHECK
2026-10-02T16:15:36.977 [motion_node] SENT state TOOL_CHECK: OK TOOL_CHECK
2026-10-02T16:15:36.985 [motion_node] SENT state TOOL_CHECK: OK TOOL_CHECK
2026-10-02T16:15:37.006 [pick_tool_node] SENT state -> TOOL_CHECK
2026-10-02T16:15:40.182 [motion_node] RECEIVED SetState request: TOOL_MISSING
2026-10-02T16:15:40.205 [motion_node] SENT state TOOL_MISSING: OK TOOL_MISSING
2026-10-02T16:15:40.245 [pick_tool_node] SENT state -> TOOL_MISSING
2026-10-02T16:15:40.256 [pick_tool_node] SENT human notify: tool_missing: Tool "ruler" not detected. Place it and press the button.
2026-10-02T16:15:40.672 [motion_node] RECEIVED SetState request: TOOL_MISSING
2026-10-02T16:15:40.686 [motion_node] SENT state TOOL_MISSING: OK TOOL_MISSING
2026-10-02T16:15:40.714 [pick_tool_node] SENT state -> TOOL_MISSING
2026-10-02T16:15:40.727 [pick_tool_node] SENT human notify: tool_missing: Tool "ruler" not detected. Place it and press the button.
2026-10-02T16:15:41.424 [draw_arc_node] RECEIVED push button pressed
2026-10-02T16:15:41.420 [dispatch_node] RECEIVED push button pressed
d
2026-10-02T16:15:41.440 [draw_line_node] RECEIVED push button pressed
2026-10-02T16:15:41.454 [motion_node] RECEIVED SetState request: TOOL_CHECK
2026-10-02T16:15:41.454 [motion_node] RECEIVED SetState request: TOOL_CHECK
2026-10-02T16:15:41.473 [motion_node] SENT state TOOL_CHECK: OK TOOL_CHECK
2026-10-02T16:15:41.482 [motion_node] SENT state TOOL_CHECK: OK TOOL_CHECK
2026-10-02T16:15:41.503 [pick_tool_node] SENT state -> TOOL_CHECK
2026-10-02T16:15:41.518 [pick_tool_node] SENT state -> TOOL_CHECK
2026-10-02T16:15:44.796 [motion_node] RECEIVED SetState request: TOOL_MISSING
2026-10-02T16:15:44.821 [motion_node] SENT state TOOL_MISSING: OK TOOL_MISSING
2026-10-02T16:15:44.832 [pick_tool_node] SENT state -> TOOL_MISSING
2026-10-02T16:15:44.863 [pick_tool_node] SENT human notify: tool_missing: Tool "ruler" not detected. Place it and press the button.
2026-10-02T16:15:45.280 [motion_node] RECEIVED SetState request: TOOL_MISSING
2026-10-02T16:15:45.297 [motion_node] SENT state TOOL_MISSING: OK TOOL_MISSING
2026-10-02T16:15:45.321 [pick_tool_node] SENT state -> TOOL_MISSING
2026-10-02T16:15:45.332 [pick_tool_node] SENT human notify: tool_missing: Tool "ruler" not detected. Place it and press the button.
2026-10-02T16:15:56.392 [mark_point_node] RECEIVED push button pressed2026-10-02T16:15:56.394 [draw_arc_node] RECEIVED push button pressed
2026-10-02T16:15:56.401 [motion_node] RECEIVED SetState request: TOOL_CHECK
2026-10-02T16:15:56.422 [motion_node] RECEIVED SetState request: TOOL_CHECK
2026-10-02T16:15:56.427 [motion_node] SENT state TOOL_CHECK: OK TOOL_CHECK
2026-10-02T16:15:56.444 [motion_node] SENT state TOOL_CHECK: OK TOOL_CHECK
2026-10-02T16:15:56.456 [pick_tool_node] SENT state -> TOOL_CHECK
2026-10-02T16:15:56.468 [pick_tool_node] SENT state -> TOOL_CHECK
2026-10-02T16:15:59.474 [motion_node] RECEIVED SetState request: TOOL_MISSING
2026-10-02T16:15:59.491 [motion_node] SENT state TOOL_MISSING: OK TOOL_MISSING
2026-10-02T16:15:59.516 [pick_tool_node] SENT state -> TOOL_MISSING
2026-10-02T16:15:59.524 [pick_tool_node] SENT human notify: tool_missing: Tool "ruler" not detected. Place it and press the button.
2026-10-02T16:16:00.204 [motion_node] RECEIVED SetState request: TOOL_MISSING
2026-10-02T16:16:00.249 [motion_node] SENT state TOOL_MISSING: OK TOOL_MISSING
2026-10-02T16:16:00.274 [pick_tool_node] SENT state -> TOOL_MISSING
2026-10-02T16:16:00.288 [pick_tool_node] SENT human notify: tool_missing: Tool "ruler" not detected. Place it and press the button.
2026-10-02T16:16:33.304 [pick_tool_node] RECEIVED push button pressed
2026-10-02T16:16:33.320 [draw_line_node] RECEIVED push button pressed

2026-10-02T16:16:33.325 [draw_arc_node] RECEIVED push button pressed
2026-10-02T16:16:33.327 [motion_node] RECEIVED SetState request: TOOL_CHECK
2026-10-02T16:16:33.362 [motion_node] SENT state TOOL_CHECK: OK TOOL_CHECK

2026-10-02T16:16:33.379 [motion_node] SENT state TOOL_CHECK: OK TOOL_CHECK
2026-10-02T16:16:33.392 [pick_tool_node] SENT state -> TOOL_CHECK
2026-10-02T16:16:33.406 [pick_tool_node] SENT state -> TOOL_CHECK
2026-10-02T16:16:36.649 [motion_node] RECEIVED SetState request: TOOL_MISSING
2026-10-02T16:16:36.668 [motion_node] SENT state TOOL_MISSING: OK TOOL_MISSING
2026-10-02T16:16:36.686 [pick_tool_node] SENT state -> TOOL_MISSING
2026-10-02T16:16:36.695 [pick_tool_node] SENT human notify: tool_missing: Tool "ruler" not detected. Place it and press the button.
2026-10-02T16:16:37.137 [motion_node] RECEIVED SetState request: TOOL_MISSING
2026-10-02T16:16:37.171 [motion_node] SENT state TOOL_MISSING: OK TOOL_MISSING
2026-10-02T16:16:37.200 [pick_tool_node] SENT state -> TOOL_MISSING
2026-10-02T16:16:37.215 [pick_tool_node] SENT human notify: tool_missing: Tool "ruler" not detected. Place it and press the button.
2026-10-02T16:16:41.269 [pick_tool_node] RECEIVED push button pressed
2026-10-02T16:16:41.276 [draw_line_node] RECEIVED push button pressed2026-10-02T16:16:41.291 [dispatch_node] RECEIVED push button pressed
2026-10-02T16:16:41.291 [mark_point_node] RECEIVED push button pressed
HECK
2026-10-02T16:16:41.314 [motion_node] RECEIVED SetState request: TOOL_CHECK
2026-10-02T16:16:41.329 [motion_node] SENT state TOOL_CHECK: OK TOOL_CHECK
2026-10-02T16:16:41.337 [motion_node] SENT state TOOL_CHECK: OK TOOL_CHECK
2026-10-02T16:16:41.356 [pick_tool_node] SENT state -> TOOL_CHECK
2026-10-02T16:16:41.365 [pick_tool_node] SENT state -> TOOL_CHECK
2026-10-02T16:16:44.399 [motion_node] RECEIVED SetState request: TOOL_MISSING
2026-10-02T16:16:44.418 [motion_node] SENT state TOOL_MISSING: OK TOOL_MISSING
2026-10-02T16:16:44.440 [pick_tool_node] SENT state -> TOOL_MISSING
2026-10-02T16:16:44.459 [pick_tool_node] SENT human notify: tool_missing: Tool "ruler" not detected. Place it and press the button.
2026-10-02T16:16:44.893 [motion_node] RECEIVED SetState request: TOOL_MISSING
2026-10-02T16:16:44.938 [motion_node] SENT state TOOL_MISSING: OK TOOL_MISSING
2026-10-02T16:16:44.973 [pick_tool_node] SENT state -> TOOL_MISSING
2026-10-02T16:16:44.988 [pick_tool_node] SENT human notify: tool_missing: Tool "ruler" not detected. Place it and press the button.
2026-10-02T16:16:46.787 [pick_tool_node] RECEIVED push button pressed
2026-10-02T16:16:46.787 [dispatch_node] RECEIVED push button pressed
d
2026-10-02T16:16:46.809 [draw_arc_node] RECEIVED push button pressed
_CHECK
2026-10-02T16:16:46.817 [motion_node] RECEIVED SetState request: TOOL_CHECK
2026-10-02T16:16:46.833 [motion_node] SENT state TOOL_CHECK: OK TOOL_CHECK
2026-10-02T16:16:46.846 [motion_node] SENT state TOOL_CHECK: OK TOOL_CHECK
2026-10-02T16:16:46.864 [pick_tool_node] SENT state -> TOOL_CHECK
2026-10-02T16:16:46.875 [pick_tool_node] SENT state -> TOOL_CHECK
2026-10-02T16:16:49.896 [motion_node] RECEIVED SetState request: TOOL_MISSING
2026-10-02T16:16:49.917 [motion_node] SENT state TOOL_MISSING: OK TOOL_MISSING
2026-10-02T16:16:49.937 [pick_tool_node] SENT state -> TOOL_MISSING
2026-10-02T16:16:49.949 [pick_tool_node] SENT human notify: tool_missing: Tool "ruler" not detected. Place it and press the button.
2026-10-02T16:16:50.315 [motion_node] RECEIVED SetState request: TOOL_MISSING
2026-10-02T16:16:50.329 [motion_node] SENT state TOOL_MISSING: OK TOOL_MISSING
2026-10-02T16:16:50.355 [pick_tool_node] SENT state -> TOOL_MISSING
2026-10-02T16:16:50.362 [pick_tool_node] SENT human notify: tool_missing: Tool "ruler" not detected. Place it and press the button.
2026-10-02T16:16:50.917 [pick_tool_node] RECEIVED push button pressed
2026-10-02T16:16:50.919 [draw_line_node] RECEIVED push button pressed
2026-10-02T16:16:50.942 [motion_node] RECEIVED SetState request: TOOL2026-10-02T16:16:50.944 [mark_point_node] RECEIVED push button pressed
2026-10-02T16:16:50.956 [motion_node] RECEIVED SetState request: TOOL_CHECK
2026-10-02T16:16:50.969 [motion_node] SENT state TOOL_CHECK: OK TOOL_CHECK
2026-10-02T16:16:50.988 [motion_node] SENT state TOOL_CHECK: OK TOOL_CHECK
2026-10-02T16:16:51.009 [pick_tool_node] SENT state -> TOOL_CHECK
2026-10-02T16:16:51.012 [pick_tool_node] SENT state -> TOOL_CHECK
2026-10-02T16:16:53.415 [pick_tool_node] RECEIVED push button pressed
2026-10-02T16:16:53.421 [dispatch_node] RECEIVED push button pressed
2026-10-02T16:16:53.433 [draw_line_node] RECEIVED push button pressed
2026-10-02T16:16:53.437 [mark_point_node] RECEIVED push button pressed
2026-10-02T16:16:54.028 [motion_node] RECEIVED SetState request: TOOL_MISSING
2026-10-02T16:16:54.045 [motion_node] SENT state TOOL_MISSING: OK TOOL_MISSING
2026-10-02T16:16:54.072 [pick_tool_node] SENT state -> TOOL_MISSING
2026-10-02T16:16:54.086 [pick_tool_node] SENT human notify: tool_missing: Tool "ruler" not detected. Place it and press the button.
2026-10-02T16:16:54.452 [motion_node] RECEIVED SetState request: TOOL_MISSING
2026-10-02T16:16:54.471 [motion_node] SENT state TOOL_MISSING: OK TOOL_MISSING
2026-10-02T16:16:54.491 [pick_tool_node] SENT state -> TOOL_MISSING
2026-10-02T16:16:54.506 [pick_tool_node] SENT human notify: tool_missing: Tool "ruler" not detected. Place it and press the button.
2026-10-02T16:17:05.305 [draw_arc_node] RECEIVED push button pressed
2026-10-02T16:17:05.305 [pick_tool_node] RECEIVED push button pressed
2026-10-02T16:17:05.314 [draw_line_node] RECEIVED push button pressed

2026-10-02T16:17:05.329 [motion_node] RECEIVED SetState request: TOOL_CHECK
2026-10-02T16:17:05.334 [motion_node] RECEIVED SetState request: TOOL_CHECK
2026-10-02T16:17:05.349 [motion_node] SENT state TOOL_CHECK: OK TOOL_CHECK
2026-10-02T16:17:05.359 [motion_node] SENT state TOOL_CHECK: OK TOOL_CHECK
2026-10-02T16:17:05.374 [pick_tool_node] SENT state -> TOOL_CHECK
2026-10-02T16:17:05.399 [pick_tool_node] SENT state -> TOOL_CHECK
2026-10-02T16:17:08.826 [motion_node] RECEIVED SetState request: TOOL_MISSING
2026-10-02T16:17:08.849 [motion_node] SENT state TOOL_MISSING: OK TOOL_MISSING
2026-10-02T16:17:08.882 [pick_tool_node] SENT state -> TOOL_MISSING
2026-10-02T16:17:08.907 [pick_tool_node] SENT human notify: tool_missing: Tool "ruler" not detected. Place it and press the button.
2026-10-02T16:17:09.299 [motion_node] RECEIVED SetState request: TOOL_MISSING
2026-10-02T16:17:09.316 [motion_node] SENT state TOOL_MISSING: OK TOOL_MISSING
2026-10-02T16:17:09.337 [pick_tool_node] SENT state -> TOOL_MISSING
2026-10-02T16:17:09.351 [pick_tool_node] SENT human notify: tool_missing: Tool "ruler" not detected. Place it and press the button.
2026-10-02T16:19:45.688 [mark_point_node] RECEIVED push button pressed
2026-10-02T16:19:45.701 [draw_line_node] RECEIVED push button pressed
2026-10-02T16:19:45.702 [draw_arc_node] RECEIVED push button pressed
2026-10-02T16:19:45.713 [dispatch_node] RECEIVED push button pressed
2026-10-02T16:19:45.730 [motion_node] RECEIVED SetState request: TOOL_CHECK
2026-10-02T16:19:45.736 [motion_node] RECEIVED SetState request: TOOL_CHECK
2026-10-02T16:19:45.746 [motion_node] SENT state TOOL_CHECK: OK TOOL_CHECK
2026-10-02T16:19:45.752 [motion_node] SENT state TOOL_CHECK: OK TOOL_CHECK
2026-10-02T16:19:45.791 [pick_tool_node] SENT state -> TOOL_CHECK
2026-10-02T16:19:49.021 [motion_node] RECEIVED SetState request: TOOL_MISSING
2026-10-02T16:19:49.039 [motion_node] SENT state TOOL_MISSING: OK TOOL_MISSING
2026-10-02T16:19:49.058 [pick_tool_node] SENT state -> TOOL_MISSING
2026-10-02T16:19:49.089 [pick_tool_node] SENT human notify: tool_missing: Tool "ruler" not detected. Place it and press the button.
2026-10-02T16:19:49.543 [motion_node] RECEIVED SetState request: TOOL_MISSING
2026-10-02T16:19:49.559 [motion_node] SENT state TOOL_MISSING: OK TOOL_MISSING
2026-10-02T16:19:49.584 [pick_tool_node] SENT state -> TOOL_MISSING
2026-10-02T16:19:49.590 [pick_tool_node] SENT human notify: tool_missing: Tool "ruler" not detected. Place it and press the button.
2026-10-02T16:19:52.152 [draw_arc_node] RECEIVED push button pressed
2026-10-02T16:19:52.159 [pick_tool_node] RECEIVED push button pressed
2026-10-02T16:19:52.161 [motion_node] RECEIVED SetState request: TOOL_CHECK
2026-10-02T16:19:52.168 [draw_line_node] RECEIVED push button pressed
2026-10-02T16:19:52.172 [mark_point_node] RECEIVED push button pressed
2026-10-02T16:19:52.181 [motion_node] RECEIVED SetState request: TOOL_CHECK
2026-10-02T16:19:52.186 [motion_node] SENT state TOOL_CHECK: OK TOOL_CHECK
2026-10-02T16:19:52.199 [motion_node] SENT state TOOL_CHECK: OK TOOL_CHECK
2026-10-02T16:19:52.213 [pick_tool_node] SENT state -> TOOL_CHECK
2026-10-02T16:19:55.419 [motion_node] RECEIVED SetState request: TOOL_MISSING
2026-10-02T16:19:55.447 [motion_node] SENT state TOOL_MISSING: OK TOOL_MISSING
2026-10-02T16:19:55.476 [pick_tool_node] SENT state -> TOOL_MISSING
2026-10-02T16:19:55.488 [pick_tool_node] SENT human notify: tool_missing: Tool "ruler" not detected. Place it and press the button.
2026-10-02T16:19:55.872 [motion_node] RECEIVED SetState request: TOOL_MISSING
2026-10-02T16:19:55.891 [motion_node] SENT state TOOL_MISSING: OK TOOL_MISSING
2026-10-02T16:19:55.911 [pick_tool_node] SENT state -> TOOL_MISSING
2026-10-02T16:19:55.931 [pick_tool_node] SENT human notify: tool_missing: Tool "ruler" not detected. Place it and press the button.
2026-10-02T16:19:59.196 [mark_point_node] RECEIVED push button pressed22026-10-02T16:19:59.192 [draw_line_node] RECEIVED push button pressed
2026-10-02T16:19:59.204 [draw_arc_node] RECEIVED push button pressed
2026-10-02T16:19:59.220 [motion_node] RECEIVED SetState request: TOOL_CHECK
2026-10-02T16:19:59.226 [motion_node] RECEIVED SetState request: TOOL_CHECK
2026-10-02T16:19:59.241 [motion_node] SENT state TOOL_CHECK: OK TOOL_CHECK
2026-10-02T16:19:59.257 [motion_node] SENT state TOOL_CHECK: OK TOOL_CHECK
2026-10-02T16:19:59.270 [pick_tool_node] SENT state -> TOOL_CHECK
2026-10-02T16:19:59.280 [pick_tool_node] SENT state -> TOOL_CHECK
2026-10-02T16:20:02.524 [motion_node] RECEIVED SetState request: TOOL_MISSING
2026-10-02T16:20:02.715 [motion_node] SENT state TOOL_MISSING: OK TOOL_MISSING
2026-10-02T16:20:02.790 [pick_tool_node] SENT state -> TOOL_MISSING
2026-10-02T16:20:02.806 [pick_tool_node] SENT human notify: tool_missing: Tool "ruler" not detected. Place it and press the button.
2026-10-02T16:20:03.156 [motion_node] RECEIVED SetState request: TOOL_MISSING
2026-10-02T16:20:03.180 [motion_node] SENT state TOOL_MISSING: OK TOOL_MISSING
2026-10-02T16:20:03.194 [pick_tool_node] SENT state -> TOOL_MISSING
2026-10-02T16:20:03.207 [pick_tool_node] SENT human notify: tool_missing: Tool "ruler" not detected. Place it and press the button.
2026-10-02T16:20:31.228 [pick_tool_node] RECEIVED push button pressed
2026-10-02T16:20:31.247 [motion_node] RECEIVED SetState request: TOOL_CHECK
2026-10-02T16:20:31.251 [dispatch_node] RECEIVED push button pressed
2026-10-02T16:20:31.252 [mark_point_node] RECEIVED push button pressed
2026-10-02T16:20:31.252 [motion_node] RECEIVED SetState request: TOOL_CHECK
2026-10-02T16:20:31.283 [motion_node] SENT state TOOL_CHECK: OK TOOL_CHECK
2026-10-02T16:20:31.293 [motion_node] SENT state TOOL_CHECK: OK TOOL_CHECK
2026-10-02T16:20:31.317 [pick_tool_node] SENT state -> TOOL_CHECK
2026-10-02T16:20:34.497 [motion_node] RECEIVED SetState request: TOOL_MISSING
2026-10-02T16:20:34.513 [motion_node] SENT state TOOL_MISSING: OK TOOL_MISSING
2026-10-02T16:20:34.532 [pick_tool_node] SENT state -> TOOL_MISSING
2026-10-02T16:20:34.547 [pick_tool_node] SENT human notify: tool_missing: Tool "ruler" not detected. Place it and press the button.
2026-10-02T16:20:35.077 [motion_node] RECEIVED SetState request: TOOL_MISSING
2026-10-02T16:20:35.096 [motion_node] SENT state TOOL_MISSING: OK TOOL_MISSING
2026-10-02T16:20:35.124 [pick_tool_node] SENT state -> TOOL_MISSING
2026-10-02T16:20:35.145 [pick_tool_node] SENT human notify: tool_missing: Tool "ruler" not detected. Place it and press the button.
2026-10-02T16:20:46.226 [draw_line_node] RECEIVED push button pressed
2026-10-02T16:20:46.232 [draw_arc_node] RECEIVED push button pressed
2026-10-02T16:20:46.245 [mark_point_node] RECEIVED push button pressed
2026-10-02T16:20:46.246 [dispatch_node] RECEIVED push button pressed
2026-10-02T16:20:46.269 [motion_node] RECEIVED SetState request: TOOL_CHECK
2026-10-02T16:20:46.276 [motion_node] RECEIVED SetState request: TOOL_CHECK
2026-10-02T16:20:46.299 [motion_node] SENT state TOOL_CHECK: OK TOOL_CHECK
2026-10-02T16:20:46.327 [pick_tool_node] SENT state -> TOOL_CHECK
2026-10-02T16:20:46.336 [pick_tool_node] SENT state -> TOOL_CHECK
2026-10-02T16:20:49.398 [motion_node] RECEIVED SetState request: TOOL_MISSING
2026-10-02T16:20:49.412 [motion_node] SENT state TOOL_MISSING: OK TOOL_MISSING
2026-10-02T16:20:49.437 [pick_tool_node] SENT state -> TOOL_MISSING
2026-10-02T16:20:49.453 [pick_tool_node] SENT human notify: tool_missing: Tool "ruler" not detected. Place it and press the button.
2026-10-02T16:20:49.903 [motion_node] RECEIVED SetState request: TOOL_MISSING
2026-10-02T16:20:49.948 [motion_node] SENT state TOOL_MISSING: OK TOOL_MISSING
2026-10-02T16:20:49.959 [pick_tool_node] SENT state -> TOOL_MISSING
2026-10-02T16:20:49.971 [pick_tool_node] SENT human notify: tool_missing: Tool "ruler" not detected. Place it and press the button.
2026-10-02T16:21:12.306 [dispatch_node] RECEIVED push button pressed
d
2026-10-02T16:21:12.308 [draw_arc_node] RECEIVED push button pressed
2026-10-02T16:21:12.321 [pick_tool_node] RECEIVED push button pressed
2026-10-02T16:21:12.337 [motion_node] RECEIVED SetState request: TOOL_CHECK
2026-10-02T16:21:12.346 [motion_node] RECEIVED SetState request: TOOL_CHECK
2026-10-02T16:21:12.354 [motion_node] SENT state TOOL_CHECK: OK TOOL_CHECK
2026-10-02T16:21:12.366 [motion_node] SENT state TOOL_CHECK: OK TOOL_CHECK
2026-10-02T16:21:12.374 [pick_tool_node] SENT state -> TOOL_CHECK
2026-10-02T16:21:12.391 [pick_tool_node] SENT state -> TOOL_CHECK
2026-10-02T16:21:15.590 [motion_node] RECEIVED SetState request: TOOL_MISSING
2026-10-02T16:21:15.609 [motion_node] SENT state TOOL_MISSING: OK TOOL_MISSING
2026-10-02T16:21:15.627 [pick_tool_node] SENT state -> TOOL_MISSING
2026-10-02T16:21:15.641 [pick_tool_node] SENT human notify: tool_missing: Tool "ruler" not detected. Place it and press the button.
2026-10-02T16:21:16.076 [motion_node] RECEIVED SetState request: TOOL_MISSING
2026-10-02T16:21:16.106 [motion_node] SENT state TOOL_MISSING: OK TOOL_MISSING
2026-10-02T16:21:16.137 [pick_tool_node] SENT state -> TOOL_MISSING
2026-10-02T16:21:16.145 [pick_tool_node] SENT human notify: tool_missing: Tool "ruler" not detected. Place it and press the button.
2026-10-02T16:21:19.723 [pick_tool_node] RECEIVED push button pressed
CHECK
2026-10-02T16:21:19.747 [draw_line_node] RECEIVED push button pressed2026-10-02T16:21:19.748 [dispatch_node] RECEIVED push button pressed
2026-10-02T16:21:19.760 [motion_node] SENT state TOOL_CHECK: OK TOOL_CHECK
2026-10-02T16:21:19.774 [motion_node] RECEIVED SetState request: TOOL_CHECK
2026-10-02T16:21:19.783 [pick_tool_node] SENT state -> TOOL_CHECK
2026-10-02T16:21:19.796 [motion_node] SENT state TOOL_CHECK: OK TOOL_CHECK
2026-10-02T16:21:19.814 [pick_tool_node] SENT state -> TOOL_CHECK
2026-10-02T16:21:23.291 [motion_node] RECEIVED SetState request: TOOL_MISSING
2026-10-02T16:21:23.308 [motion_node] SENT state TOOL_MISSING: OK TOOL_MISSING
2026-10-02T16:21:23.328 [pick_tool_node] SENT state -> TOOL_MISSING
2026-10-02T16:21:23.343 [pick_tool_node] SENT human notify: tool_missing: Tool "ruler" not detected. Place it and press the button.
2026-10-02T16:21:23.685 [motion_node] RECEIVED SetState request: TOOL_MISSING
2026-10-02T16:21:23.699 [motion_node] SENT state TOOL_MISSING: OK TOOL_MISSING
2026-10-02T16:21:23.725 [pick_tool_node] SENT state -> TOOL_MISSING
2026-10-02T16:21:23.736 [pick_tool_node] SENT human notify: tool_missing: Tool "ruler" not detected. Place it and press the button.
2026-10-02T16:21:25.500 [draw_line_node] RECEIVED push button pressed
2026-10-02T16:21:25.518 [pick_tool_node] RECEIVED push button pressed2026-10-02T16:21:25.533 [motion_node] RECEIVED SetState request: TOOL_CHECK
2026-10-02T16:21:25.551 [motion_node] RECEIVED SetState request: TOOL_CHECK
2026-10-02T16:21:25.560 [motion_node] SENT state TOOL_CHECK: OK TOOL_CHECK
2026-10-02T16:21:25.571 [motion_node] SENT state TOOL_CHECK: OK TOOL_CHECK
2026-10-02T16:21:25.595 [pick_tool_node] SENT state -> TOOL_CHECK
2026-10-02T16:21:25.600 [pick_tool_node] SENT state -> TOOL_CHECK
2026-10-02T16:21:28.908 [motion_node] RECEIVED SetState request: TOOL_MISSING
2026-10-02T16:21:28.938 [motion_node] SENT state TOOL_MISSING: OK TOOL_MISSING
2026-10-02T16:21:28.971 [pick_tool_node] SENT state -> TOOL_MISSING
2026-10-02T16:21:29.004 [pick_tool_node] SENT human notify: tool_missing: Tool "ruler" not detected. Place it and press the button.
2026-10-02T16:21:29.377 [motion_node] RECEIVED SetState request: TOOL_MISSING
2026-10-02T16:21:29.399 [motion_node] SENT state TOOL_MISSING: OK TOOL_MISSING
2026-10-02T16:21:29.421 [pick_tool_node] SENT state -> TOOL_MISSING
2026-10-02T16:21:29.434 [pick_tool_node] SENT human notify: tool_missing: Tool "ruler" not detected. Place it and press the button.
2026-10-02T16:21:34.767 [pick_tool_node] RECEIVED push button pressed
2026-10-02T16:21:34.779 [draw_line_node] RECEIVED push button pressed

2026-10-02T16:21:34.792 [draw_arc_node] RECEIVED push button pressed
2026-10-02T16:21:34.807 [motion_node] RECEIVED SetState request: TOOL_CHECK
2026-10-02T16:21:34.819 [motion_node] RECEIVED SetState request: TOOL_CHECK
2026-10-02T16:21:34.827 [motion_node] SENT state TOOL_CHECK: OK TOOL_CHECK
2026-10-02T16:21:34.843 [motion_node] SENT state TOOL_CHECK: OK TOOL_CHECK
2026-10-02T16:21:34.867 [pick_tool_node] SENT state -> TOOL_CHECK
2026-10-02T16:21:37.970 [motion_node] RECEIVED SetState request: TOOL_MISSING
2026-10-02T16:21:37.988 [motion_node] SENT state TOOL_MISSING: OK TOOL_MISSING
2026-10-02T16:21:38.008 [pick_tool_node] SENT state -> TOOL_MISSING
2026-10-02T16:21:38.015 [pick_tool_node] SENT human notify: tool_missing: Tool "ruler" not detected. Place it and press the button.
2026-10-02T16:21:38.567 [motion_node] RECEIVED SetState request: TOOL_MISSING
2026-10-02T16:21:38.584 [motion_node] SENT state TOOL_MISSING: OK TOOL_MISSING
2026-10-02T16:21:38.607 [pick_tool_node] SENT state -> TOOL_MISSING
2026-10-02T16:21:38.616 [pick_tool_node] SENT human notify: tool_missing: Tool "ruler" not detected. Place it and press the button.
2026-10-02T16:21:40.835 [draw_line_node] RECEIVED push button pressed2026-10-02T16:21:40.857 [motion_node] RECEIVED SetState request: TOOL_CHECK
-10-02T16:21:40.862 [motion_node] RECEIVED SetState request: TOOL_CHECK
2026-10-02T16:21:40.865 [pick_tool_node] RECEIVED push button pressed
2026-10-02T16:21:40.879 [motion_node] SENT state TOOL_CHECK: OK TOOL_CHECK
2026-10-02T16:21:40.890 [motion_node] SENT state TOOL_CHECK: OK TOOL_CHECK
2026-10-02T16:21:40.908 [pick_tool_node] SENT state -> TOOL_CHECK
2026-10-02T16:21:44.216 [motion_node] RECEIVED SetState request: TOOL_MISSING
2026-10-02T16:21:44.261 [motion_node] SENT state TOOL_MISSING: OK TOOL_MISSING
2026-10-02T16:21:44.294 [pick_tool_node] SENT state -> TOOL_MISSING
2026-10-02T16:21:44.321 [pick_tool_node] SENT human notify: tool_missing: Tool "ruler" not detected. Place it and press the button.
2026-10-02T16:21:44.809 [motion_node] RECEIVED SetState request: TOOL_MISSING
2026-10-02T16:21:44.827 [motion_node] SENT state TOOL_MISSING: OK TOOL_MISSING
2026-10-02T16:21:44.848 [pick_tool_node] SENT state -> TOOL_MISSING
2026-10-02T16:21:44.858 [pick_tool_node] SENT human notify: tool_missing: Tool "ruler" not detected. Place it and press the button.
2026-10-02T16:21:48.246 [pick_tool_node] RECEIVED push button pressed
2026-10-02T16:21:48.254 [mark_point_node] RECEIVED push button pressed
2026-10-02T16:21:48.256 [draw_line_node] RECEIVED push button pressed
2026-10-02T16:21:48.267 [draw_arc_node] RECEIVED push button pressed
2026-10-02T16:21:48.292 [motion_node] RECEIVED SetState request: TOOL_CHECK
2026-10-02T16:21:48.313 [motion_node] SENT state TOOL_CHECK: OK TOOL_CHECK
2026-10-02T16:21:48.327 [motion_node] SENT state TOOL_CHECK: OK TOOL_CHECK
2026-10-02T16:21:48.340 [pick_tool_node] SENT state -> TOOL_CHECK
2026-10-02T16:21:48.366 [pick_tool_node] SENT state -> TOOL_CHECK
2026-10-02T16:21:51.878 [motion_node] RECEIVED SetState request: TOOL_MISSING
2026-10-02T16:21:51.904 [motion_node] SENT state TOOL_MISSING: OK TOOL_MISSING
2026-10-02T16:21:51.936 [pick_tool_node] SENT state -> TOOL_MISSING
2026-10-02T16:21:51.947 [pick_tool_node] SENT human notify: tool_missing: Tool "ruler" not detected. Place it and press the button.
2026-10-02T16:21:52.255 [motion_node] RECEIVED SetState request: TOOL_MISSING
2026-10-02T16:21:52.270 [motion_node] SENT state TOOL_MISSING: OK TOOL_MISSING
2026-10-02T16:21:52.293 [pick_tool_node] SENT state -> TOOL_MISSING
2026-10-02T16:21:52.308 [pick_tool_node] SENT human notify: tool_missing: Tool "ruler" not detected. Place it and press the button.
2026-10-02T16:21:57.940 [draw_line_node] RECEIVED push button pressed
026-10-02T16:21:57.946 [pick_tool_node] RECEIVED push button pressed
2026-10-02T16:21:57.959 [dispatch_node] RECEIVED push button pressed
2026-10-02T16:21:57.969 [motion_node] RECEIVED SetState request: TOOL_CHECK
2026-10-02T16:21:57.975 [mark_point_node] RECEIVED push button pressed
2026-10-02T16:21:57.986 [motion_node] RECEIVED SetState request: TOOL_CHECK
2026-10-02T16:21:58.000 [motion_node] SENT state TOOL_CHECK: OK TOOL_CHECK
2026-10-02T16:21:58.008 [motion_node] SENT state TOOL_CHECK: OK TOOL_CHECK
2026-10-02T16:21:58.024 [pick_tool_node] SENT state -> TOOL_CHECK
2026-10-02T16:21:58.043 [pick_tool_node] SENT state -> TOOL_CHECK
2026-10-02T16:22:01.380 [motion_node] RECEIVED SetState request: TOOL_MISSING
2026-10-02T16:22:01.407 [motion_node] SENT state TOOL_MISSING: OK TOOL_MISSING
2026-10-02T16:22:01.434 [pick_tool_node] SENT state -> TOOL_MISSING
2026-10-02T16:22:01.449 [pick_tool_node] SENT human notify: tool_missing: Tool "ruler" not detected. Place it and press the button.
2026-10-02T16:22:01.812 [motion_node] RECEIVED SetState request: TOOL_MISSING
2026-10-02T16:22:01.832 [motion_node] SENT state TOOL_MISSING: OK TOOL_MISSING
2026-10-02T16:22:01.852 [pick_tool_node] SENT state -> TOOL_MISSING
2026-10-02T16:22:01.861 [pick_tool_node] SENT human notify: tool_missing: Tool "ruler" not detected. Place it and press the button.
2026-10-07T01:23:04.142 [grid_node] INFO grid_node using shared camera via /camera/frame
2026-10-07T01:23:04.231 [grid_node] INFO grid_node ready - viewer at http://<this-machine-ip>:8091/, paper_size=A4
2026-10-07T01:25:17.538 [grid_node] RECEIVED CalibrateRobotFrame request: origin=(130.0, 148.5)
2026-10-07T01:25:17.555 [grid_node] ERROR paper not detected - place the sheet at its measured spot first
2026-10-07T01:25:31.993 [grid_node] RECEIVED CalibrateRobotFrame request: origin=(130.0, 148.5)
2026-10-07T01:25:32.003 [grid_node] ERROR paper not detected - place the sheet at its measured spot first
2026-10-07T01:26:06.154 [grid_node] RECEIVED CalibrateRobotFrame request: origin=(130.0, 148.5)
2026-10-07T01:26:06.162 [grid_node] ERROR paper not detected - place the sheet at its measured spot first
2026-10-07T01:39:01.275 [grid_node] INFO grid_node using shared camera via /camera/frame
2026-10-07T01:39:01.353 [grid_node] INFO grid_node ready - viewer at http://<this-machine-ip>:8091/, paper_size=A4
2026-10-07T01:53:39.721 [grid_node] RECEIVED CalibrateRobotFrame request: origin=(130.0, 148.5)
2026-10-07T01:53:39.756 [grid_node] ERROR paper not detected - place the sheet at its measured spot first
2026-10-07T01:54:01.722 [grid_node] RECEIVED CalibrateRobotFrame request: origin=(130.0, 148.5)
2026-10-07T01:54:01.766 [grid_node] ERROR paper not detected - place the sheet at its measured spot first
2026-10-07T01:55:34.797 [grid_node] RECEIVED CalibrateRobotFrame request: origin=(130.0, 148.5)
2026-10-07T01:55:34.804 [grid_node] ERROR paper not detected - place the sheet at its measured spot first
2026-10-07T01:59:09.431 [grid_node] RECEIVED CalibrateRobotFrame request: origin=(130.0, 148.5)
2026-10-07T01:59:09.456 [grid_node] ERROR paper not detected - place the sheet at its measured spot first
2026-10-07T02:00:35.232 [grid_node] RECEIVED CalibrateRobotFrame request: origin=(130.0, 148.5)
2026-10-07T02:00:35.242 [grid_node] ERROR paper not detected - place the sheet at its measured spot first
2026-10-07T02:08:29.303 [grid_node] RECEIVED CalibrateRobotFrame request: origin=(130.0, 148.5)
2026-10-07T02:08:29.369 [grid_node] SENT calibrated; saved to /ros2_ws/captures/robot_calibration.json
2026-10-07T02:28:17.904 [grid_node] INFO grid_node using shared camera via /camera/frame
2026-10-07T02:28:19.305 [grid_node] INFO grid_node ready - viewer at http://<this-machine-ip>:8091/, paper_size=A4
2026-10-07T02:28:44.409 [screen_state_node] WARN screen_state_node running in MOCK serial mode - no display Arduino attached
2026-10-07T02:28:44.371 [pick_and_place_node] INFO pick_and_place_node ready — action server on "pick_and_place"
2026-10-07T02:28:44.811 [screen_state_node] INFO screen_state_node ready (mock_serial=True) - serving /screen/set_state
2026-10-07T02:28:47.052 [tool_state_node] INFO tool_state_node ready — holding: <none>
2026-10-07T02:28:47.657 [dispatch_node] INFO dispatch_node ready - listening on /action/dispatch
2026-10-07T02:28:51.391 [draw_arc_node] INFO draw_arc_node ready — action server on "draw_arc"
2026-10-07T02:28:54.918 [mark_point_node] INFO mark_point_node ready — action server on "mark_point"
2026-10-07T02:28:55.701 [draw_line_node] INFO draw_line_node ready — action server on "draw_line"
2026-10-07T02:28:56.314 [pick_tool_node] INFO pick_tool_node ready — action server on "pick_tool"
2026-10-07T02:28:57.676 [draw_arc_node] RECEIVED push button pressed

2026-10-07T02:28:57.695 [mark_point_node] RECEIVED push button pressed
2026-10-07T02:28:57.695 [draw_line_node] RECEIVED push button pressed
2026-10-07T02:29:42.894 [grid_node] ERROR paper not detected
2026-10-07T02:31:02.908 [mark_point_node] RECEIVED push button pressed
2026-10-07T02:31:02.908 [draw_line_node] RECEIVED push button pressed
2026-10-07T02:31:03.054 [draw_arc_node] RECEIVED push button pressed
2026-10-07T02:31:04.870 [dispatch_node] RECEIVED push button pressed
2026-10-07T02:31:05.542 [pick_tool_node] RECEIVED push button pressed
2026-10-07T02:32:06.713 [motion_node] RECEIVED SetState request: BOOT
2026-10-07T02:32:13.353 [motion_node] SENT state BOOT: OK BOOT
2026-10-07T02:32:18.725 [draw_line_node] RECEIVED push button pressed
2026-10-07T02:32:18.868 [dispatch_node] RECEIVED push button pressed
2026-10-07T02:32:18.980 [draw_arc_node] RECEIVED push button pressed
2026-10-07T02:32:19.228 [dispatch_node] RECEIVED push button pressed
2026-10-07T02:32:19.235 [draw_line_node] RECEIVED push button pressed
2026-10-07T02:32:19.415 [draw_arc_node] RECEIVED push button pressed
2026-10-07T02:32:19.810 [mark_point_node] RECEIVED push button pressed
2026-10-07T02:32:20.153 [pick_tool_node] RECEIVED push button pressed
2026-10-07T02:32:22.252 [pick_tool_node] RECEIVED push button pressed
2026-10-07T02:32:22.114 [draw_arc_node] RECEIVED push button pressed

2026-10-07T02:32:22.403 [draw_line_node] RECEIVED push button pressed

2026-10-07T02:32:23.372 [pick_tool_node] RECEIVED push button pressed

2026-10-07T02:32:23.502 [mark_point_node] RECEIVED push button pressed
2026-10-07T02:32:23.746 [draw_arc_node] RECEIVED push button pressed
2026-10-07T02:32:23.664 [dispatch_node] RECEIVED push button pressed
2026-10-07T02:32:23.795 [draw_arc_node] RECEIVED push button pressed
2026-10-07T02:32:24.051 [dispatch_node] RECEIVED push button pressed
2026-10-07T02:32:24.400 [dispatch_node] RECEIVED push button pressed
2026-10-07T02:32:23.883 [draw_line_node] RECEIVED push button pressed
2026-10-07T02:32:24.966 [dispatch_node] RECEIVED push button pressed
2026-10-07T02:32:24.939 [draw_line_node] RECEIVED push button pressed
2026-10-07T02:32:24.925 [draw_line_node] RECEIVED push button pressed
2026-10-07T02:32:25.887 [mark_point_node] RECEIVED push button pressed
2026-10-07T02:32:26.806 [dispatch_node] RECEIVED push button pressed
2026-10-07T02:32:27.031 [pick_tool_node] RECEIVED push button pressed
2026-10-07T02:32:27.209 [draw_line_node] RECEIVED push button pressed
2026-10-07T02:32:27.243 [mark_point_node] RECEIVED push button pressed
2026-10-07T02:32:32.509 [pick_tool_node] RECEIVED push button pressed
026-10-07T02:32:32.486 [dispatch_node] RECEIVED push button pressed
2026-10-07T02:32:32.458 [mark_point_node] RECEIVED push button pressed
2026-10-07T02:32:32.662 [draw_line_node] RECEIVED push button pressed
2026-10-07T02:33:29.030 [mark_point_node] RECEIVED push button pressed
2026-10-07T02:33:29.061 [draw_arc_node] RECEIVED push button pressed
2026-10-07T02:33:29.169 [dispatch_node] RECEIVED push button pressed
2026-10-07T02:33:29.172 [pick_tool_node] RECEIVED push button pressed
2026-10-07T02:33:29.207 [draw_line_node] RECEIVED push button pressed
2026-10-07T02:33:29.549 [pick_tool_node] RECEIVED push button pressed
2026-10-07T02:33:29.580 [draw_line_node] RECEIVED push button pressed

2026-10-07T02:33:29.699 [draw_arc_node] RECEIVED push button pressed
2026-10-07T02:33:31.083 [dispatch_node] RECEIVED push button pressed
2026-10-07T02:33:31.094 [pick_tool_node] RECEIVED push button pressed
2026-10-07T02:33:31.088 [mark_point_node] RECEIVED push button pressed
2026-10-07T02:33:31.131 [draw_arc_node] RECEIVED push button pressed
2026-10-07T02:33:31.116 [draw_line_node] RECEIVED push button pressed
2026-10-07T02:34:07.687 [grid_node] ERROR paper not detected
2026-10-07T02:38:33.230 [dispatch_node] RECEIVED actionId=pick-b50421b0 source=robot pairId=pick-b50421b0 pairSize=1 payload={'action': 'pick', 'tool': 'pencil'}
2026-10-07T02:38:37.390 [motion_node] RECEIVED SetState request: BOOT
2026-10-07T02:38:38.739 [screen_state_node] RECEIVED SetScreenState request: state="robot_pick_started" detail={"source": "robot", "payload": {"action": "pick", "tool": "pencil"}}
2026-10-07T02:38:39.112 [screen_state_node] SENT screen state -> robot_pick_started (display: "ROBOT PICK START")
2026-10-07T02:38:44.059 [motion_node] SENT state BOOT: OK BOOT
2026-10-07T02:38:44.130 [dispatch_node] SENT state -> BOOT
2026-10-07T02:38:44.159 [dispatch_node] DOING routing robot action "pick"
2026-10-07T02:38:44.266 [dispatch_node] SENT pick goal: nexus_interfaces.action.PickTool_Goal(target_object='pencil')
2026-10-07T02:38:46.909 [pick_tool_node] RECEIVED PickTool goal: pencil
2026-10-07T02:38:47.080 [pick_tool_node] DOING [pickTool:pencil] step: receive_tool
2026-10-07T02:38:47.270 [dispatch_node] RECEIVED push button pressed
2026-10-07T02:38:47.963 [dispatch_node] RECEIVED push button pressed
2026-10-07T02:38:48.141 [draw_arc_node] RECEIVED push button pressed
2026-10-07T02:38:48.091 [draw_arc_node] RECEIVED push button pressed
2026-10-07T02:38:48.187 [draw_line_node] RECEIVED push button pressed
2026-10-07T02:38:48.212 [mark_point_node] RECEIVED push button pressed
2026-10-07T02:38:48.769 [pick_tool_node] RECEIVED push button pressed
BY
2026-10-07T02:38:48.846 [motion_node] SENT state STANDBY: OK STANDBY
2026-10-07T02:38:48.852 [pick_tool_node] RECEIVED push button pressed
2026-10-07T02:38:48.924 [pick_tool_node] SENT state -> STANDBY
2026-10-07T02:38:49.119 [pick_tool_node] SENT human notify: place_tool: Place "pencil" in the robot tool link, then press the button.
2026-10-07T02:38:49.133 [pick_tool_node] DOING [pickTool:pencil] step: waiting_for_button
2026-10-07T02:39:02.303 [dispatch_node] RECEIVED push button pressed
2026-10-07T02:39:02.322 [mark_point_node] RECEIVED push button pressed
2026-10-07T02:39:02.372 [pick_tool_node] RECEIVED push button pressed
 validating_tool
2026-10-07T02:39:02.372 [draw_arc_node] RECEIVED push button pressed
2026-10-07T02:39:02.419 [motion_node] RECEIVED SetState request: TOOL_CHECK
2026-10-07T02:39:02.493 [motion_node] SENT state TOOL_CHECK: OK TOOL_CHECK
2026-10-07T02:39:02.592 [pick_tool_node] SENT state -> TOOL_CHECK
2026-10-07T02:39:03.119 [draw_arc_node] RECEIVED push button pressed
2026-10-07T02:39:03.143 [pick_tool_node] RECEIVED push button pressed
2026-10-07T02:39:03.139 [mark_point_node] RECEIVED push button pressed
2026-10-07T02:39:03.173 [draw_line_node] RECEIVED push button pressed
2026-10-07T02:39:03.673 [dispatch_node] RECEIVED push button pressed
2026-10-07T02:39:03.688 [pick_tool_node] RECEIVED push button pressed
2026-10-07T02:39:03.699 [draw_arc_node] RECEIVED push button pressed
2026-10-07T02:39:03.724 [draw_line_node] RECEIVED push button pressed
2026-10-07T02:39:03.727 [mark_point_node] RECEIVED push button pressed
2026-10-07T02:39:05.290 [dispatch_node] RECEIVED push button pressed

2026-10-07T02:39:05.295 [draw_line_node] RECEIVED push button pressed
2026-10-07T02:39:05.348 [draw_arc_node] RECEIVED push button pressed
2026-10-07T02:39:05.340 [mark_point_node] RECEIVED push button pressed
2026-10-07T02:39:08.817 [dispatch_node] RECEIVED push button pressed
2026-10-07T02:39:08.817 [pick_tool_node] RECEIVED push button pressed
2026-10-07T02:39:08.820 [draw_line_node] RECEIVED push button pressed
2026-10-07T02:39:08.892 [mark_point_node] RECEIVED push button pressed
2026-10-07T02:39:09.790 [pick_tool_node] RECEIVED push button pressed
026-10-07T02:39:09.791 [draw_line_node] RECEIVED push button pressed
2026-10-07T02:39:09.762 [draw_arc_node] RECEIVED push button pressed
2026-10-07T02:39:10.158 [mark_point_node] RECEIVED push button pressed
2026-10-07T02:39:13.580 [pick_tool_node] ERROR [pickTool:pencil] failed: timed out waiting for /vision/detect_object
2026-10-07T02:39:13.795 [motion_node] RECEIVED SetState request: STANDBY
2026-10-07T02:39:13.862 [motion_node] SENT state STANDBY: OK STANDBY
2026-10-07T02:39:14.008 [pick_tool_node] SENT state -> STANDBY
2026-10-07T02:39:14.342 [dispatch_node] RECEIVED pick result: success=False message="timed out waiting for /vision/detect_object"
2026-10-07T02:39:15.069 [dispatch_node] SENT completion for actionId=pick-b50421b0 source=robot result={'ok': False, 'action': 'pick', 'message': 'timed out waiting for /vision/detect_object'}
2026-10-07T02:39:25.102 [dispatch_node] RECEIVED actionId=pick-0e3755ee source=robot pairId=pick-0e3755ee pairSize=1 payload={'action': 'pick', 'tool': 'pencil'}
2026-10-07T02:39:25.197 [dispatch_node] DOING routing robot action "pick"
2026-10-07T02:39:25.237 [dispatch_node] SENT pick goal: nexus_interfaces.action.PickTool_Goal(target_object='pencil')
e": "robot", "payload": {"action": "pick", "tool": "pencil"}}
2026-10-07T02:39:25.385 [pick_tool_node] RECEIVED PickTool goal: pencil
2026-10-07T02:39:25.386 [screen_state_node] SENT screen state -> robot_pick_started (display: "ROBOT PICK START")
2026-10-07T02:39:25.406 [pick_tool_node] DOING [pickTool:pencil] step: receive_tool
2026-10-07T02:39:25.469 [motion_node] RECEIVED SetState request: STANDBY
2026-10-07T02:39:25.596 [motion_node] SENT state STANDBY: OK STANDBY
2026-10-07T02:39:25.739 [pick_tool_node] SENT state -> STANDBY
2026-10-07T02:39:25.937 [pick_tool_node] SENT human notify: place_tool: Place "pencil" in the robot tool link, then press the button.
2026-10-07T02:39:26.197 [pick_tool_node] DOING [pickTool:pencil] step: waiting_for_button
2026-10-07T02:39:30.569 [dispatch_node] RECEIVED push button pressed
2026-10-07T02:39:30.608 [pick_tool_node] RECEIVED push button pressed
2026-10-07T02:39:30.614 [pick_tool_node] DOING [pickTool:pencil] step: validating_tool
2026-10-07T02:39:30.664 [draw_line_node] RECEIVED push button pressed
2026-10-07T02:39:30.668 [motion_node] RECEIVED SetState request: TOOL_CHECK
2026-10-07T02:39:30.757 [motion_node] SENT state TOOL_CHECK: OK TOOL_CHECK
2026-10-07T02:39:30.894 [pick_tool_node] SENT state -> TOOL_CHECK
2026-10-07T02:39:38.817 [motion_node] RECEIVED SetState request: TOOL_MISSING
2026-10-07T02:39:38.883 [motion_node] SENT state TOOL_MISSING: OK TOOL_MISSING
2026-10-07T02:39:38.944 [pick_tool_node] SENT state -> TOOL_MISSING
2026-10-07T02:39:38.971 [pick_tool_node] SENT human notify: tool_missing: Tool "pencil" not detected. Place it and press the button.
2026-10-07T02:39:42.935 [draw_line_node] RECEIVED push button pressed
2026-10-07T02:39:42.946 [draw_arc_node] RECEIVED push button pressed
2026-10-07T02:39:42.933 [mark_point_node] RECEIVED push button pressed
2026-10-07T02:39:42.981 [dispatch_node] RECEIVED push button pressed
2026-10-07T02:39:42.960 [pick_tool_node] RECEIVED push button pressed
2026-10-07T02:39:43.050 [motion_node] RECEIVED SetState request: TOOL_CHECK
2026-10-07T02:39:43.075 [motion_node] SENT state TOOL_CHECK: OK TOOL_CHECK
2026-10-07T02:39:43.328 [pick_tool_node] SENT state -> TOOL_CHECK
2026-10-07T02:39:50.363 [motion_node] RECEIVED SetState request: TOOL_MISSING
2026-10-07T02:39:50.434 [motion_node] SENT state TOOL_MISSING: OK TOOL_MISSING
2026-10-07T02:39:50.584 [pick_tool_node] SENT state -> TOOL_MISSING
2026-10-07T02:39:50.637 [pick_tool_node] SENT human notify: tool_missing: Tool "pencil" not detected. Place it and press the button.
2026-10-07T02:39:54.901 [draw_line_node] RECEIVED push button pressed
2026-10-07T02:39:54.934 [dispatch_node] RECEIVED push button pressed

2026-10-07T02:39:54.961 [motion_node] RECEIVED SetState request: TOOL_CHECK
2026-10-07T02:39:55.103 [mark_point_node] RECEIVED push button pressed
2026-10-07T02:39:55.126 [motion_node] SENT state TOOL_CHECK: OK TOOL_CHECK
2026-10-07T02:39:55.111 [draw_arc_node] RECEIVED push button pressed
2026-10-07T02:39:55.179 [pick_tool_node] SENT state -> TOOL_CHECK
2026-10-07T02:40:01.555 [motion_node] RECEIVED SetState request: TOOL_MISSING
2026-10-07T02:40:01.588 [motion_node] SENT state TOOL_MISSING: OK TOOL_MISSING
2026-10-07T02:40:01.655 [pick_tool_node] SENT state -> TOOL_MISSING
2026-10-07T02:40:01.707 [pick_tool_node] SENT human notify: tool_missing: Tool "pencil" not detected. Place it and press the button.
2026-10-07T02:40:19.031 [pick_tool_node] RECEIVED push button pressed
2026-10-07T02:40:19.054 [mark_point_node] RECEIVED push button pressed
2026-10-07T02:40:19.074 [draw_arc_node] RECEIVED push button pressed
2026-10-07T02:40:19.095 [motion_node] RECEIVED SetState request: TOOL_CHECK
2026-10-07T02:40:19.092 [draw_line_node] RECEIVED push button pressed
2026-10-07T02:40:19.132 [motion_node] SENT state TOOL_CHECK: OK TOOL_CHECK
2026-10-07T02:40:19.160 [pick_tool_node] SENT state -> TOOL_CHECK
2026-10-07T02:40:23.133 [motion_node] RECEIVED SetState request: CONFIRMED
2026-10-07T02:40:23.158 [motion_node] SENT state CONFIRMED: OK CONFIRMED
2026-10-07T02:40:23.350 [pick_tool_node] SENT state -> CONFIRMED
2026-10-07T02:40:29.401 [tool_state_node] RECEIVED SetHeldTool request: "pencil"
2026-10-07T02:40:29.896 [tool_state_node] SENT held tool changed: "" -> "pencil"
2026-10-07T02:40:30.112 [pick_tool_node] DOING [pickTool:pencil] step: standby
2026-10-07T02:40:30.412 [motion_node] RECEIVED SetState request: STANDBY
2026-10-07T02:40:30.507 [motion_node] SENT state STANDBY: OK STANDBY
2026-10-07T02:40:30.663 [pick_tool_node] SENT state -> STANDBY
2026-10-07T02:40:30.961 [dispatch_node] RECEIVED pick result: success=True message="holding "pencil""
2026-10-07T02:40:31.080 [dispatch_node] SENT completion for actionId=pick-0e3755ee source=robot result={'ok': True, 'action': 'pick', 'message': 'holding "pencil"'}
2026-10-07T02:41:07.716 [dispatch_node] RECEIVED actionId=mark-19db86bc source=robot pairId=mark-19db86bc pairSize=1 payload={'action': 'mark', 'point': [50.0, 148.2]}
2026-10-07T02:41:07.812 [dispatch_node] DOING routing robot action "mark"
2026-10-07T02:41:08.091 [dispatch_node] SENT mark goal: nexus_interfaces.action.MarkPoint_Goal(x_mm=50.0, y_mm=148.2)
2026-10-07T02:41:08.279 [screen_state_node] RECEIVED SetScreenState request: state="robot_mark_started" detail={"source": "robot", "payload": {"action": "mark", "point": [50.0, 148.2]}}
2026-10-07T02:41:08.416 [screen_state_node] SENT screen state -> robot_mark_started (display: "ROBOT MARK START")
2026-10-07T02:41:09.176 [mark_point_node] RECEIVED MarkPoint goal: (50.0, 148.1999969482422)
2026-10-07T02:41:09.245 [mark_point_node] DOING [markPoint] step: validating_tool
2026-10-07T02:41:10.017 [tool_state_node] RECEIVED GetHeldTool request
2026-10-07T02:41:10.044 [tool_state_node] SENT held tool: "pencil"
2026-10-07T02:41:10.364 [motion_node] RECEIVED SetState request: TOOL_CHECK
2026-10-07T02:41:10.419 [motion_node] SENT state TOOL_CHECK: OK TOOL_CHECK
2026-10-07T02:41:10.469 [mark_point_node] SENT state -> TOOL_CHECK
2026-10-07T02:41:18.861 [motion_node] RECEIVED SetState request: TOOL_MISSING
2026-10-07T02:41:18.892 [motion_node] SENT state TOOL_MISSING: OK TOOL_MISSING
2026-10-07T02:41:18.983 [mark_point_node] SENT state -> TOOL_MISSING
2026-10-07T02:41:19.099 [mark_point_node] SENT human notify: tool_missing: Tool "pencil" not detected. Place it and press the button.
2026-10-07T02:41:27.529 [dispatch_node] RECEIVED push button pressed
2026-10-07T02:41:27.572 [mark_point_node] RECEIVED push button pressed
2026-10-07T02:41:27.623 [motion_node] RECEIVED SetState request: TOOL_CHECK
2026-10-07T02:41:27.714 [pick_tool_node] RECEIVED push button pressed
2026-10-07T02:41:27.754 [motion_node] SENT state TOOL_CHECK: OK TOOL_CHECK
2026-10-07T02:41:27.841 [mark_point_node] SENT state -> TOOL_CHECK
2026-10-07T02:41:27.938 [draw_arc_node] RECEIVED push button pressed
2026-10-07T02:41:28.111 [draw_line_node] RECEIVED push button pressed
2026-10-07T02:41:32.183 [motion_node] RECEIVED SetState request: TOOL_MISSING
2026-10-07T02:41:32.211 [motion_node] SENT state TOOL_MISSING: OK TOOL_MISSING
2026-10-07T02:41:32.267 [mark_point_node] SENT state -> TOOL_MISSING
2026-10-07T02:41:32.288 [mark_point_node] SENT human notify: tool_missing: Tool "pencil" not detected. Place it and press the button.
2026-10-07T02:41:37.174 [mark_point_node] RECEIVED push button pressed
2026-10-07T02:41:37.194 [draw_line_node] RECEIVED push button pressed
2026-10-07T02:41:37.208 [dispatch_node] RECEIVED push button pressed
2026-10-07T02:41:37.220 [draw_arc_node] RECEIVED push button pressed
2026-10-07T02:41:37.285 [pick_tool_node] RECEIVED push button pressed
2026-10-07T02:41:37.336 [motion_node] RECEIVED SetState request: TOOL_CHECK
2026-10-07T02:41:37.388 [motion_node] SENT state TOOL_CHECK: OK TOOL_CHECK
2026-10-07T02:41:37.551 [mark_point_node] SENT state -> TOOL_CHECK
2026-10-07T02:41:41.804 [motion_node] RECEIVED SetState request: TOOL_MISSING
2026-10-07T02:41:41.836 [motion_node] SENT state TOOL_MISSING: OK TOOL_MISSING
2026-10-07T02:41:41.910 [mark_point_node] SENT state -> TOOL_MISSING
2026-10-07T02:41:41.948 [mark_point_node] SENT human notify: tool_missing: Tool "pencil" not detected. Place it and press the button.
2026-10-07T02:42:01.269 [pick_tool_node] RECEIVED push button pressed
2026-10-07T02:42:01.301 [dispatch_node] RECEIVED push button pressed
2026-10-07T02:42:01.303 [mark_point_node] RECEIVED push button pressed
2026-10-07T02:42:01.232 [draw_arc_node] RECEIVED push button pressed
2026-10-07T02:42:01.409 [motion_node] RECEIVED SetState request: TOOL_CHECK
2026-10-07T02:42:01.448 [motion_node] SENT state TOOL_CHECK: OK TOOL_CHECK
2026-10-07T02:42:01.565 [mark_point_node] SENT state -> TOOL_CHECK
2026-10-07T02:42:04.190 [motion_node] RECEIVED SetState request: CONFIRMED
2026-10-07T02:42:04.250 [motion_node] SENT state CONFIRMED: OK CONFIRMED
2026-10-07T02:42:04.295 [mark_point_node] SENT state -> CONFIRMED
2026-10-07T02:42:05.456 [mark_point_node] DOING [markPoint] step: validating_paper
2026-10-07T02:42:05.573 [motion_node] RECEIVED SetState request: GRID_CHECK
2026-10-07T02:42:05.630 [motion_node] SENT state GRID_CHECK: OK GRID_CHECK
2026-10-07T02:42:05.957 [mark_point_node] SENT state -> GRID_CHECK
2026-10-07T02:42:06.644 [grid_node] RECEIVED DetectPaper request: paper_size=A4
2026-10-07T02:42:06.694 [grid_node] DOING no matching paper rectangle currently in frame
2026-10-07T02:42:06.785 [motion_node] RECEIVED SetState request: PAPER_MISSING
2026-10-07T02:42:06.858 [motion_node] SENT state PAPER_MISSING: OK PAPER_MISSING
2026-10-07T02:42:06.921 [mark_point_node] SENT state -> PAPER_MISSING
2026-10-07T02:42:06.957 [mark_point_node] SENT human notify: paper_missing: Paper not detected. Place paper in view.
2026-10-07T02:42:07.501 [grid_node] RECEIVED DetectPaper request: paper_size=A4
2026-10-07T02:42:07.522 [grid_node] DOING no matching paper rectangle currently in frame
2026-10-07T02:42:08.147 [grid_node] RECEIVED DetectPaper request: paper_size=A4
2026-10-07T02:42:08.164 [grid_node] DOING no matching paper rectangle currently in frame
2026-10-07T02:42:08.756 [grid_node] RECEIVED DetectPaper request: paper_size=A4
2026-10-07T02:42:08.791 [grid_node] DOING no matching paper rectangle currently in frame
2026-10-07T02:42:09.328 [grid_node] RECEIVED DetectPaper request: paper_size=A4
2026-10-07T02:42:09.341 [grid_node] DOING no matching paper rectangle currently in frame
2026-10-07T02:42:09.896 [grid_node] RECEIVED DetectPaper request: paper_size=A4
2026-10-07T02:42:09.904 [grid_node] DOING no matching paper rectangle currently in frame
2026-10-07T02:42:10.471 [grid_node] RECEIVED DetectPaper request: paper_size=A4
2026-10-07T02:42:10.488 [grid_node] DOING no matching paper rectangle currently in frame
2026-10-07T02:42:11.057 [grid_node] RECEIVED DetectPaper request: paper_size=A4
2026-10-07T02:42:11.093 [grid_node] DOING no matching paper rectangle currently in frame
2026-10-07T02:42:11.650 [grid_node] RECEIVED DetectPaper request: paper_size=A4
2026-10-07T02:42:11.681 [grid_node] DOING no matching paper rectangle currently in frame
2026-10-07T02:42:12.248 [grid_node] RECEIVED DetectPaper request: paper_size=A4
2026-10-07T02:42:12.265 [grid_node] DOING no matching paper rectangle currently in frame
2026-10-07T02:42:12.802 [grid_node] RECEIVED DetectPaper request: paper_size=A4
2026-10-07T02:42:12.818 [grid_node] DOING no matching paper rectangle currently in frame
2026-10-07T02:42:13.392 [grid_node] RECEIVED DetectPaper request: paper_size=A4
2026-10-07T02:42:13.409 [grid_node] DOING no matching paper rectangle currently in frame
2026-10-07T02:42:13.969 [grid_node] RECEIVED DetectPaper request: paper_size=A4
2026-10-07T02:42:13.992 [grid_node] DOING no matching paper rectangle currently in frame
2026-10-07T02:42:14.537 [grid_node] RECEIVED DetectPaper request: paper_size=A4
2026-10-07T02:42:14.588 [grid_node] DOING no matching paper rectangle currently in frame
2026-10-07T02:42:15.158 [grid_node] RECEIVED DetectPaper request: paper_size=A4
2026-10-07T02:42:15.191 [grid_node] DOING no matching paper rectangle currently in frame
2026-10-07T02:42:15.801 [grid_node] RECEIVED DetectPaper request: paper_size=A4
2026-10-07T02:42:15.945 [grid_node] DOING no matching paper rectangle currently in frame
2026-10-07T02:42:17.637 [grid_node] RECEIVED DetectPaper request: paper_size=A4
2026-10-07T02:42:17.925 [grid_node] DOING no matching paper rectangle currently in frame
2026-10-07T02:42:20.217 [grid_node] RECEIVED DetectPaper request: paper_size=A4
2026-10-07T02:42:20.376 [grid_node] DOING no matching paper rectangle currently in frame
2026-10-07T02:42:21.303 [grid_node] RECEIVED DetectPaper request: paper_size=A4
2026-10-07T02:42:21.481 [grid_node] DOING no matching paper rectangle currently in frame
2026-10-07T02:42:22.646 [grid_node] RECEIVED DetectPaper request: paper_size=A4
2026-10-07T02:42:22.703 [grid_node] DOING no matching paper rectangle currently in frame
2026-10-07T02:42:23.356 [grid_node] RECEIVED DetectPaper request: paper_size=A4
2026-10-07T02:42:23.424 [grid_node] DOING no matching paper rectangle currently in frame
2026-10-07T02:42:24.357 [grid_node] RECEIVED DetectPaper request: paper_size=A4
2026-10-07T02:42:24.400 [grid_node] DOING no matching paper rectangle currently in frame
2026-10-07T02:42:25.147 [grid_node] RECEIVED DetectPaper request: paper_size=A4
2026-10-07T02:42:25.182 [grid_node] DOING no matching paper rectangle currently in frame
2026-10-07T02:42:26.027 [grid_node] RECEIVED DetectPaper request: paper_size=A4
2026-10-07T02:42:26.200 [grid_node] DOING no matching paper rectangle currently in frame
2026-10-07T02:42:26.992 [grid_node] RECEIVED DetectPaper request: paper_size=A4
2026-10-07T02:42:27.096 [grid_node] DOING no matching paper rectangle currently in frame
2026-10-07T02:42:27.710 [grid_node] RECEIVED DetectPaper request: paper_size=A4
2026-10-07T02:42:27.783 [grid_node] DOING no matching paper rectangle currently in frame
2026-10-07T02:42:28.473 [grid_node] RECEIVED DetectPaper request: paper_size=A4
2026-10-07T02:42:28.552 [grid_node] DOING no matching paper rectangle currently in frame
2026-10-07T02:42:29.228 [grid_node] RECEIVED DetectPaper request: paper_size=A4
2026-10-07T02:42:29.308 [grid_node] DOING no matching paper rectangle currently in frame
2026-10-07T02:42:30.019 [grid_node] RECEIVED DetectPaper request: paper_size=A4
2026-10-07T02:42:30.169 [grid_node] DOING no matching paper rectangle currently in frame
2026-10-07T02:42:30.702 [grid_node] RECEIVED DetectPaper request: paper_size=A4
2026-10-07T02:42:30.750 [grid_node] DOING no matching paper rectangle currently in frame
2026-10-07T02:42:31.371 [grid_node] RECEIVED DetectPaper request: paper_size=A4
2026-10-07T02:42:31.402 [grid_node] DOING no matching paper rectangle currently in frame
2026-10-07T02:42:31.999 [grid_node] RECEIVED DetectPaper request: paper_size=A4
2026-10-07T02:42:32.027 [grid_node] DOING no matching paper rectangle currently in frame
2026-10-07T02:42:32.605 [grid_node] RECEIVED DetectPaper request: paper_size=A4
2026-10-07T02:42:32.652 [grid_node] DOING no matching paper rectangle currently in frame
2026-10-07T02:42:33.216 [grid_node] RECEIVED DetectPaper request: paper_size=A4
2026-10-07T02:42:33.265 [grid_node] DOING no matching paper rectangle currently in frame
2026-10-07T02:42:33.851 [grid_node] RECEIVED DetectPaper request: paper_size=A4
2026-10-07T02:42:33.877 [grid_node] DOING no matching paper rectangle currently in frame
2026-10-07T02:42:34.466 [grid_node] RECEIVED DetectPaper request: paper_size=A4
2026-10-07T02:42:34.481 [grid_node] DOING no matching paper rectangle currently in frame
2026-10-07T02:42:35.272 [grid_node] RECEIVED DetectPaper request: paper_size=A4
2026-10-07T02:42:35.405 [grid_node] DOING no matching paper rectangle currently in frame
2026-10-07T02:42:36.345 [grid_node] RECEIVED DetectPaper request: paper_size=A4
2026-10-07T02:42:36.403 [grid_node] DOING no matching paper rectangle currently in frame
2026-10-07T02:42:37.382 [grid_node] RECEIVED DetectPaper request: paper_size=A4
2026-10-07T02:42:37.550 [grid_node] DOING no matching paper rectangle currently in frame
2026-10-07T02:42:38.162 [grid_node] RECEIVED DetectPaper request: paper_size=A4
2026-10-07T02:42:38.194 [grid_node] DOING no matching paper rectangle currently in frame
2026-10-07T02:42:38.773 [grid_node] RECEIVED DetectPaper request: paper_size=A4
2026-10-07T02:42:38.806 [grid_node] DOING no matching paper rectangle currently in frame
2026-10-07T02:42:39.412 [grid_node] RECEIVED DetectPaper request: paper_size=A4
2026-10-07T02:42:39.514 [grid_node] DOING no matching paper rectangle currently in frame
2026-10-07T02:42:40.142 [grid_node] RECEIVED DetectPaper request: paper_size=A4
2026-10-07T02:42:40.188 [grid_node] DOING no matching paper rectangle currently in frame
2026-10-07T02:42:40.755 [grid_node] RECEIVED DetectPaper request: paper_size=A4
2026-10-07T02:42:40.772 [grid_node] DOING no matching paper rectangle currently in frame
2026-10-07T02:42:41.366 [grid_node] RECEIVED DetectPaper request: paper_size=A4
2026-10-07T02:42:41.412 [grid_node] DOING no matching paper rectangle currently in frame
2026-10-07T02:42:41.969 [grid_node] RECEIVED DetectPaper request: paper_size=A4
2026-10-07T02:42:41.989 [grid_node] DOING no matching paper rectangle currently in frame
2026-10-07T02:42:42.562 [grid_node] RECEIVED DetectPaper request: paper_size=A4
2026-10-07T02:42:42.614 [grid_node] DOING no matching paper rectangle currently in frame
2026-10-07T02:42:43.220 [grid_node] RECEIVED DetectPaper request: paper_size=A4
2026-10-07T02:42:43.247 [grid_node] DOING no matching paper rectangle currently in frame
2026-10-07T02:42:43.866 [grid_node] RECEIVED DetectPaper request: paper_size=A4
2026-10-07T02:42:43.883 [grid_node] DOING no matching paper rectangle currently in frame
2026-10-07T02:42:44.497 [grid_node] RECEIVED DetectPaper request: paper_size=A4
2026-10-07T02:42:44.533 [grid_node] DOING no matching paper rectangle currently in frame
2026-10-07T02:42:45.136 [grid_node] RECEIVED DetectPaper request: paper_size=A4
2026-10-07T02:42:45.145 [grid_node] DOING no matching paper rectangle currently in frame
2026-10-07T02:42:45.798 [grid_node] RECEIVED DetectPaper request: paper_size=A4
2026-10-07T02:42:45.871 [grid_node] DOING no matching paper rectangle currently in frame
2026-10-07T02:42:46.521 [grid_node] RECEIVED DetectPaper request: paper_size=A4
2026-10-07T02:42:46.537 [grid_node] DOING no matching paper rectangle currently in frame
2026-10-07T02:42:47.145 [grid_node] RECEIVED DetectPaper request: paper_size=A4
2026-10-07T02:42:47.320 [grid_node] DOING no matching paper rectangle currently in frame
2026-10-07T02:42:47.869 [grid_node] RECEIVED DetectPaper request: paper_size=A4
2026-10-07T02:42:47.920 [grid_node] DOING no matching paper rectangle currently in frame
2026-10-07T02:42:48.490 [grid_node] RECEIVED DetectPaper request: paper_size=A4
2026-10-07T02:42:48.546 [grid_node] DOING no matching paper rectangle currently in frame
2026-10-07T02:42:49.199 [grid_node] RECEIVED DetectPaper request: paper_size=A4
2026-10-07T02:42:49.220 [grid_node] DOING no matching paper rectangle currently in frame
2026-10-07T02:42:49.945 [grid_node] RECEIVED DetectPaper request: paper_size=A4
2026-10-07T02:42:49.971 [grid_node] DOING no matching paper rectangle currently in frame
2026-10-07T02:42:50.541 [grid_node] RECEIVED DetectPaper request: paper_size=A4
2026-10-07T02:42:50.564 [grid_node] DOING no matching paper rectangle currently in frame
2026-10-07T02:42:51.162 [grid_node] RECEIVED DetectPaper request: paper_size=A4
2026-10-07T02:42:51.170 [grid_node] DOING no matching paper rectangle currently in frame
2026-10-07T02:42:51.761 [grid_node] RECEIVED DetectPaper request: paper_size=A4
2026-10-07T02:42:51.786 [grid_node] DOING no matching paper rectangle currently in frame
2026-10-07T02:42:52.398 [grid_node] RECEIVED DetectPaper request: paper_size=A4
2026-10-07T02:42:52.427 [grid_node] DOING no matching paper rectangle currently in frame
2026-10-07T02:42:52.971 [grid_node] RECEIVED DetectPaper request: paper_size=A4
2026-10-07T02:42:53.001 [grid_node] DOING no matching paper rectangle currently in frame
2026-10-07T02:42:53.569 [grid_node] RECEIVED DetectPaper request: paper_size=A4
2026-10-07T02:42:53.614 [grid_node] DOING no matching paper rectangle currently in frame
2026-10-07T02:42:54.209 [grid_node] RECEIVED DetectPaper request: paper_size=A4
2026-10-07T02:42:54.227 [grid_node] DOING no matching paper rectangle currently in frame
2026-10-07T02:42:54.782 [grid_node] RECEIVED DetectPaper request: paper_size=A4
2026-10-07T02:42:54.813 [grid_node] DOING no matching paper rectangle currently in frame
2026-10-07T02:42:55.391 [grid_node] RECEIVED DetectPaper request: paper_size=A4
2026-10-07T02:42:55.410 [grid_node] DOING no matching paper rectangle currently in frame
2026-10-07T02:42:56.405 [grid_node] RECEIVED DetectPaper request: paper_size=A4
2026-10-07T02:42:56.658 [grid_node] DOING no matching paper rectangle currently in frame
2026-10-07T02:42:57.270 [grid_node] RECEIVED DetectPaper request: paper_size=A4
2026-10-07T02:42:57.291 [grid_node] DOING no matching paper rectangle currently in frame
2026-10-07T02:42:58.047 [grid_node] RECEIVED DetectPaper request: paper_size=A4
2026-10-07T02:42:58.080 [grid_node] DOING no matching paper rectangle currently in frame
2026-10-07T02:42:58.720 [grid_node] RECEIVED DetectPaper request: paper_size=A4
2026-10-07T02:42:58.757 [grid_node] DOING no matching paper rectangle currently in frame
2026-10-07T02:42:59.368 [grid_node] RECEIVED DetectPaper request: paper_size=A4
2026-10-07T02:42:59.388 [grid_node] DOING no matching paper rectangle currently in frame
2026-10-07T02:42:59.948 [grid_node] RECEIVED DetectPaper request: paper_size=A4
2026-10-07T02:42:59.972 [grid_node] DOING no matching paper rectangle currently in frame
2026-10-07T02:43:00.588 [grid_node] RECEIVED DetectPaper request: paper_size=A4
2026-10-07T02:43:00.608 [grid_node] DOING no matching paper rectangle currently in frame
2026-10-07T02:43:01.152 [grid_node] RECEIVED DetectPaper request: paper_size=A4
2026-10-07T02:43:01.165 [grid_node] DOING no matching paper rectangle currently in frame
2026-10-07T02:43:01.772 [grid_node] RECEIVED DetectPaper request: paper_size=A4
2026-10-07T02:43:01.812 [grid_node] DOING no matching paper rectangle currently in frame
2026-10-07T02:43:02.387 [grid_node] RECEIVED DetectPaper request: paper_size=A4
2026-10-07T02:43:02.409 [grid_node] DOING no matching paper rectangle currently in frame
2026-10-07T02:43:02.958 [grid_node] RECEIVED DetectPaper request: paper_size=A4
2026-10-07T02:43:02.973 [grid_node] DOING no matching paper rectangle currently in frame
2026-10-07T02:43:03.566 [grid_node] RECEIVED DetectPaper request: paper_size=A4
2026-10-07T02:43:03.606 [grid_node] DOING no matching paper rectangle currently in frame
2026-10-07T02:43:04.154 [grid_node] RECEIVED DetectPaper request: paper_size=A4
2026-10-07T02:43:04.183 [grid_node] DOING no matching paper rectangle currently in frame
2026-10-07T02:43:04.755 [grid_node] RECEIVED DetectPaper request: paper_size=A4
2026-10-07T02:43:04.809 [grid_node] DOING no matching paper rectangle currently in frame
2026-10-07T02:43:05.352 [grid_node] RECEIVED DetectPaper request: paper_size=A4
2026-10-07T02:43:05.378 [grid_node] DOING no matching paper rectangle currently in frame
2026-10-07T02:43:06.046 [grid_node] RECEIVED DetectPaper request: paper_size=A4
2026-10-07T02:43:06.159 [grid_node] DOING no matching paper rectangle currently in frame
2026-10-07T02:43:06.845 [grid_node] RECEIVED DetectPaper request: paper_size=A4
2026-10-07T02:43:06.864 [grid_node] DOING no matching paper rectangle currently in frame
2026-10-07T02:43:07.458 [grid_node] RECEIVED DetectPaper request: paper_size=A4
2026-10-07T02:43:07.477 [grid_node] DOING no matching paper rectangle currently in frame
2026-10-07T02:43:08.377 [grid_node] RECEIVED DetectPaper request: paper_size=A4
2026-10-07T02:43:08.395 [grid_node] DOING no matching paper rectangle currently in frame
2026-10-07T02:43:08.963 [grid_node] RECEIVED DetectPaper request: paper_size=A4
2026-10-07T02:43:08.993 [grid_node] DOING no matching paper rectangle currently in frame
2026-10-07T02:43:09.572 [grid_node] RECEIVED DetectPaper request: paper_size=A4
2026-10-07T02:43:09.622 [grid_node] DOING no matching paper rectangle currently in frame
2026-10-07T02:43:10.183 [grid_node] RECEIVED DetectPaper request: paper_size=A4
2026-10-07T02:43:10.258 [grid_node] DOING no matching paper rectangle currently in frame
2026-10-07T02:43:10.825 [grid_node] RECEIVED DetectPaper request: paper_size=A4
2026-10-07T02:43:10.842 [grid_node] DOING no matching paper rectangle currently in frame
2026-10-07T02:43:11.436 [grid_node] RECEIVED DetectPaper request: paper_size=A4
2026-10-07T02:43:11.446 [grid_node] DOING no matching paper rectangle currently in frame
2026-10-07T02:43:12.023 [grid_node] RECEIVED DetectPaper request: paper_size=A4
2026-10-07T02:43:12.050 [grid_node] DOING no matching paper rectangle currently in frame
2026-10-07T02:43:12.613 [grid_node] RECEIVED DetectPaper request: paper_size=A4
2026-10-07T02:43:12.630 [grid_node] DOING no matching paper rectangle currently in frame
2026-10-07T02:43:13.208 [grid_node] RECEIVED DetectPaper request: paper_size=A4
2026-10-07T02:43:13.227 [grid_node] DOING no matching paper rectangle currently in frame
2026-10-07T02:43:13.815 [grid_node] RECEIVED DetectPaper request: paper_size=A4
2026-10-07T02:43:13.843 [grid_node] DOING no matching paper rectangle currently in frame
2026-10-07T02:43:14.433 [grid_node] RECEIVED DetectPaper request: paper_size=A4
2026-10-07T02:43:14.472 [grid_node] DOING no matching paper rectangle currently in frame
2026-10-07T02:43:15.119 [grid_node] RECEIVED DetectPaper request: paper_size=A4
2026-10-07T02:43:15.135 [grid_node] DOING no matching paper rectangle currently in frame
2026-10-07T02:43:15.733 [grid_node] RECEIVED DetectPaper request: paper_size=A4
2026-10-07T02:43:15.880 [grid_node] DOING no matching paper rectangle currently in frame
2026-10-07T02:43:16.597 [grid_node] RECEIVED DetectPaper request: paper_size=A4
2026-10-07T02:43:16.621 [grid_node] DOING no matching paper rectangle currently in frame
2026-10-07T02:43:17.292 [grid_node] RECEIVED DetectPaper request: paper_size=A4
2026-10-07T02:43:17.315 [grid_node] DOING no matching paper rectangle currently in frame
2026-10-07T02:43:17.955 [grid_node] RECEIVED DetectPaper request: paper_size=A4
2026-10-07T02:43:18.115 [grid_node] DOING no matching paper rectangle currently in frame
2026-10-07T02:43:18.791 [grid_node] RECEIVED DetectPaper request: paper_size=A4
2026-10-07T02:43:18.838 [grid_node] DOING no matching paper rectangle currently in frame
2026-10-07T02:43:19.475 [grid_node] RECEIVED DetectPaper request: paper_size=A4
2026-10-07T02:43:19.533 [grid_node] DOING no matching paper rectangle currently in frame
2026-10-07T02:43:20.149 [grid_node] RECEIVED DetectPaper request: paper_size=A4
2026-10-07T02:43:20.170 [grid_node] DOING no matching paper rectangle currently in frame
2026-10-07T02:43:20.765 [grid_node] RECEIVED DetectPaper request: paper_size=A4
2026-10-07T02:43:20.799 [grid_node] DOING no matching paper rectangle currently in frame
2026-10-07T02:43:21.374 [grid_node] RECEIVED DetectPaper request: paper_size=A4
2026-10-07T02:43:21.400 [grid_node] DOING no matching paper rectangle currently in frame
2026-10-07T02:43:21.983 [grid_node] RECEIVED DetectPaper request: paper_size=A4
2026-10-07T02:43:22.002 [grid_node] DOING no matching paper rectangle currently in frame
2026-10-07T02:43:22.665 [grid_node] RECEIVED DetectPaper request: paper_size=A4
2026-10-07T02:43:22.734 [grid_node] DOING no matching paper rectangle currently in frame
2026-10-07T02:43:23.302 [grid_node] RECEIVED DetectPaper request: paper_size=A4
2026-10-07T02:43:23.334 [grid_node] DOING no matching paper rectangle currently in frame
2026-10-07T02:43:23.916 [grid_node] RECEIVED DetectPaper request: paper_size=A4
2026-10-07T02:43:23.943 [grid_node] DOING no matching paper rectangle currently in frame
2026-10-07T02:43:24.500 [grid_node] RECEIVED DetectPaper request: paper_size=A4
2026-10-07T02:43:24.538 [grid_node] DOING no matching paper rectangle currently in frame
2026-10-07T02:43:25.126 [grid_node] RECEIVED DetectPaper request: paper_size=A4
2026-10-07T02:43:25.205 [grid_node] DOING no matching paper rectangle currently in frame
2026-10-07T02:43:25.942 [grid_node] RECEIVED DetectPaper request: paper_size=A4
2026-10-07T02:43:26.017 [grid_node] DOING no matching paper rectangle currently in frame
2026-10-07T02:43:26.640 [grid_node] RECEIVED DetectPaper request: paper_size=A4
2026-10-07T02:43:26.663 [grid_node] DOING no matching paper rectangle currently in frame
2026-10-07T02:43:27.279 [grid_node] RECEIVED DetectPaper request: paper_size=A4
2026-10-07T02:43:27.308 [grid_node] DOING no matching paper rectangle currently in frame
2026-10-07T02:43:27.870 [grid_node] RECEIVED DetectPaper request: paper_size=A4
2026-10-07T02:43:27.940 [grid_node] DOING no matching paper rectangle currently in frame
2026-10-07T02:43:28.497 [grid_node] RECEIVED DetectPaper request: paper_size=A4
2026-10-07T02:43:28.512 [grid_node] DOING no matching paper rectangle currently in frame
2026-10-07T02:43:29.075 [grid_node] RECEIVED DetectPaper request: paper_size=A4
2026-10-07T02:43:29.104 [grid_node] DOING no matching paper rectangle currently in frame
2026-10-07T02:43:29.719 [grid_node] RECEIVED DetectPaper request: paper_size=A4
2026-10-07T02:43:29.751 [grid_node] DOING no matching paper rectangle currently in frame
2026-10-07T02:43:30.324 [grid_node] RECEIVED DetectPaper request: paper_size=A4
2026-10-07T02:43:30.414 [grid_node] DOING no matching paper rectangle currently in frame
2026-10-07T02:43:31.054 [grid_node] RECEIVED DetectPaper request: paper_size=A4
2026-10-07T02:43:31.067 [grid_node] DOING no matching paper rectangle currently in frame
2026-10-07T02:43:31.637 [grid_node] RECEIVED DetectPaper request: paper_size=A4
2026-10-07T02:43:31.663 [grid_node] DOING no matching paper rectangle currently in frame
2026-10-07T02:43:32.260 [grid_node] RECEIVED DetectPaper request: paper_size=A4
2026-10-07T02:43:32.275 [grid_node] DOING no matching paper rectangle currently in frame
2026-10-07T02:43:32.847 [grid_node] RECEIVED DetectPaper request: paper_size=A4
2026-10-07T02:43:32.859 [grid_node] DOING no matching paper rectangle currently in frame
2026-10-07T02:43:33.463 [grid_node] RECEIVED DetectPaper request: paper_size=A4
2026-10-07T02:43:33.498 [grid_node] DOING no matching paper rectangle currently in frame
2026-10-07T02:43:34.043 [grid_node] RECEIVED DetectPaper request: paper_size=A4
2026-10-07T02:43:34.065 [grid_node] DOING no matching paper rectangle currently in frame
2026-10-07T02:43:34.629 [grid_node] RECEIVED DetectPaper request: paper_size=A4
2026-10-07T02:43:34.666 [grid_node] DOING no matching paper rectangle currently in frame
2026-10-07T02:43:35.241 [grid_node] RECEIVED DetectPaper request: paper_size=A4
2026-10-07T02:43:35.273 [grid_node] DOING no matching paper rectangle currently in frame
2026-10-07T02:43:35.871 [grid_node] RECEIVED DetectPaper request: paper_size=A4
2026-10-07T02:43:35.992 [grid_node] DOING no matching paper rectangle currently in frame
2026-10-07T02:43:36.704 [grid_node] RECEIVED DetectPaper request: paper_size=A4
2026-10-07T02:43:36.715 [grid_node] DOING no matching paper rectangle currently in frame
2026-10-07T02:43:37.293 [grid_node] RECEIVED DetectPaper request: paper_size=A4
2026-10-07T02:43:37.319 [grid_node] DOING no matching paper rectangle currently in frame
2026-10-07T02:43:37.879 [grid_node] RECEIVED DetectPaper request: paper_size=A4
2026-10-07T02:43:37.901 [grid_node] DOING no matching paper rectangle currently in frame
2026-10-07T02:43:38.464 [grid_node] RECEIVED DetectPaper request: paper_size=A4
2026-10-07T02:43:38.498 [grid_node] DOING no matching paper rectangle currently in frame
2026-10-07T02:43:39.052 [grid_node] RECEIVED DetectPaper request: paper_size=A4
2026-10-07T02:43:39.098 [grid_node] DOING no matching paper rectangle currently in frame
2026-10-07T02:43:39.719 [grid_node] RECEIVED DetectPaper request: paper_size=A4
2026-10-07T02:43:39.733 [grid_node] DOING no matching paper rectangle currently in frame
2026-10-07T02:43:40.295 [grid_node] RECEIVED DetectPaper request: paper_size=A4
2026-10-07T02:43:40.310 [grid_node] DOING no matching paper rectangle currently in frame
2026-10-07T02:43:40.891 [grid_node] RECEIVED DetectPaper request: paper_size=A4
2026-10-07T02:43:40.920 [grid_node] DOING no matching paper rectangle currently in frame
2026-10-07T02:43:41.483 [grid_node] RECEIVED DetectPaper request: paper_size=A4
2026-10-07T02:43:41.500 [grid_node] DOING no matching paper rectangle currently in frame
2026-10-07T02:43:42.104 [grid_node] RECEIVED DetectPaper request: paper_size=A4
2026-10-07T02:43:42.132 [grid_node] DOING no matching paper rectangle currently in frame
2026-10-07T02:43:42.694 [grid_node] RECEIVED DetectPaper request: paper_size=A4
2026-10-07T02:43:42.731 [grid_node] DOING no matching paper rectangle currently in frame
2026-10-07T02:43:43.304 [grid_node] RECEIVED DetectPaper request: paper_size=A4
2026-10-07T02:43:43.351 [grid_node] DOING no matching paper rectangle currently in frame
2026-10-07T02:43:43.917 [grid_node] RECEIVED DetectPaper request: paper_size=A4
2026-10-07T02:43:43.941 [grid_node] DOING no matching paper rectangle currently in frame
2026-10-07T02:43:44.486 [grid_node] RECEIVED DetectPaper request: paper_size=A4
2026-10-07T02:43:44.513 [grid_node] DOING no matching paper rectangle currently in frame
2026-10-07T02:43:45.074 [grid_node] RECEIVED DetectPaper request: paper_size=A4
2026-10-07T02:43:45.099 [grid_node] DOING no matching paper rectangle currently in frame
2026-10-07T02:43:45.766 [grid_node] RECEIVED DetectPaper request: paper_size=A4
2026-10-07T02:43:46.046 [grid_node] DOING no matching paper rectangle currently in frame
2026-10-07T02:43:46.744 [grid_node] RECEIVED DetectPaper request: paper_size=A4
2026-10-07T02:43:46.763 [grid_node] DOING no matching paper rectangle currently in frame
2026-10-07T02:43:47.317 [grid_node] RECEIVED DetectPaper request: paper_size=A4
2026-10-07T02:43:47.362 [grid_node] DOING no matching paper rectangle currently in frame
2026-10-07T02:43:47.960 [grid_node] RECEIVED DetectPaper request: paper_size=A4
2026-10-07T02:43:48.039 [grid_node] DOING no matching paper rectangle currently in frame
2026-10-07T02:43:48.583 [grid_node] RECEIVED DetectPaper request: paper_size=A4
2026-10-07T02:43:48.614 [grid_node] DOING no matching paper rectangle currently in frame
2026-10-07T02:43:49.238 [grid_node] RECEIVED DetectPaper request: paper_size=A4
2026-10-07T02:43:49.264 [grid_node] DOING no matching paper rectangle currently in frame
2026-10-07T02:43:49.860 [grid_node] RECEIVED DetectPaper request: paper_size=A4
2026-10-07T02:43:49.884 [grid_node] DOING no matching paper rectangle currently in frame
2026-10-07T02:43:50.450 [grid_node] RECEIVED DetectPaper request: paper_size=A4
2026-10-07T02:43:50.481 [grid_node] DOING no matching paper rectangle currently in frame
2026-10-07T02:43:51.054 [grid_node] RECEIVED DetectPaper request: paper_size=A4
2026-10-07T02:43:51.081 [grid_node] DOING no matching paper rectangle currently in frame
2026-10-07T02:43:51.631 [grid_node] RECEIVED DetectPaper request: paper_size=A4
2026-10-07T02:43:51.650 [grid_node] DOING no matching paper rectangle currently in frame
2026-10-07T02:43:52.214 [grid_node] RECEIVED DetectPaper request: paper_size=A4
2026-10-07T02:43:52.229 [grid_node] DOING no matching paper rectangle currently in frame
2026-10-07T02:43:52.776 [grid_node] RECEIVED DetectPaper request: paper_size=A4
2026-10-07T02:43:52.814 [grid_node] DOING no matching paper rectangle currently in frame
2026-10-07T02:43:53.396 [grid_node] RECEIVED DetectPaper request: paper_size=A4
2026-10-07T02:43:53.410 [grid_node] DOING no matching paper rectangle currently in frame
2026-10-07T02:43:53.954 [grid_node] RECEIVED DetectPaper request: paper_size=A4
2026-10-07T02:43:54.057 [grid_node] DOING no matching paper rectangle currently in frame
2026-10-07T02:43:54.650 [grid_node] RECEIVED DetectPaper request: paper_size=A4
2026-10-07T02:43:54.662 [grid_node] DOING no matching paper rectangle currently in frame
2026-10-07T02:43:55.255 [grid_node] RECEIVED DetectPaper request: paper_size=A4
2026-10-07T02:43:55.295 [grid_node] DOING no matching paper rectangle currently in frame
2026-10-07T02:43:55.876 [grid_node] RECEIVED DetectPaper request: paper_size=A4
2026-10-07T02:43:56.056 [grid_node] DOING no matching paper rectangle currently in frame
2026-10-07T02:43:56.977 [grid_node] RECEIVED DetectPaper request: paper_size=A4
2026-10-07T02:43:56.990 [grid_node] DOING no matching paper rectangle currently in frame
2026-10-07T02:43:57.665 [grid_node] RECEIVED DetectPaper request: paper_size=A4
2026-10-07T02:43:57.684 [grid_node] DOING no matching paper rectangle currently in frame
2026-10-07T02:43:58.333 [grid_node] RECEIVED DetectPaper request: paper_size=A4
2026-10-07T02:43:58.412 [grid_node] DOING no matching paper rectangle currently in frame
2026-10-07T02:43:59.005 [grid_node] RECEIVED DetectPaper request: paper_size=A4
2026-10-07T02:43:59.024 [grid_node] DOING no matching paper rectangle currently in frame
2026-10-07T02:43:59.618 [grid_node] RECEIVED DetectPaper request: paper_size=A4
2026-10-07T02:43:59.652 [grid_node] DOING no matching paper rectangle currently in frame
2026-10-07T02:44:00.206 [grid_node] RECEIVED DetectPaper request: paper_size=A4
2026-10-07T02:44:00.231 [grid_node] DOING no matching paper rectangle currently in frame
2026-10-07T02:44:00.832 [grid_node] RECEIVED DetectPaper request: paper_size=A4
2026-10-07T02:44:00.857 [grid_node] DOING no matching paper rectangle currently in frame
2026-10-07T02:44:01.444 [grid_node] RECEIVED DetectPaper request: paper_size=A4
2026-10-07T02:44:01.494 [grid_node] DOING no matching paper rectangle currently in frame
2026-10-07T02:44:02.151 [grid_node] RECEIVED DetectPaper request: paper_size=A4
2026-10-07T02:44:02.179 [grid_node] DOING no matching paper rectangle currently in frame
2026-10-07T02:44:02.737 [grid_node] RECEIVED DetectPaper request: paper_size=A4
2026-10-07T02:44:02.774 [grid_node] DOING no matching paper rectangle currently in frame
2026-10-07T02:44:03.331 [grid_node] RECEIVED DetectPaper request: paper_size=A4
2026-10-07T02:44:03.355 [grid_node] DOING no matching paper rectangle currently in frame
2026-10-07T02:44:03.909 [grid_node] RECEIVED DetectPaper request: paper_size=A4
2026-10-07T02:44:03.952 [grid_node] DOING no matching paper rectangle currently in frame
2026-10-07T02:44:04.501 [grid_node] RECEIVED DetectPaper request: paper_size=A4
2026-10-07T02:44:04.562 [grid_node] DOING no matching paper rectangle currently in frame
2026-10-07T02:44:05.111 [grid_node] RECEIVED DetectPaper request: paper_size=A4
2026-10-07T02:44:05.132 [grid_node] DOING no matching paper rectangle currently in frame
2026-10-07T02:44:05.715 [grid_node] RECEIVED DetectPaper request: paper_size=A4
2026-10-07T02:44:05.752 [grid_node] DOING no matching paper rectangle currently in frame
2026-10-07T02:44:06.667 [grid_node] RECEIVED DetectPaper request: paper_size=A4
2026-10-07T02:44:06.700 [grid_node] DOING no matching paper rectangle currently in frame
2026-10-07T02:44:07.264 [grid_node] RECEIVED DetectPaper request: paper_size=A4
2026-10-07T02:44:07.280 [grid_node] DOING no matching paper rectangle currently in frame
2026-10-07T02:44:07.890 [grid_node] RECEIVED DetectPaper request: paper_size=A4
2026-10-07T02:44:07.936 [grid_node] DOING no matching paper rectangle currently in frame
2026-10-07T02:44:08.640 [grid_node] RECEIVED DetectPaper request: paper_size=A4
2026-10-07T02:44:08.663 [grid_node] DOING no matching paper rectangle currently in frame
2026-10-07T02:44:09.290 [grid_node] RECEIVED DetectPaper request: paper_size=A4
2026-10-07T02:44:09.317 [grid_node] DOING no matching paper rectangle currently in frame
2026-10-07T02:44:09.877 [grid_node] RECEIVED DetectPaper request: paper_size=A4
2026-10-07T02:44:09.915 [grid_node] DOING no matching paper rectangle currently in frame
2026-10-07T02:44:10.458 [grid_node] RECEIVED DetectPaper request: paper_size=A4
2026-10-07T02:44:10.476 [grid_node] DOING no matching paper rectangle currently in frame
2026-10-07T02:44:11.070 [grid_node] RECEIVED DetectPaper request: paper_size=A4
2026-10-07T02:44:11.104 [grid_node] DOING no matching paper rectangle currently in frame
2026-10-07T02:44:11.689 [grid_node] RECEIVED DetectPaper request: paper_size=A4
2026-10-07T02:44:11.733 [grid_node] DOING no matching paper rectangle currently in frame
2026-10-07T02:44:12.319 [grid_node] RECEIVED DetectPaper request: paper_size=A4
2026-10-07T02:44:12.328 [grid_node] DOING no matching paper rectangle currently in frame
2026-10-07T02:44:12.975 [grid_node] RECEIVED DetectPaper request: paper_size=A4
2026-10-07T02:44:13.683 [grid_node] SENT paper detected and matched
2026-10-07T02:44:13.954 [motion_node] RECEIVED SetState request: GRID_CHECK
2026-10-07T02:44:14.036 [motion_node] SENT state GRID_CHECK: OK GRID_CHECK
2026-10-07T02:44:14.176 [mark_point_node] SENT state -> GRID_CHECK
2026-10-07T02:44:19.285 [grid_node] RECEIVED DetectPaper request: paper_size=A4
2026-10-07T02:44:19.332 [grid_node] DOING no matching paper rectangle currently in frame
2026-10-07T02:44:19.396 [grid_node] RECEIVED DetectPaper request: paper_size=A4
2026-10-07T02:44:19.417 [grid_node] DOING no matching paper rectangle currently in frame
2026-10-07T02:44:19.498 [motion_node] RECEIVED SetState request: PAPER_MISSING
2026-10-07T02:44:19.531 [motion_node] SENT state PAPER_MISSING: OK PAPER_MISSING
2026-10-07T02:44:19.714 [mark_point_node] SENT state -> PAPER_MISSING
2026-10-07T02:44:19.804 [mark_point_node] SENT human notify: paper_missing: Paper not detected. Place paper in view.
2026-10-07T02:44:20.390 [grid_node] RECEIVED DetectPaper request: paper_size=A4
2026-10-07T02:44:20.420 [grid_node] DOING no matching paper rectangle currently in frame
2026-10-07T02:44:20.990 [grid_node] RECEIVED DetectPaper request: paper_size=A4
2026-10-07T02:44:21.018 [grid_node] DOING no matching paper rectangle currently in frame
2026-10-07T02:44:21.623 [grid_node] RECEIVED DetectPaper request: paper_size=A4
2026-10-07T02:44:21.635 [grid_node] DOING no matching paper rectangle currently in frame
2026-10-07T02:44:22.196 [grid_node] RECEIVED DetectPaper request: paper_size=A4
2026-10-07T02:44:22.212 [grid_node] DOING no matching paper rectangle currently in frame
2026-10-07T02:44:22.761 [grid_node] RECEIVED DetectPaper request: paper_size=A4
2026-10-07T02:44:22.801 [grid_node] DOING no matching paper rectangle currently in frame
2026-10-07T02:44:23.351 [grid_node] RECEIVED DetectPaper request: paper_size=A4
2026-10-07T02:44:23.394 [grid_node] DOING no matching paper rectangle currently in frame
2026-10-07T02:44:23.954 [grid_node] RECEIVED DetectPaper request: paper_size=A4
2026-10-07T02:44:23.980 [grid_node] DOING no matching paper rectangle currently in frame
2026-10-07T02:44:24.583 [grid_node] RECEIVED DetectPaper request: paper_size=A4
2026-10-07T02:44:24.630 [grid_node] DOING no matching paper rectangle currently in frame
2026-10-07T02:44:25.161 [grid_node] RECEIVED DetectPaper request: paper_size=A4
2026-10-07T02:44:25.179 [grid_node] DOING no matching paper rectangle currently in frame
2026-10-07T02:44:25.729 [grid_node] RECEIVED DetectPaper request: paper_size=A4
2026-10-07T02:44:25.755 [grid_node] DOING no matching paper rectangle currently in frame
2026-10-07T02:44:26.671 [grid_node] RECEIVED DetectPaper request: paper_size=A4
2026-10-07T02:44:26.700 [grid_node] DOING no matching paper rectangle currently in frame
2026-10-07T02:44:27.234 [grid_node] RECEIVED DetectPaper request: paper_size=A4
2026-10-07T02:44:27.254 [grid_node] SENT paper detected and matched
2026-10-07T02:44:27.329 [motion_node] RECEIVED SetState request: GRID_CHECK
2026-10-07T02:44:27.373 [motion_node] SENT state GRID_CHECK: OK GRID_CHECK
2026-10-07T02:44:27.434 [mark_point_node] SENT state -> GRID_CHECK
2026-10-07T02:44:32.749 [grid_node] RECEIVED DetectPaper request: paper_size=A4
2026-10-07T02:44:32.876 [grid_node] DOING no matching paper rectangle currently in frame
2026-10-07T02:44:33.797 [grid_node] RECEIVED DetectPaper request: paper_size=A4
2026-10-07T02:44:34.281 [grid_node] DOING no matching paper rectangle currently in frame
2026-10-07T02:44:34.946 [motion_node] RECEIVED SetState request: PAPER_MISSING
2026-10-07T02:44:35.026 [motion_node] SENT state PAPER_MISSING: OK PAPER_MISSING
2026-10-07T02:44:35.175 [mark_point_node] SENT state -> PAPER_MISSING
2026-10-07T02:44:35.198 [mark_point_node] SENT human notify: paper_missing: Paper not detected. Place paper in view.
2026-10-07T02:44:35.842 [grid_node] RECEIVED DetectPaper request: paper_size=A4
2026-10-07T02:44:35.943 [grid_node] DOING no matching paper rectangle currently in frame
2026-10-07T02:44:36.871 [grid_node] RECEIVED DetectPaper request: paper_size=A4
2026-10-07T02:44:36.932 [grid_node] DOING no matching paper rectangle currently in frame
2026-10-07T02:44:38.245 [grid_node] RECEIVED DetectPaper request: paper_size=A4
2026-10-07T02:44:38.405 [grid_node] DOING no matching paper rectangle currently in frame
2026-10-07T02:44:39.332 [grid_node] RECEIVED DetectPaper request: paper_size=A4
2026-10-07T02:44:39.382 [grid_node] SENT paper detected and matched
2026-10-07T02:44:39.608 [motion_node] RECEIVED SetState request: GRID_CHECK
2026-10-07T02:44:39.698 [motion_node] SENT state GRID_CHECK: OK GRID_CHECK
2026-10-07T02:44:39.875 [mark_point_node] SENT state -> GRID_CHECK
2026-10-07T02:44:45.029 [grid_node] RECEIVED DetectPaper request: paper_size=A4
2026-10-07T02:44:45.148 [grid_node] SENT paper detected and matched
2026-10-07T02:44:45.271 [mark_point_node] DOING [markPoint] step: validating_point
2026-10-07T02:44:45.471 [grid_node] RECEIVED GetGridPoint request: (50.0, 148.1999969482422) label="mark"
2026-10-07T02:44:45.483 [grid_node] SENT point accepted
2026-10-07T02:44:45.585 [mark_point_node] DOING [markPoint] step: locating_point
2026-10-07T02:44:46.500 [mark_point_node] DOING [markPoint] step: ready_draw
2026-10-07T02:44:46.603 [motion_node] RECEIVED SetState request: READY_DRAW
2026-10-07T02:44:46.766 [motion_node] SENT state READY_DRAW: OK READY_DRAW
2026-10-07T02:44:46.797 [mark_point_node] SENT state -> READY_DRAW
2026-10-07T02:44:47.533 [mark_point_node] DOING MoveIt: move to (0.1900, 0.0000, 0.0600) m
2026-10-07T02:45:07.888 [mark_point_node] DOING MoveIt: move to (0.2135, 0.0657, 0.0600) m
2026-10-07T02:45:18.407 [mark_point_node] DOING MoveIt: Cartesian path through 1 point(s)
2026-10-07T02:45:20.167 [mark_point_node] DOING [markPoint] step: marking
2026-10-07T02:45:20.256 [motion_node] RECEIVED SetState request: MARK
2026-10-07T02:45:20.307 [motion_node] SENT state MARK: OK MARK
2026-10-07T02:45:20.393 [mark_point_node] SENT state -> MARK
2026-10-07T02:45:40.540 [mark_point_node] ERROR [markPoint] failed: timed out waiting for /compute_cartesian_path
2026-10-07T02:45:40.737 [motion_node] RECEIVED SetState request: STANDBY
2026-10-07T02:45:40.786 [motion_node] SENT state STANDBY: OK STANDBY
2026-10-07T02:45:40.883 [mark_point_node] SENT state -> STANDBY
2026-10-07T02:45:41.461 [dispatch_node] RECEIVED mark result: success=False message="timed out waiting for /compute_cartesian_path"
2026-10-07T02:45:41.574 [dispatch_node] SENT completion for actionId=mark-19db86bc source=robot result={'ok': False, 'action': 'mark', 'message': 'timed out waiting for /compute_cartesian_path'}
2026-10-07T02:47:04.161 [dispatch_node] RECEIVED actionId=mark-09a8b5c6 source=robot pairId=mark-09a8b5c6 pairSize=1 payload={'action': 'mark', 'point': [20.0, 148.6]}
2026-10-07T02:47:04.498 [dispatch_node] DOING routing robot action "mark"
2026-10-07T02:47:05.180 [dispatch_node] SENT mark goal: nexus_interfaces.action.MarkPoint_Goal(x_mm=20.0, y_mm=148.6)
2026-10-07T02:47:05.581 [screen_state_node] RECEIVED SetScreenState request: state="robot_mark_started" detail={"source": "robot", "payload": {"action": "mark", "point": [20.0, 148.6]}}
2026-10-07T02:47:05.917 [screen_state_node] SENT screen state -> robot_mark_started (display: "ROBOT MARK START")
2026-10-07T02:47:06.062 [mark_point_node] RECEIVED MarkPoint goal: (20.0, 148.60000610351562)
2026-10-07T02:47:06.177 [mark_point_node] DOING [markPoint] step: validating_tool
2026-10-07T02:47:07.076 [tool_state_node] RECEIVED GetHeldTool request
2026-10-07T02:47:07.112 [tool_state_node] SENT held tool: "pencil"
2026-10-07T02:47:07.447 [motion_node] RECEIVED SetState request: TOOL_CHECK
2026-10-07T02:47:07.518 [motion_node] SENT state TOOL_CHECK: OK TOOL_CHECK
2026-10-07T02:47:07.790 [mark_point_node] SENT state -> TOOL_CHECK
2026-10-07T02:47:18.951 [mark_point_node] ERROR [markPoint] failed: timed out waiting for /vision/detect_object
2026-10-07T02:47:20.427 [motion_node] RECEIVED SetState request: STANDBY
2026-10-07T02:47:20.605 [motion_node] SENT state STANDBY: OK STANDBY
2026-10-07T02:47:20.962 [mark_point_node] SENT state -> STANDBY
2026-10-07T02:47:22.473 [dispatch_node] RECEIVED mark result: success=False message="timed out waiting for /vision/detect_object"
2026-10-07T02:47:22.831 [dispatch_node] SENT completion for actionId=mark-09a8b5c6 source=robot result={'ok': False, 'action': 'mark', 'message': 'timed out waiting for /vision/detect_object'}
2026-10-07T02:48:13.834 [dispatch_node] RECEIVED actionId=mark-5f2eb72d source=robot pairId=mark-5f2eb72d pairSize=1 payload={'action': 'mark', 'point': [20.0, 148.0]}
2026-10-07T02:48:14.065 [dispatch_node] DOING routing robot action "mark"
2026-10-07T02:48:14.115 [dispatch_node] SENT mark goal: nexus_interfaces.action.MarkPoint_Goal(x_mm=20.0, y_mm=148.0)
2026-10-07T02:48:14.212 [screen_state_node] RECEIVED SetScreenState request: state="robot_mark_started" detail={"source": "robot", "payload": {"action": "mark", "point": [20.0, 148.0]}}
2026-10-07T02:48:14.444 [screen_state_node] SENT screen state -> robot_mark_started (display: "ROBOT MARK START")
2026-10-07T02:48:14.868 [mark_point_node] RECEIVED MarkPoint goal: (20.0, 148.0)
2026-10-07T02:48:14.975 [mark_point_node] DOING [markPoint] step: validating_tool
2026-10-07T02:48:15.092 [tool_state_node] RECEIVED GetHeldTool request
2026-10-07T02:48:15.139 [tool_state_node] SENT held tool: "pencil"
2026-10-07T02:48:15.336 [motion_node] RECEIVED SetState request: TOOL_CHECK
2026-10-07T02:48:15.467 [motion_node] SENT state TOOL_CHECK: OK TOOL_CHECK
2026-10-07T02:48:15.548 [mark_point_node] SENT state -> TOOL_CHECK
2026-10-07T02:48:26.800 [mark_point_node] ERROR [markPoint] failed: timed out waiting for /vision/detect_object
2026-10-07T02:48:27.868 [motion_node] RECEIVED SetState request: STANDBY
2026-10-07T02:48:28.101 [motion_node] SENT state STANDBY: OK STANDBY
2026-10-07T02:48:28.197 [mark_point_node] SENT state -> STANDBY
2026-10-07T02:48:28.709 [dispatch_node] RECEIVED mark result: success=False message="timed out waiting for /vision/detect_object"
2026-10-07T02:48:29.063 [dispatch_node] SENT completion for actionId=mark-5f2eb72d source=robot result={'ok': False, 'action': 'mark', 'message': 'timed out waiting for /vision/detect_object'}
2026-10-07T09:57:04.887 [grid_node] INFO grid_node using shared camera via /camera/frame
2026-10-07T09:57:05.065 [grid_node] INFO grid_node ready - viewer at http://<this-machine-ip>:8091/, paper_size=A4
2026-10-07T09:57:09.660 [screen_state_node] WARN screen_state_node running in MOCK serial mode - no display Arduino attached
2026-10-07T09:57:09.996 [screen_state_node] INFO screen_state_node ready (mock_serial=True) - serving /screen/set_state
2026-10-07T09:57:13.402 [tool_state_node] INFO tool_state_node ready — holding: <none>
2026-10-07T09:57:14.138 [pick_tool_node] INFO pick_tool_node ready — action server on "pick_tool"
2026-10-07T09:57:14.407 [pick_tool_node] RECEIVED push button pressed
2026-10-07T09:57:14.453 [pick_and_place_node] INFO pick_and_place_node ready — action server on "pick_and_place"
2026-10-07T09:57:15.133 [draw_line_node] INFO draw_line_node ready — action server on "draw_line"
2026-10-07T09:57:15.298 [dispatch_node] INFO dispatch_node ready - listening on /action/dispatch
2026-10-07T09:57:15.331 [draw_line_node] RECEIVED push button pressed
2026-10-07T09:57:15.511 [mark_point_node] INFO mark_point_node ready — action server on "mark_point"
2026-10-07T09:57:15.643 [mark_point_node] RECEIVED push button pressed
2026-10-07T09:57:16.012 [draw_arc_node] INFO draw_arc_node ready — action server on "draw_arc"
2026-10-07T09:57:16.094 [draw_arc_node] RECEIVED push button pressed
2026-10-07T09:57:48.915 [motion_node] RECEIVED SetState request: BOOT
2026-10-07T09:57:55.561 [motion_node] SENT state BOOT: OK BOOT
2026-10-07T09:59:37.298 [dispatch_node] RECEIVED actionId=pick-40e60ab6 source=robot pairId=pick-40e60ab6 pairSize=1 payload={'action': 'pick', 'tool': 'pencil'}
2026-10-07T09:59:39.716 [motion_node] RECEIVED SetState request: BOOT
2026-10-07T09:59:40.541 [screen_state_node] RECEIVED SetScreenState request: state="robot_pick_started" detail={"source": "robot", "payload": {"action": "pick", "tool": "pencil"}}
2026-10-07T09:59:41.646 [screen_state_node] SENT screen state -> robot_pick_started (display: "ROBOT PICK START")
2026-10-07T09:59:46.541 [motion_node] SENT state BOOT: OK BOOT
2026-10-07T09:59:46.623 [dispatch_node] SENT state -> BOOT
2026-10-07T09:59:46.659 [dispatch_node] DOING routing robot action "pick"
2026-10-07T09:59:46.687 [dispatch_node] SENT pick goal: nexus_interfaces.action.PickTool_Goal(target_object='pencil')
2026-10-07T10:00:04.621 [pick_tool_node] RECEIVED PickTool goal: pencil
2026-10-07T10:00:04.676 [pick_tool_node] DOING [pickTool:pencil] step: receive_tool
2026-10-07T10:00:05.729 [motion_node] RECEIVED SetState request: STANDBY
2026-10-07T10:00:05.762 [motion_node] SENT state STANDBY: OK STANDBY
2026-10-07T10:00:05.809 [pick_tool_node] SENT state -> STANDBY
2026-10-07T10:00:05.843 [pick_tool_node] SENT human notify: place_tool: Place "pencil" in the robot tool link, then press the button.
2026-10-07T10:00:05.888 [pick_tool_node] DOING [pickTool:pencil] step: waiting_for_button
2026-10-07T10:01:55.377 [grid_node] ERROR paper not detected
2026-10-07T10:05:49.924 [motion_node] RECEIVED SetState request: BOOT
2026-10-07T10:05:56.806 [motion_node] SENT state BOOT: OK BOOT
2026-10-07T10:07:27.451 [grid_node] ERROR paper not detected
2026-10-07T10:09:47.282 [dispatch_node] RECEIVED actionId=mark-da5a3d1d source=robot pairId=mark-da5a3d1d pairSize=1 payload={'action': 'mark', 'point': [20.0, 10.0]}
2026-10-07T10:09:47.433 [dispatch_node] DOING routing robot action "mark"
2026-10-07T10:09:47.888 [dispatch_node] SENT mark goal: nexus_interfaces.action.MarkPoint_Goal(x_mm=20.0, y_mm=10.0)
2026-10-07T10:09:48.354 [screen_state_node] RECEIVED SetScreenState request: state="robot_mark_started" detail={"source": "robot", "payload": {"action": "mark", "point": [20.0, 10.0]}}
2026-10-07T10:09:48.615 [screen_state_node] SENT screen state -> robot_mark_started (display: "ROBOT MARK START")
2026-10-07T10:09:50.013 [mark_point_node] RECEIVED MarkPoint goal: (20.0, 10.0)
2026-10-07T10:09:50.206 [mark_point_node] DOING [markPoint] step: validating_tool
2026-10-07T10:09:54.127 [tool_state_node] RECEIVED GetHeldTool request
2026-10-07T10:09:54.302 [tool_state_node] SENT held tool: ""
2026-10-07T10:09:54.408 [mark_point_node] ERROR [markPoint] failed: no tool held (pickTool must run first)
2026-10-07T10:09:54.534 [motion_node] RECEIVED SetState request: STANDBY
2026-10-07T10:09:54.578 [motion_node] SENT state STANDBY: OK STANDBY
2026-10-07T10:09:54.671 [mark_point_node] SENT state -> STANDBY
2026-10-07T10:09:54.810 [dispatch_node] RECEIVED mark result: success=False message="no tool held (pickTool must run first)"
2026-10-07T10:09:54.883 [dispatch_node] SENT completion for actionId=mark-da5a3d1d source=robot result={'ok': False, 'action': 'mark', 'message': 'no tool held (pickTool must run first)'}
2026-10-07T10:10:05.815 [dispatch_node] RECEIVED push button pressed
2026-10-07T10:10:05.830 [mark_point_node] RECEIVED push button pressed
2026-10-07T10:10:06.231 [pick_tool_node] DOING [pickTool:pencil] step: validating_tool
2026-10-07T10:10:06.740 [motion_node] RECEIVED SetState request: TOOL_CHECK
2026-10-07T10:10:06.765 [motion_node] SENT state TOOL_CHECK: OK TOOL_CHECK
2026-10-07T10:10:06.803 [pick_tool_node] SENT state -> TOOL_CHECK
2026-10-07T10:10:06.833 [draw_line_node] RECEIVED push button pressed
2026-10-07T10:10:06.796 [draw_arc_node] RECEIVED push button pressed
2026-10-07T10:10:11.912 [pick_tool_node] ERROR [pickTool:pencil] failed: service /vision/detect_object not available
2026-10-07T10:10:11.973 [motion_node] RECEIVED SetState request: STANDBY
2026-10-07T10:10:12.039 [motion_node] SENT state STANDBY: OK STANDBY
2026-10-07T10:10:12.105 [pick_tool_node] SENT state -> STANDBY
2026-10-07T10:10:12.485 [dispatch_node] RECEIVED pick result: success=False message="service /vision/detect_object not available"
2026-10-07T10:10:12.530 [dispatch_node] SENT completion for actionId=pick-40e60ab6 source=robot result={'ok': False, 'action': 'pick', 'message': 'service /vision/detect_object not available'}
2026-10-07T10:18:06.476 [grid_node] INFO grid_node using shared camera via /camera/frame
2026-10-07T10:18:07.306 [grid_node] INFO grid_node ready - viewer at http://<this-machine-ip>:8091/, paper_size=A4
2026-10-07T10:34:19.325 [grid_node] INFO grid_node using shared camera via /camera/frame
2026-10-07T10:34:19.711 [grid_node] INFO grid_node ready - viewer at http://<this-machine-ip>:8091/, paper_size=A4
2026-10-07T10:34:35.508 [tool_state_node] INFO tool_state_node ready — holding: <none>
2026-10-07T10:34:35.641 [screen_state_node] WARN screen_state_node running in MOCK serial mode - no display Arduino attached
2026-10-07T10:34:36.707 [screen_state_node] INFO screen_state_node ready (mock_serial=True) - serving /screen/set_state
2026-10-07T10:34:39.057 [mark_point_node] INFO mark_point_node ready — action server on "mark_point"
2026-10-07T10:34:39.144 [draw_arc_node] INFO draw_arc_node ready — action server on "draw_arc"
2026-10-07T10:34:39.196 [draw_arc_node] RECEIVED push button pressed
2026-10-07T10:34:39.231 [mark_point_node] RECEIVED push button pressed
2026-10-07T10:34:40.235 [pick_and_place_node] INFO pick_and_place_node ready — action server on "pick_and_place"
2026-10-07T10:34:40.960 [dispatch_node] INFO dispatch_node ready - listening on /action/dispatch
2026-10-07T10:34:40.946 [pick_tool_node] INFO pick_tool_node ready — action server on "pick_tool"
2026-10-07T10:34:41.045 [draw_line_node] INFO draw_line_node ready — action server on "draw_line"
2026-10-07T10:34:41.096 [draw_line_node] RECEIVED push button pressed
2026-10-07T10:38:37.893 [grid_node] INFO grid_node using shared camera via /camera/frame
2026-10-07T10:38:38.233 [grid_node] INFO grid_node ready - viewer at http://<this-machine-ip>:8091/, paper_size=A4
2026-10-07T10:38:48.020 [tool_state_node] INFO tool_state_node ready — holding: <none>
2026-10-07T10:38:49.912 [screen_state_node] WARN screen_state_node running in MOCK serial mode - no display Arduino attached
2026-10-07T10:38:51.839 [screen_state_node] INFO screen_state_node ready (mock_serial=True) - serving /screen/set_state
2026-10-07T10:38:52.358 [pick_tool_node] INFO pick_tool_node ready — action server on "pick_tool"
2026-10-07T10:38:52.396 [pick_and_place_node] INFO pick_and_place_node ready — action server on "pick_and_place"
2026-10-07T10:38:52.605 [pick_tool_node] RECEIVED push button pressed
2026-10-07T10:38:54.985 [draw_line_node] INFO draw_line_node ready — action server on "draw_line"
2026-10-07T10:38:55.020 [draw_line_node] RECEIVED push button pressed
2026-10-07T10:38:55.042 [mark_point_node] INFO mark_point_node ready — action server on "mark_point"
2026-10-07T10:38:55.120 [mark_point_node] RECEIVED push button pressed
2026-10-07T10:38:55.140 [dispatch_node] INFO dispatch_node ready - listening on /action/dispatch
2026-10-07T10:38:55.210 [draw_arc_node] INFO draw_arc_node ready — action server on "draw_arc"
2026-10-07T10:38:55.230 [draw_arc_node] RECEIVED push button pressed
2026-10-07T10:40:26.941 [grid_node] ERROR paper not detected
2026-10-07T10:45:32.635 [grid_node] ERROR paper not detected
2026-10-07T10:59:22.806 [grid_node] INFO grid_node using shared camera via /camera/frame
2026-10-07T10:59:23.362 [grid_node] INFO grid_node ready - viewer at http://<this-machine-ip>:8091/, paper_size=A4
2026-10-07T10:59:43.986 [grid_node] INFO grid_node using shared camera via /camera/frame
2026-10-07T10:59:44.198 [grid_node] INFO grid_node ready - viewer at http://<this-machine-ip>:8091/, paper_size=A4
2026-10-07T11:00:36.304 [grid_node] INFO grid_node using shared camera via /camera/frame
2026-10-07T11:00:36.386 [grid_node] INFO grid_node ready - viewer at http://<this-machine-ip>:8091/, paper_size=A4
2026-10-07T11:08:51.897 [grid_node] INFO grid_node using shared camera via /camera/frame
2026-10-07T11:08:52.380 [grid_node] INFO grid_node ready - viewer at http://<this-machine-ip>:8091/, paper_size=A4
2026-10-07T11:08:59.376 [screen_state_node] WARN screen_state_node running in MOCK serial mode - no display Arduino attached
2026-10-07T11:08:59.525 [screen_state_node] INFO screen_state_node ready (mock_serial=True) - serving /screen/set_state
2026-10-07T11:09:00.279 [pick_and_place_node] INFO pick_and_place_node ready — action server on "pick_and_place"
2026-10-07T11:09:01.924 [tool_state_node] INFO tool_state_node ready — holding: <none>
2026-10-07T11:09:02.315 [pick_tool_node] INFO pick_tool_node ready — action server on "pick_tool"
2026-10-07T11:09:03.225 [draw_line_node] INFO draw_line_node ready — action server on "draw_line"
2026-10-07T11:09:03.262 [mark_point_node] INFO mark_point_node ready — action server on "mark_point"
2026-10-07T11:09:03.400 [dispatch_node] INFO dispatch_node ready - listening on /action/dispatch
2026-10-07T11:09:03.511 [draw_arc_node] INFO draw_arc_node ready — action server on "draw_arc"
2026-10-07T11:09:03.579 [mark_point_node] RECEIVED push button pressed
2026-10-07T11:09:03.589 [dispatch_node] RECEIVED push button pressed

2026-10-07T11:09:03.630 [pick_tool_node] RECEIVED push button pressed
2026-10-07T11:13:44.687 [grid_node] INFO grid_node using shared camera via /camera/frame
2026-10-07T11:13:44.828 [grid_node] INFO grid_node ready - viewer at http://<this-machine-ip>:8091/, paper_size=A4
2026-10-07T11:29:23.375 [tool_state_node] INFO tool_state_node ready — holding: <none>
 mode - no display Arduino attached
2026-10-07T11:29:23.407 [pick_tool_node] INFO pick_tool_node ready — action server on "pick_tool"
2026-10-07T11:29:23.779 [screen_state_node] INFO screen_state_node ready (mock_serial=True) - serving /screen/set_state
2026-10-07T11:29:24.212 [pick_and_place_node] INFO pick_and_place_node ready — action server on "pick_and_place"
2026-10-07T11:29:24.903 [draw_arc_node] INFO draw_arc_node ready — action server on "draw_arc"
2026-10-07T11:29:25.021 [draw_line_node] INFO draw_line_node ready — action server on "draw_line"
2026-10-07T11:29:25.166 [dispatch_node] INFO dispatch_node ready - listening on /action/dispatch
2026-10-07T11:29:25.238 [mark_point_node] INFO mark_point_node ready — action server on "mark_point"
2026-10-07T19:51:17.674 [grid_node] INFO grid_node using shared camera via /camera/frame
2026-10-07T19:51:17.994 [grid_node] INFO grid_node ready - viewer at http://<this-machine-ip>:8091/, paper_size=A4
2026-10-07T19:51:26.496 [pick_and_place_node] INFO pick_and_place_node ready — action server on "pick_and_place"
2026-10-07T19:51:26.533 [dispatch_node] INFO dispatch_node ready - listening on /action/dispatch
2026-10-07T19:51:26.569 [screen_state_node] WARN screen_state_node running in MOCK serial mode - no display Arduino attached
2026-10-07T19:51:26.603 [tool_state_node] INFO tool_state_node ready — holding: <none>
2026-10-07T19:51:26.676 [screen_state_node] INFO screen_state_node ready (mock_serial=True) - serving /screen/set_state
2026-10-07T19:51:26.738 [pick_tool_node] INFO pick_tool_node ready — action server on "pick_tool"
2026-10-07T19:51:27.002 [dispatch_node] RECEIVED push button pressed
2026-10-07T19:51:27.001 [pick_tool_node] RECEIVED push button pressed
2026-10-07T19:51:27.812 [draw_line_node] INFO draw_line_node ready — action server on "draw_line"
2026-10-07T19:51:27.883 [draw_line_node] RECEIVED push button pressed
2026-10-07T19:51:28.017 [draw_arc_node] INFO draw_arc_node ready — action server on "draw_arc"
2026-10-07T19:51:28.046 [draw_arc_node] RECEIVED push button pressed
2026-10-07T19:51:28.327 [mark_point_node] INFO mark_point_node ready — action server on "mark_point"
2026-10-07T19:51:28.518 [mark_point_node] RECEIVED push button pressed
2026-10-07T19:58:32.746 [draw_line_node] RECEIVED push button pressed

2026-10-07T19:58:34.006 [pick_tool_node] RECEIVED push button pressed
2026-10-07T19:58:49.877 [dispatch_node] RECEIVED push button pressed
2026-10-07T19:59:09.713 [motion_node] RECEIVED SetState request: BOOT
2026-10-07T19:59:16.395 [motion_node] SENT state BOOT: OK BOOT
2026-10-07T20:00:24.831 [dispatch_node] RECEIVED push button pressed
2026-10-07T20:00:24.833 [pick_tool_node] RECEIVED push button pressed
2026-10-07T20:00:24.866 [draw_line_node] RECEIVED push button pressed
2026-10-07T20:00:24.872 [draw_arc_node] RECEIVED push button pressed
2026-10-07T20:00:24.893 [mark_point_node] RECEIVED push button pressed
2026-10-07T20:01:12.396 [motion_node] RECEIVED SetState request: BOOT
2026-10-07T20:01:19.048 [motion_node] SENT state BOOT: OK BOOT
2026-10-07T20:02:03.898 [grid_node] ERROR not calibrated - call /grid/calibrate_robot_frame first
2026-10-07T20:02:51.739 [grid_node] ERROR not calibrated - call /grid/calibrate_robot_frame first
2026-10-07T20:03:30.225 [grid_node] ERROR not calibrated - call /grid/calibrate_robot_frame first
2026-10-07T20:04:50.634 [dispatch_node] RECEIVED actionId=pick-63dbd046 source=robot pairId=pick-63dbd046 pairSize=1 payload={'action': 'pick', 'tool': 'pencil'}
2026-10-07T20:04:51.606 [motion_node] RECEIVED SetState request: BOOT
2026-10-07T20:04:54.329 [screen_state_node] RECEIVED SetScreenState request: state="robot_pick_started" detail={"source": "robot", "payload": {"action": "pick", "tool": "pencil"}}
2026-10-07T20:04:54.772 [screen_state_node] SENT screen state -> robot_pick_started (display: "ROBOT PICK START")
2026-10-07T20:04:58.277 [motion_node] SENT state BOOT: OK BOOT
2026-10-07T20:04:58.402 [dispatch_node] SENT state -> BOOT
2026-10-07T20:04:58.437 [dispatch_node] DOING routing robot action "pick"
2026-10-07T20:04:58.492 [dispatch_node] SENT pick goal: nexus_interfaces.action.PickTool_Goal(target_object='pencil')
2026-10-07T20:05:01.340 [pick_tool_node] RECEIVED PickTool goal: pencil
2026-10-07T20:05:08.292 [pick_tool_node] DOING [pickTool:pencil] step: receive_tool
2026-10-07T20:05:09.034 [motion_node] RECEIVED SetState request: STANDBY
2026-10-07T20:05:09.068 [motion_node] SENT state STANDBY: OK STANDBY
2026-10-07T20:05:09.096 [pick_tool_node] SENT state -> STANDBY
2026-10-07T20:05:09.156 [pick_tool_node] SENT human notify: place_tool: Place "pencil" in the robot tool link, then press the button.
2026-10-07T20:05:09.181 [pick_tool_node] DOING [pickTool:pencil] step: waiting_for_button
2026-10-07T20:05:13.136 [pick_tool_node] RECEIVED push button pressed
2026-10-07T20:05:13.172 [dispatch_node] RECEIVED push button pressed
2026-10-07T20:05:13.207 [pick_tool_node] DOING [pickTool:pencil] step: validating_tool
2026-10-07T20:05:13.197 [mark_point_node] RECEIVED push button pressed
2026-10-07T20:05:13.241 [motion_node] RECEIVED SetState request: TOOL_CHECK
2026-10-07T20:05:13.293 [motion_node] SENT state TOOL_CHECK: OK TOOL_CHECK
2026-10-07T20:05:13.340 [pick_tool_node] SENT state -> TOOL_CHECK
2026-10-07T20:05:13.365 [draw_arc_node] RECEIVED push button pressed

2026-10-07T20:05:23.399 [pick_tool_node] ERROR [pickTool:pencil] failed: timed out waiting for /vision/detect_object
2026-10-07T20:05:23.473 [motion_node] RECEIVED SetState request: STANDBY
2026-10-07T20:05:23.557 [motion_node] SENT state STANDBY: OK STANDBY
2026-10-07T20:05:23.596 [pick_tool_node] SENT state -> STANDBY
2026-10-07T20:05:23.668 [dispatch_node] RECEIVED pick result: success=False message="timed out waiting for /vision/detect_object"
2026-10-07T20:05:23.737 [dispatch_node] SENT completion for actionId=pick-63dbd046 source=robot result={'ok': False, 'action': 'pick', 'message': 'timed out waiting for /vision/detect_object'}
2026-10-07T20:05:33.529 [dispatch_node] RECEIVED actionId=pick-9af84a05 source=robot pairId=pick-9af84a05 pairSize=1 payload={'action': 'pick', 'tool': 'pencil'}
2026-10-07T20:05:33.607 [dispatch_node] DOING routing robot action "pick"
2026-10-07T20:05:33.630 [dispatch_node] SENT pick goal: nexus_interfaces.action.PickTool_Goal(target_object='pencil')
2026-10-07T20:05:33.666 [screen_state_node] RECEIVED SetScreenState request: state="robot_pick_started" detail={"source": "robot", "payload": {"action": "pick", "tool": "pencil"}}
2026-10-07T20:05:33.681 [pick_tool_node] RECEIVED PickTool goal: pencil
2026-10-07T20:05:33.722 [pick_tool_node] DOING [pickTool:pencil] step: receive_tool
2026-10-07T20:05:33.765 [screen_state_node] SENT screen state -> robot_pick_started (display: "ROBOT PICK START")
2026-10-07T20:05:33.864 [motion_node] RECEIVED SetState request: STANDBY
2026-10-07T20:05:33.899 [motion_node] SENT state STANDBY: OK STANDBY
2026-10-07T20:05:33.957 [pick_tool_node] SENT state -> STANDBY
2026-10-07T20:05:33.978 [pick_tool_node] SENT human notify: place_tool: Place "pencil" in the robot tool link, then press the button.
2026-10-07T20:05:34.014 [pick_tool_node] DOING [pickTool:pencil] step: waiting_for_button
2026-10-07T20:05:37.291 [draw_arc_node] RECEIVED push button pressed

2026-10-07T20:05:37.295 [dispatch_node] RECEIVED push button pressed
2026-10-07T20:05:37.359 [pick_tool_node] DOING [pickTool:pencil] step: validating_tool
2026-10-07T20:05:37.377 [mark_point_node] RECEIVED push button pressed
2026-10-07T20:05:37.401 [draw_line_node] RECEIVED push button pressed
2026-10-07T20:05:37.413 [motion_node] RECEIVED SetState request: TOOL_CHECK
2026-10-07T20:05:37.520 [motion_node] SENT state TOOL_CHECK: OK TOOL_CHECK
2026-10-07T20:05:37.609 [pick_tool_node] SENT state -> TOOL_CHECK
2026-10-07T20:05:42.788 [motion_node] RECEIVED SetState request: TOOL_MISSING
2026-10-07T20:05:42.826 [motion_node] SENT state TOOL_MISSING: OK TOOL_MISSING
2026-10-07T20:05:42.894 [pick_tool_node] SENT state -> TOOL_MISSING
2026-10-07T20:05:42.914 [pick_tool_node] SENT human notify: tool_missing: Tool "pencil" not detected. Place it and press the button.
2026-10-07T20:05:47.914 [pick_tool_node] RECEIVED push button pressed
2026-10-07T20:05:47.920 [draw_arc_node] RECEIVED push button pressed
2026-10-07T20:05:47.948 [dispatch_node] RECEIVED push button pressed
2026-10-07T20:05:47.966 [motion_node] RECEIVED SetState request: TOOL_CHECK
2026-10-07T20:05:47.959 [draw_line_node] RECEIVED push button pressed
2026-10-07T20:05:47.993 [mark_point_node] RECEIVED push button pressed
2026-10-07T20:05:48.009 [motion_node] SENT state TOOL_CHECK: OK TOOL_CHECK
2026-10-07T20:05:48.108 [pick_tool_node] SENT state -> TOOL_CHECK
2026-10-07T20:05:53.539 [motion_node] RECEIVED SetState request: TOOL_MISSING
2026-10-07T20:05:53.573 [motion_node] SENT state TOOL_MISSING: OK TOOL_MISSING
2026-10-07T20:05:53.628 [pick_tool_node] SENT state -> TOOL_MISSING
2026-10-07T20:05:53.653 [pick_tool_node] SENT human notify: tool_missing: Tool "pencil" not detected. Place it and press the button.
2026-10-07T20:05:55.167 [dispatch_node] RECEIVED push button pressed

2026-10-07T20:05:55.171 [mark_point_node] RECEIVED push button pressed
2026-10-07T20:05:55.198 [pick_tool_node] RECEIVED push button pressed
2026-10-07T20:05:55.214 [draw_arc_node] RECEIVED push button pressed
2026-10-07T20:05:55.227 [motion_node] RECEIVED SetState request: TOOL_CHECK
2026-10-07T20:05:55.269 [motion_node] SENT state TOOL_CHECK: OK TOOL_CHECK
2026-10-07T20:05:55.311 [pick_tool_node] SENT state -> TOOL_CHECK
2026-10-07T20:05:59.056 [motion_node] RECEIVED SetState request: TOOL_MISSING
2026-10-07T20:05:59.084 [motion_node] SENT state TOOL_MISSING: OK TOOL_MISSING
2026-10-07T20:05:59.131 [pick_tool_node] SENT state -> TOOL_MISSING
2026-10-07T20:05:59.208 [pick_tool_node] SENT human notify: tool_missing: Tool "pencil" not detected. Place it and press the button.
2026-10-07T20:06:03.669 [dispatch_node] RECEIVED push button pressed
2026-10-07T20:06:03.670 [draw_arc_node] RECEIVED push button pressed
_CHECK
2026-10-07T20:06:03.677 [pick_tool_node] RECEIVED push button pressed
2026-10-07T20:06:03.678 [draw_line_node] RECEIVED push button pressed
2026-10-07T20:06:03.720 [motion_node] SENT state TOOL_CHECK: OK TOOL_CHECK
2026-10-07T20:06:03.723 [mark_point_node] RECEIVED push button pressed
2026-10-07T20:06:03.799 [pick_tool_node] SENT state -> TOOL_CHECK
2026-10-07T20:06:07.457 [motion_node] RECEIVED SetState request: TOOL_MISSING
2026-10-07T20:06:07.516 [motion_node] SENT state TOOL_MISSING: OK TOOL_MISSING
2026-10-07T20:06:07.551 [pick_tool_node] SENT state -> TOOL_MISSING
2026-10-07T20:06:07.595 [pick_tool_node] SENT human notify: tool_missing: Tool "pencil" not detected. Place it and press the button.
2026-10-07T20:06:28.525 [mark_point_node] RECEIVED push button pressed
2026-10-07T20:06:28.548 [draw_line_node] RECEIVED push button pressed
2026-10-07T20:06:28.565 [pick_tool_node] RECEIVED push button pressed
2026-10-07T20:06:28.564 [draw_arc_node] RECEIVED push button pressed
2026-10-07T20:06:28.670 [motion_node] RECEIVED SetState request: TOOL_CHECK
2026-10-07T20:06:28.709 [motion_node] SENT state TOOL_CHECK: OK TOOL_CHECK
2026-10-07T20:06:28.755 [pick_tool_node] SENT state -> TOOL_CHECK
2026-10-07T20:06:32.106 [motion_node] RECEIVED SetState request: TOOL_MISSING
2026-10-07T20:06:32.176 [motion_node] SENT state TOOL_MISSING: OK TOOL_MISSING
2026-10-07T20:06:32.235 [pick_tool_node] SENT state -> TOOL_MISSING
2026-10-07T20:06:32.249 [pick_tool_node] SENT human notify: tool_missing: Tool "pencil" not detected. Place it and press the button.
2026-10-07T20:06:50.524 [pick_tool_node] RECEIVED push button pressed
2026-10-07T20:06:50.524 [dispatch_node] RECEIVED push button pressed
2026-10-07T20:06:50.550 [draw_line_node] RECEIVED push button pressed
2026-10-07T20:06:50.572 [draw_arc_node] RECEIVED push button pressed
2026-10-07T20:06:50.578 [motion_node] RECEIVED SetState request: TOOL_CHECK
2026-10-07T20:06:50.566 [mark_point_node] RECEIVED push button pressed
2026-10-07T20:06:50.637 [motion_node] SENT state TOOL_CHECK: OK TOOL_CHECK
2026-10-07T20:06:50.701 [pick_tool_node] SENT state -> TOOL_CHECK
2026-10-07T20:06:55.377 [motion_node] RECEIVED SetState request: TOOL_MISSING
2026-10-07T20:06:55.417 [motion_node] SENT state TOOL_MISSING: OK TOOL_MISSING
2026-10-07T20:06:55.465 [pick_tool_node] SENT state -> TOOL_MISSING
2026-10-07T20:06:55.535 [pick_tool_node] SENT human notify: tool_missing: Tool "pencil" not detected. Place it and press the button.
2026-10-07T20:07:01.201 [dispatch_node] RECEIVED push button pressed
2026-10-07T20:07:01.212 [pick_tool_node] RECEIVED push button pressed
2026-10-07T20:07:01.288 [mark_point_node] RECEIVED push button pressed
2026-10-07T20:07:01.312 [motion_node] RECEIVED SetState request: TOOL_CHECK
2026-10-07T20:07:01.323 [draw_arc_node] RECEIVED push button pressed
2026-10-07T20:07:01.337 [draw_line_node] RECEIVED push button pressed
2026-10-07T20:07:01.355 [motion_node] SENT state TOOL_CHECK: OK TOOL_CHECK
2026-10-07T20:07:01.384 [pick_tool_node] SENT state -> TOOL_CHECK
2026-10-07T20:07:04.462 [motion_node] RECEIVED SetState request: TOOL_MISSING
2026-10-07T20:07:04.483 [motion_node] SENT state TOOL_MISSING: OK TOOL_MISSING
2026-10-07T20:07:04.519 [pick_tool_node] SENT state -> TOOL_MISSING
2026-10-07T20:07:04.556 [pick_tool_node] SENT human notify: tool_missing: Tool "pencil" not detected. Place it and press the button.
2026-10-07T20:07:07.740 [dispatch_node] RECEIVED push button pressed
2026-10-07T20:07:07.773 [draw_line_node] RECEIVED push button pressed
2026-10-07T20:07:07.791 [draw_arc_node] RECEIVED push button pressed
2026-10-07T20:07:07.879 [motion_node] RECEIVED SetState request: TOOL_CHECK
2026-10-07T20:07:07.871 [mark_point_node] RECEIVED push button pressed
2026-10-07T20:07:07.927 [motion_node] SENT state TOOL_CHECK: OK TOOL_CHECK
2026-10-07T20:07:07.958 [pick_tool_node] SENT state -> TOOL_CHECK
2026-10-07T20:07:13.109 [motion_node] RECEIVED SetState request: TOOL_MISSING
2026-10-07T20:07:13.194 [motion_node] SENT state TOOL_MISSING: OK TOOL_MISSING
2026-10-07T20:07:13.242 [pick_tool_node] SENT state -> TOOL_MISSING
2026-10-07T20:07:13.269 [pick_tool_node] SENT human notify: tool_missing: Tool "pencil" not detected. Place it and press the button.
2026-10-07T20:07:23.500 [pick_tool_node] RECEIVED push button pressed2026-10-07T20:07:23.498 [draw_line_node] RECEIVED push button pressed
pressed
2026-10-07T20:07:23.565 [draw_arc_node] RECEIVED push button pressed
2026-10-07T20:07:23.599 [motion_node] SENT state TOOL_CHECK: OK TOOL_CHECK
2026-10-07T20:07:23.634 [pick_tool_node] SENT state -> TOOL_CHECK
2026-10-07T20:07:26.641 [draw_arc_node] RECEIVED push button pressed
d
2026-10-07T20:07:26.661 [pick_tool_node] RECEIVED push button pressed
2026-10-07T20:07:26.694 [draw_line_node] RECEIVED push button pressed
2026-10-07T20:07:27.252 [pick_tool_node] RECEIVED push button pressed
2026-10-07T20:07:27.254 [dispatch_node] RECEIVED push button pressed
2026-10-07T20:07:27.291 [mark_point_node] RECEIVED push button pressed
2026-10-07T20:07:27.273 [draw_arc_node] RECEIVED push button pressed
2026-10-07T20:07:27.309 [draw_line_node] RECEIVED push button pressed
2026-10-07T20:07:28.652 [draw_arc_node] RECEIVED push button pressed
2026-10-07T20:07:28.677 [draw_line_node] RECEIVED push button pressed
2026-10-07T20:07:28.688 [mark_point_node] RECEIVED push button pressed
2026-10-07T20:07:29.172 [motion_node] RECEIVED SetState request: TOOL_MISSING
2026-10-07T20:07:29.197 [motion_node] SENT state TOOL_MISSING: OK TOOL_MISSING
2026-10-07T20:07:29.238 [pick_tool_node] SENT state -> TOOL_MISSING
2026-10-07T20:07:29.252 [pick_tool_node] SENT human notify: tool_missing: Tool "pencil" not detected. Place it and press the button.
2026-10-07T20:07:30.902 [pick_tool_node] RECEIVED push button pressed
2026-10-07T20:07:30.934 [motion_node] RECEIVED SetState request: TOOL_CHECK
2026-10-07T20:07:30.970 [motion_node] SENT state TOOL_CHECK: OK TOOL_CHECK
2026-10-07T20:07:30.911 [draw_arc_node] RECEIVED push button pressed
2026-10-07T20:07:30.997 [mark_point_node] RECEIVED push button pressed
2026-10-07T20:07:31.031 [draw_line_node] RECEIVED push button pressed
2026-10-07T20:07:31.071 [pick_tool_node] SENT state -> TOOL_CHECK
2026-10-07T20:07:36.689 [motion_node] RECEIVED SetState request: TOOL_MISSING
2026-10-07T20:07:36.720 [motion_node] SENT state TOOL_MISSING: OK TOOL_MISSING
2026-10-07T20:07:36.771 [pick_tool_node] SENT state -> TOOL_MISSING
2026-10-07T20:07:36.859 [pick_tool_node] SENT human notify: tool_missing: Tool "pencil" not detected. Place it and press the button.
2026-10-07T20:07:37.134 [dispatch_node] RECEIVED push button pressed
2026-10-07T20:07:37.159 [motion_node] RECEIVED SetState request: TOOL_CHECK
2026-10-07T20:07:37.122 [draw_line_node] RECEIVED push button pressed
2026-10-07T20:07:37.167 [mark_point_node] RECEIVED push button pressed
ECK
2026-10-07T20:07:37.249 [pick_tool_node] SENT state -> TOOL_CHECK
2026-10-07T20:07:37.317 [draw_arc_node] RECEIVED push button pressed
2026-10-07T20:07:39.828 [motion_node] RECEIVED SetState request: CONFIRMED
2026-10-07T20:07:39.849 [motion_node] SENT state CONFIRMED: OK CONFIRMED
2026-10-07T20:07:39.936 [pick_tool_node] SENT state -> CONFIRMED
2026-10-07T20:07:43.451 [tool_state_node] RECEIVED SetHeldTool request: "pencil"
2026-10-07T20:07:43.681 [tool_state_node] SENT held tool changed: "" -> "pencil"
2026-10-07T20:07:43.798 [pick_tool_node] DOING [pickTool:pencil] step: standby
2026-10-07T20:07:43.844 [motion_node] RECEIVED SetState request: STANDBY
2026-10-07T20:07:43.870 [motion_node] SENT state STANDBY: OK STANDBY
2026-10-07T20:07:43.933 [pick_tool_node] SENT state -> STANDBY
2026-10-07T20:07:43.983 [dispatch_node] RECEIVED pick result: success=True message="holding "pencil""
2026-10-07T20:07:44.103 [dispatch_node] SENT completion for actionId=pick-9af84a05 source=robot result={'ok': True, 'action': 'pick', 'message': 'holding "pencil"'}
2026-10-07T20:08:00.110 [dispatch_node] RECEIVED actionId=mark-2ebc83b6 source=robot pairId=mark-2ebc83b6 pairSize=1 payload={'action': 'mark', 'point': [20.0, 30.0]}
2026-10-07T20:08:00.151 [dispatch_node] DOING routing robot action "mark"
t: state="robot_mark_started" detail={"source": "robot", "payload": {"action": "mark", "point": [20.0, 30.0]}}
2026-10-07T20:08:00.226 [dispatch_node] SENT mark goal: nexus_interfaces.action.MarkPoint_Goal(x_mm=20.0, y_mm=30.0)
2026-10-07T20:08:00.281 [screen_state_node] SENT screen state -> robot_mark_started (display: "ROBOT MARK START")
2026-10-07T20:08:01.182 [mark_point_node] RECEIVED MarkPoint goal: (20.0, 30.0)
2026-10-07T20:08:01.272 [mark_point_node] DOING [markPoint] step: validating_tool
2026-10-07T20:08:01.813 [tool_state_node] RECEIVED GetHeldTool request
2026-10-07T20:08:01.871 [tool_state_node] SENT held tool: "pencil"
2026-10-07T20:08:02.031 [motion_node] RECEIVED SetState request: TOOL_CHECK
2026-10-07T20:08:02.063 [motion_node] SENT state TOOL_CHECK: OK TOOL_CHECK
2026-10-07T20:08:02.169 [mark_point_node] SENT state -> TOOL_CHECK
2026-10-07T20:08:05.560 [motion_node] RECEIVED SetState request: TOOL_MISSING
2026-10-07T20:08:05.612 [motion_node] SENT state TOOL_MISSING: OK TOOL_MISSING
2026-10-07T20:08:05.693 [mark_point_node] SENT state -> TOOL_MISSING
2026-10-07T20:08:05.783 [mark_point_node] SENT human notify: tool_missing: Tool "pencil" not detected. Place it and press the button.
2026-10-07T20:08:12.580 [dispatch_node] RECEIVED push button pressed
2026-10-07T20:08:12.582 [pick_tool_node] RECEIVED push button pressed
2026-10-07T20:08:12.585 [draw_arc_node] RECEIVED push button pressed
2026-10-07T20:08:12.614 [mark_point_node] RECEIVED push button pressed
HECK
2026-10-07T20:08:12.678 [draw_line_node] RECEIVED push button pressed
HECK
2026-10-07T20:08:12.711 [mark_point_node] SENT state -> TOOL_CHECK
2026-10-07T20:08:14.185 [motion_node] RECEIVED SetState request: CONFIRMED
2026-10-07T20:08:14.204 [motion_node] SENT state CONFIRMED: OK CONFIRMED
2026-10-07T20:08:14.296 [mark_point_node] SENT state -> CONFIRMED
2026-10-07T20:08:15.325 [mark_point_node] DOING [markPoint] step: validating_paper
2026-10-07T20:08:15.450 [motion_node] RECEIVED SetState request: GRID_CHECK
2026-10-07T20:08:15.495 [motion_node] SENT state GRID_CHECK: OK GRID_CHECK
2026-10-07T20:08:15.571 [mark_point_node] SENT state -> GRID_CHECK
2026-10-07T20:08:15.730 [grid_node] RECEIVED DetectPaper request: paper_size=A4
2026-10-07T20:08:15.772 [grid_node] DOING no matching paper rectangle currently in frame
2026-10-07T20:08:15.864 [motion_node] RECEIVED SetState request: PAPER_MISSING
2026-10-07T20:08:15.890 [motion_node] SENT state PAPER_MISSING: OK PAPER_MISSING
2026-10-07T20:08:15.919 [mark_point_node] SENT state -> PAPER_MISSING
2026-10-07T20:08:15.959 [mark_point_node] SENT human notify: paper_missing: Paper not detected. Place paper in view.
2026-10-07T20:08:16.536 [grid_node] RECEIVED DetectPaper request: paper_size=A4
2026-10-07T20:08:16.585 [grid_node] DOING no matching paper rectangle currently in frame
2026-10-07T20:08:17.144 [grid_node] RECEIVED DetectPaper request: paper_size=A4
2026-10-07T20:08:17.169 [grid_node] DOING no matching paper rectangle currently in frame
2026-10-07T20:08:17.730 [grid_node] RECEIVED DetectPaper request: paper_size=A4
2026-10-07T20:08:17.756 [grid_node] DOING no matching paper rectangle currently in frame
2026-10-07T20:08:18.331 [grid_node] RECEIVED DetectPaper request: paper_size=A4
2026-10-07T20:08:18.363 [grid_node] DOING no matching paper rectangle currently in frame
2026-10-07T20:08:18.902 [grid_node] RECEIVED DetectPaper request: paper_size=A4
2026-10-07T20:08:18.918 [grid_node] DOING no matching paper rectangle currently in frame
2026-10-07T20:08:19.471 [grid_node] RECEIVED DetectPaper request: paper_size=A4
2026-10-07T20:08:19.499 [grid_node] DOING no matching paper rectangle currently in frame
2026-10-07T20:08:20.075 [grid_node] RECEIVED DetectPaper request: paper_size=A4
2026-10-07T20:08:20.091 [grid_node] DOING no matching paper rectangle currently in frame
2026-10-07T20:08:20.714 [grid_node] RECEIVED DetectPaper request: paper_size=A4
2026-10-07T20:08:20.741 [grid_node] DOING no matching paper rectangle currently in frame
2026-10-07T20:08:21.336 [grid_node] RECEIVED DetectPaper request: paper_size=A4
2026-10-07T20:08:21.350 [grid_node] DOING no matching paper rectangle currently in frame
2026-10-07T20:08:21.877 [grid_node] RECEIVED DetectPaper request: paper_size=A4
2026-10-07T20:08:21.902 [grid_node] DOING no matching paper rectangle currently in frame
2026-10-07T20:08:22.456 [grid_node] RECEIVED DetectPaper request: paper_size=A4
2026-10-07T20:08:22.483 [grid_node] DOING no matching paper rectangle currently in frame
2026-10-07T20:08:23.058 [grid_node] RECEIVED DetectPaper request: paper_size=A4
2026-10-07T20:08:23.077 [grid_node] DOING no matching paper rectangle currently in frame
2026-10-07T20:08:23.635 [grid_node] RECEIVED DetectPaper request: paper_size=A4
2026-10-07T20:08:23.655 [grid_node] DOING no matching paper rectangle currently in frame
2026-10-07T20:08:24.217 [grid_node] RECEIVED DetectPaper request: paper_size=A4
2026-10-07T20:08:24.230 [grid_node] DOING no matching paper rectangle currently in frame
2026-10-07T20:08:24.795 [grid_node] RECEIVED DetectPaper request: paper_size=A4
2026-10-07T20:08:24.812 [grid_node] DOING no matching paper rectangle currently in frame
2026-10-07T20:08:25.333 [grid_node] RECEIVED DetectPaper request: paper_size=A4
2026-10-07T20:08:25.363 [grid_node] DOING no matching paper rectangle currently in frame
2026-10-07T20:08:25.940 [grid_node] RECEIVED DetectPaper request: paper_size=A4
2026-10-07T20:08:25.954 [grid_node] DOING no matching paper rectangle currently in frame
2026-10-07T20:08:26.565 [grid_node] RECEIVED DetectPaper request: paper_size=A4
2026-10-07T20:08:26.580 [grid_node] DOING no matching paper rectangle currently in frame
2026-10-07T20:08:27.142 [grid_node] RECEIVED DetectPaper request: paper_size=A4
2026-10-07T20:08:27.162 [grid_node] DOING no matching paper rectangle currently in frame
2026-10-07T20:08:27.744 [grid_node] RECEIVED DetectPaper request: paper_size=A4
2026-10-07T20:08:27.762 [grid_node] DOING no matching paper rectangle currently in frame
2026-10-07T20:08:28.369 [grid_node] RECEIVED DetectPaper request: paper_size=A4
2026-10-07T20:08:28.393 [grid_node] DOING no matching paper rectangle currently in frame
2026-10-07T20:08:28.932 [grid_node] RECEIVED DetectPaper request: paper_size=A4
2026-10-07T20:08:28.953 [grid_node] DOING no matching paper rectangle currently in frame
2026-10-07T20:08:29.489 [grid_node] RECEIVED DetectPaper request: paper_size=A4
2026-10-07T20:08:29.528 [grid_node] DOING no matching paper rectangle currently in frame
2026-10-07T20:08:30.075 [grid_node] RECEIVED DetectPaper request: paper_size=A4
2026-10-07T20:08:30.095 [grid_node] DOING no matching paper rectangle currently in frame
2026-10-07T20:08:30.661 [grid_node] RECEIVED DetectPaper request: paper_size=A4
2026-10-07T20:08:30.697 [grid_node] SENT paper detected and matched
2026-10-07T20:08:30.725 [motion_node] RECEIVED SetState request: GRID_CHECK
2026-10-07T20:08:30.831 [motion_node] SENT state GRID_CHECK: OK GRID_CHECK
2026-10-07T20:08:31.112 [mark_point_node] SENT state -> GRID_CHECK
2026-10-07T20:08:36.206 [grid_node] RECEIVED DetectPaper request: paper_size=A4
2026-10-07T20:08:36.278 [grid_node] SENT paper detected and matched
2026-10-07T20:08:36.448 [mark_point_node] DOING [markPoint] step: validating_point
2026-10-07T20:08:36.762 [grid_node] RECEIVED GetGridPoint request: (20.0, 30.0) label="mark"
2026-10-07T20:08:37.025 [grid_node] SENT point accepted
2026-10-07T20:08:37.102 [mark_point_node] DOING [markPoint] step: locating_point
2026-10-07T20:08:37.313 [grid_node] ERROR not calibrated - call /grid/calibrate_robot_frame first
2026-10-07T20:08:37.489 [mark_point_node] ERROR [markPoint] failed: paper -> robot point failed: not calibrated - call /grid/calibrate_robot_frame first
2026-10-07T20:08:37.723 [motion_node] RECEIVED SetState request: STANDBY
2026-10-07T20:08:37.786 [motion_node] SENT state STANDBY: OK STANDBY
2026-10-07T20:08:37.887 [mark_point_node] SENT state -> STANDBY
2026-10-07T20:08:38.054 [dispatch_node] RECEIVED mark result: success=False message="paper -> robot point failed: not calibrated - call /grid/calibrate_robot_frame first"
2026-10-07T20:08:38.232 [dispatch_node] SENT completion for actionId=mark-2ebc83b6 source=robot result={'ok': False, 'action': 'mark', 'message': 'paper -> robot point failed: not calibrated - call /grid/calibrate_robot_frame first'}
2026-10-07T20:11:30.800 [grid_node] RECEIVED CalibrateRobotFrame request: origin=(130.0, 148.5)
2026-10-07T20:11:30.918 [grid_node] SENT calibrated; saved to /ros2_ws/captures/robot_calibration.json
2026-10-07T20:12:10.085 [dispatch_node] RECEIVED actionId=pick-b220cfae source=robot pairId=pick-b220cfae pairSize=1 payload={'action': 'pick', 'tool': 'pencil'}
2026-10-07T20:12:10.193 [dispatch_node] DOING routing robot action "pick"
2026-10-07T20:12:10.433 [dispatch_node] SENT pick goal: nexus_interfaces.action.PickTool_Goal(target_object='pencil')
2026-10-07T20:12:11.192 [screen_state_node] RECEIVED SetScreenState request: state="robot_pick_started" detail={"source": "robot", "payload": {"action": "pick", "tool": "pencil"}}
2026-10-07T20:12:11.605 [screen_state_node] SENT screen state -> robot_pick_started (display: "ROBOT PICK START")
2026-10-07T20:12:12.010 [pick_tool_node] RECEIVED PickTool goal: pencil
2026-10-07T20:12:12.080 [pick_tool_node] DOING [pickTool:pencil] step: receive_tool
2026-10-07T20:12:12.977 [motion_node] RECEIVED SetState request: STANDBY
2026-10-07T20:12:13.038 [motion_node] SENT state STANDBY: OK STANDBY
2026-10-07T20:12:13.175 [pick_tool_node] SENT state -> STANDBY
2026-10-07T20:12:13.238 [pick_tool_node] SENT human notify: place_tool: Place "pencil" in the robot tool link, then press the button.
2026-10-07T20:12:13.291 [pick_tool_node] DOING [pickTool:pencil] step: waiting_for_button
2026-10-07T20:12:28.646 [dispatch_node] RECEIVED push button pressed
2026-10-07T20:12:28.724 [pick_tool_node] DOING [pickTool:pencil] step: validating_tool
2026-10-07T20:12:28.880 [motion_node] RECEIVED SetState request: TOOL_CHECK
2026-10-07T20:12:28.891 [draw_line_node] RECEIVED push button pressed
2026-10-07T20:12:28.948 [motion_node] SENT state TOOL_CHECK: OK TOOL_CHECK
2026-10-07T20:12:29.003 [pick_tool_node] SENT state -> TOOL_CHECK
2026-10-07T20:12:29.017 [mark_point_node] RECEIVED push button pressed
2026-10-07T20:12:29.072 [draw_arc_node] RECEIVED push button pressed
2026-10-07T20:12:37.303 [motion_node] RECEIVED SetState request: TOOL_MISSING
2026-10-07T20:12:37.421 [motion_node] SENT state TOOL_MISSING: OK TOOL_MISSING
2026-10-07T20:12:37.527 [pick_tool_node] SENT state -> TOOL_MISSING
2026-10-07T20:12:37.575 [pick_tool_node] SENT human notify: tool_missing: Tool "pencil" not detected. Place it and press the button.
2026-10-07T20:12:49.007 [dispatch_node] RECEIVED push button pressed
2026-10-07T20:12:49.035 [mark_point_node] RECEIVED push button pressed
2026-10-07T20:12:49.073 [draw_line_node] RECEIVED push button pressed
2026-10-07T20:12:49.115 [pick_tool_node] RECEIVED push button pressed
2026-10-07T20:12:49.091 [draw_arc_node] RECEIVED push button pressed
2026-10-07T20:12:49.137 [motion_node] RECEIVED SetState request: TOOL_CHECK
2026-10-07T20:12:49.206 [motion_node] SENT state TOOL_CHECK: OK TOOL_CHECK
2026-10-07T20:12:49.244 [pick_tool_node] SENT state -> TOOL_CHECK
2026-10-07T20:12:54.400 [motion_node] RECEIVED SetState request: TOOL_MISSING
2026-10-07T20:12:54.453 [motion_node] SENT state TOOL_MISSING: OK TOOL_MISSING
2026-10-07T20:12:54.567 [pick_tool_node] SENT state -> TOOL_MISSING
2026-10-07T20:12:54.608 [pick_tool_node] SENT human notify: tool_missing: Tool "pencil" not detected. Place it and press the button.
2026-10-07T20:12:59.254 [draw_line_node] RECEIVED push button pressed
2026-10-07T20:12:59.296 [pick_tool_node] RECEIVED push button pressed
2026-10-07T20:12:59.315 [draw_arc_node] RECEIVED push button pressed
2026-10-07T20:12:59.341 [motion_node] RECEIVED SetState request: TOOL_CHECK
2026-10-07T20:12:59.361 [dispatch_node] RECEIVED push button pressed
2026-10-07T20:12:59.386 [motion_node] SENT state TOOL_CHECK: OK TOOL_CHECK
2026-10-07T20:12:59.328 [mark_point_node] RECEIVED push button pressed
2026-10-07T20:12:59.435 [pick_tool_node] SENT state -> TOOL_CHECK
2026-10-07T20:13:03.073 [motion_node] RECEIVED SetState request: TOOL_MISSING
2026-10-07T20:13:03.119 [motion_node] SENT state TOOL_MISSING: OK TOOL_MISSING
2026-10-07T20:13:03.150 [pick_tool_node] SENT state -> TOOL_MISSING
2026-10-07T20:13:03.198 [pick_tool_node] SENT human notify: tool_missing: Tool "pencil" not detected. Place it and press the button.
2026-10-07T20:13:05.057 [pick_tool_node] RECEIVED push button pressed
2026-10-07T20:13:05.066 [mark_point_node] RECEIVED push button pressed
2026-10-07T20:13:05.076 [draw_line_node] RECEIVED push button pressed
2026-10-07T20:13:05.085 [motion_node] RECEIVED SetState request: TOOL_CHECK
2026-10-07T20:13:05.110 [draw_arc_node] RECEIVED push button pressed
2026-10-07T20:13:05.137 [motion_node] SENT state TOOL_CHECK: OK TOOL_CHECK
2026-10-07T20:13:05.164 [pick_tool_node] SENT state -> TOOL_CHECK
2026-10-07T20:13:07.204 [motion_node] RECEIVED SetState request: CONFIRMED
2026-10-07T20:13:07.226 [motion_node] SENT state CONFIRMED: OK CONFIRMED
2026-10-07T20:13:07.277 [pick_tool_node] SENT state -> CONFIRMED
2026-10-07T20:13:08.577 [tool_state_node] RECEIVED SetHeldTool request: "pencil"
2026-10-07T20:13:08.650 [tool_state_node] SENT held tool changed: "pencil" -> "pencil"
2026-10-07T20:13:08.699 [pick_tool_node] DOING [pickTool:pencil] step: standby
2026-10-07T20:13:08.728 [motion_node] RECEIVED SetState request: STANDBY
2026-10-07T20:13:08.755 [motion_node] SENT state STANDBY: OK STANDBY
2026-10-07T20:13:08.821 [pick_tool_node] SENT state -> STANDBY
2026-10-07T20:13:08.860 [dispatch_node] RECEIVED pick result: success=True message="holding "pencil""
2026-10-07T20:13:08.877 [dispatch_node] SENT completion for actionId=pick-b220cfae source=robot result={'ok': True, 'action': 'pick', 'message': 'holding "pencil"'}
2026-10-07T20:13:33.974 [dispatch_node] RECEIVED actionId=mark-83bf7cbf source=robot pairId=mark-83bf7cbf pairSize=1 payload={'action': 'mark', 'point': [150.0, 150.0]}
2026-10-07T20:13:34.012 [screen_state_node] RECEIVED SetScreenState request: state="robot_mark_started" detail={"source": "robot", "payload": {"action": "mark", "point": [150.0, 150.0]}}
2026-10-07T20:13:34.062 [dispatch_node] SENT mark goal: nexus_interfaces.action.MarkPoint_Goal(x_mm=150.0, y_mm=150.0)
2026-10-07T20:13:34.098 [screen_state_node] SENT screen state -> robot_mark_started (display: "ROBOT MARK START")
2026-10-07T20:13:34.248 [mark_point_node] RECEIVED MarkPoint goal: (150.0, 150.0)
2026-10-07T20:13:34.328 [mark_point_node] DOING [markPoint] step: validating_tool
2026-10-07T20:13:34.449 [tool_state_node] RECEIVED GetHeldTool request
2026-10-07T20:13:34.488 [tool_state_node] SENT held tool: "pencil"
2026-10-07T20:13:34.569 [motion_node] RECEIVED SetState request: TOOL_CHECK
2026-10-07T20:13:34.600 [motion_node] SENT state TOOL_CHECK: OK TOOL_CHECK
2026-10-07T20:13:34.659 [mark_point_node] SENT state -> TOOL_CHECK
2026-10-07T20:13:38.196 [motion_node] RECEIVED SetState request: TOOL_MISSING
2026-10-07T20:13:38.226 [motion_node] SENT state TOOL_MISSING: OK TOOL_MISSING
2026-10-07T20:13:38.281 [mark_point_node] SENT state -> TOOL_MISSING
2026-10-07T20:13:38.384 [mark_point_node] SENT human notify: tool_missing: Tool "pencil" not detected. Place it and press the button.
2026-10-07T20:13:42.128 [pick_tool_node] RECEIVED push button pressed
2026-10-07T20:13:42.128 [mark_point_node] RECEIVED push button pressed
2026-10-07T20:13:42.172 [draw_line_node] RECEIVED push button pressed
CHECK
2026-10-07T20:13:42.223 [motion_node] SENT state TOOL_CHECK: OK TOOL_CHECK
2026-10-07T20:13:42.291 [mark_point_node] SENT state -> TOOL_CHECK
2026-10-07T20:13:45.517 [motion_node] RECEIVED SetState request: TOOL_MISSING
2026-10-07T20:13:45.575 [motion_node] SENT state TOOL_MISSING: OK TOOL_MISSING
2026-10-07T20:13:45.613 [mark_point_node] SENT state -> TOOL_MISSING
2026-10-07T20:13:45.659 [mark_point_node] SENT human notify: tool_missing: Tool "pencil" not detected. Place it and press the button.
2026-10-07T20:13:46.529 [dispatch_node] RECEIVED push button pressed
2026-10-07T20:13:46.527 [mark_point_node] RECEIVED push button pressed
2026-10-07T20:13:46.550 [draw_arc_node] RECEIVED push button pressed
2026-10-07T20:13:46.614 [motion_node] RECEIVED SetState request: TOOL_CHECK
2026-10-07T20:13:46.644 [motion_node] SENT state TOOL_CHECK: OK TOOL_CHECK
2026-10-07T20:13:46.696 [draw_line_node] RECEIVED push button pressed
2026-10-07T20:13:46.759 [mark_point_node] SENT state -> TOOL_CHECK
2026-10-07T20:13:52.028 [motion_node] RECEIVED SetState request: TOOL_MISSING
2026-10-07T20:13:52.066 [motion_node] SENT state TOOL_MISSING: OK TOOL_MISSING
2026-10-07T20:13:52.090 [mark_point_node] SENT state -> TOOL_MISSING
2026-10-07T20:13:52.161 [mark_point_node] SENT human notify: tool_missing: Tool "pencil" not detected. Place it and press the button.
2026-10-07T20:13:54.716 [dispatch_node] RECEIVED push button pressed
2026-10-07T20:13:54.738 [pick_tool_node] RECEIVED push button pressed
2026-10-07T20:13:54.782 [draw_line_node] RECEIVED push button pressed
2026-10-07T20:13:54.794 [motion_node] RECEIVED SetState request: TOOL_CHECK
2026-10-07T20:13:54.817 [mark_point_node] RECEIVED push button pressed
2026-10-07T20:13:54.840 [draw_arc_node] RECEIVED push button pressed
2026-10-07T20:13:54.884 [motion_node] SENT state TOOL_CHECK: OK TOOL_CHECK
2026-10-07T20:13:54.954 [mark_point_node] SENT state -> TOOL_CHECK
2026-10-07T20:13:58.409 [motion_node] RECEIVED SetState request: TOOL_MISSING
2026-10-07T20:13:58.530 [motion_node] SENT state TOOL_MISSING: OK TOOL_MISSING
2026-10-07T20:13:58.736 [mark_point_node] SENT state -> TOOL_MISSING
2026-10-07T20:13:58.930 [mark_point_node] SENT human notify: tool_missing: Tool "pencil" not detected. Place it and press the button.
2026-10-07T20:13:59.191 [pick_tool_node] RECEIVED push button pressed
2026-10-07T20:13:59.266 [motion_node] RECEIVED SetState request: TOOL_CHECK
2026-10-07T20:13:59.270 [draw_line_node] RECEIVED push button pressed
2026-10-07T20:13:59.319 [mark_point_node] RECEIVED push button pressed
2026-10-07T20:13:59.352 [motion_node] SENT state TOOL_CHECK: OK TOOL_CHECK
2026-10-07T20:13:59.396 [mark_point_node] SENT state -> TOOL_CHECK
2026-10-07T20:14:05.265 [motion_node] RECEIVED SetState request: TOOL_MISSING
2026-10-07T20:14:05.310 [motion_node] SENT state TOOL_MISSING: OK TOOL_MISSING
2026-10-07T20:14:05.347 [mark_point_node] SENT state -> TOOL_MISSING
2026-10-07T20:14:05.399 [mark_point_node] SENT human notify: tool_missing: Tool "pencil" not detected. Place it and press the button.
2026-10-07T20:14:09.332 [dispatch_node] RECEIVED push button pressed

2026-10-07T20:14:09.349 [draw_arc_node] RECEIVED push button pressed
d
2026-10-07T20:14:09.393 [motion_node] RECEIVED SetState request: TOOL_CHECK
2026-10-07T20:14:09.398 [draw_line_node] RECEIVED push button pressed
2026-10-07T20:14:09.435 [motion_node] SENT state TOOL_CHECK: OK TOOL_CHECK
2026-10-07T20:14:09.564 [mark_point_node] SENT state -> TOOL_CHECK
2026-10-07T20:14:15.195 [motion_node] RECEIVED SetState request: TOOL_MISSING
2026-10-07T20:14:15.231 [motion_node] SENT state TOOL_MISSING: OK TOOL_MISSING
2026-10-07T20:14:15.326 [mark_point_node] SENT state -> TOOL_MISSING
2026-10-07T20:14:15.347 [mark_point_node] SENT human notify: tool_missing: Tool "pencil" not detected. Place it and press the button.
2026-10-07T20:14:16.762 [dispatch_node] RECEIVED push button pressed
2026-10-07T20:14:16.776 [pick_tool_node] RECEIVED push button pressed
2026-10-07T20:14:16.827 [draw_line_node] RECEIVED push button pressed
2026-10-07T20:14:16.836 [motion_node] RECEIVED SetState request: TOOL_CHECK
2026-10-07T20:14:16.938 [mark_point_node] RECEIVED push button pressed
2026-10-07T20:14:16.961 [motion_node] SENT state TOOL_CHECK: OK TOOL_CHECK
2026-10-07T20:14:17.167 [mark_point_node] SENT state -> TOOL_CHECK
2026-10-07T20:14:22.142 [motion_node] RECEIVED SetState request: TOOL_MISSING
2026-10-07T20:14:22.193 [motion_node] SENT state TOOL_MISSING: OK TOOL_MISSING
2026-10-07T20:14:22.284 [mark_point_node] SENT state -> TOOL_MISSING
2026-10-07T20:14:22.310 [mark_point_node] SENT human notify: tool_missing: Tool "pencil" not detected. Place it and press the button.
2026-10-07T20:14:22.798 [pick_tool_node] RECEIVED push button pressed
2026-10-07T20:14:22.808 [dispatch_node] RECEIVED push button pressed
2026-10-07T20:14:22.817 [draw_arc_node] RECEIVED push button pressed
2026-10-07T20:14:22.834 [draw_line_node] RECEIVED push button pressed
2026-10-07T20:14:22.866 [mark_point_node] RECEIVED push button pressed
2026-10-07T20:14:22.889 [motion_node] RECEIVED SetState request: TOOL_CHECK
2026-10-07T20:14:22.932 [motion_node] SENT state TOOL_CHECK: OK TOOL_CHECK
2026-10-07T20:14:23.036 [mark_point_node] SENT state -> TOOL_CHECK
2026-10-07T20:14:27.961 [motion_node] RECEIVED SetState request: TOOL_MISSING
2026-10-07T20:14:28.021 [motion_node] SENT state TOOL_MISSING: OK TOOL_MISSING
2026-10-07T20:14:28.182 [mark_point_node] SENT state -> TOOL_MISSING
2026-10-07T20:14:28.208 [mark_point_node] SENT human notify: tool_missing: Tool "pencil" not detected. Place it and press the button.
2026-10-07T20:14:35.509 [mark_point_node] RECEIVED push button pressed
026-10-07T20:14:35.528 [dispatch_node] RECEIVED push button pressed
2026-10-07T20:14:35.548 [draw_line_node] RECEIVED push button pressed
2026-10-07T20:14:35.608 [motion_node] RECEIVED SetState request: TOOL_CHECK
2026-10-07T20:14:35.628 [draw_arc_node] RECEIVED push button pressed
2026-10-07T20:14:35.683 [motion_node] SENT state TOOL_CHECK: OK TOOL_CHECK
2026-10-07T20:14:35.767 [mark_point_node] SENT state -> TOOL_CHECK
2026-10-07T20:14:38.888 [motion_node] RECEIVED SetState request: TOOL_MISSING
2026-10-07T20:14:38.939 [motion_node] SENT state TOOL_MISSING: OK TOOL_MISSING
2026-10-07T20:14:39.009 [mark_point_node] SENT state -> TOOL_MISSING
2026-10-07T20:14:39.093 [mark_point_node] SENT human notify: tool_missing: Tool "pencil" not detected. Place it and press the button.
2026-10-07T20:14:46.992 [draw_arc_node] RECEIVED push button pressed
d
2026-10-07T20:14:47.014 [pick_tool_node] RECEIVED push button pressed
2026-10-07T20:14:47.033 [dispatch_node] RECEIVED push button pressed
2026-10-07T20:14:47.052 [motion_node] RECEIVED SetState request: TOOL_CHECK
2026-10-07T20:14:47.093 [motion_node] SENT state TOOL_CHECK: OK TOOL_CHECK
2026-10-07T20:14:47.210 [mark_point_node] SENT state -> TOOL_CHECK
2026-10-07T20:14:53.002 [motion_node] RECEIVED SetState request: TOOL_MISSING
2026-10-07T20:14:53.020 [motion_node] SENT state TOOL_MISSING: OK TOOL_MISSING
2026-10-07T20:14:53.133 [mark_point_node] SENT state -> TOOL_MISSING
2026-10-07T20:14:53.190 [mark_point_node] SENT human notify: tool_missing: Tool "pencil" not detected. Place it and press the button.
2026-10-07T20:14:53.774 [pick_tool_node] RECEIVED push button pressed
2026-10-07T20:14:53.806 [dispatch_node] RECEIVED push button pressed
2026-10-07T20:14:53.783 [mark_point_node] RECEIVED push button pressed
2026-10-07T20:14:53.846 [draw_arc_node] RECEIVED push button pressed
2026-10-07T20:14:53.821 [draw_line_node] RECEIVED push button pressed
2026-10-07T20:14:53.881 [motion_node] RECEIVED SetState request: TOOL_CHECK
2026-10-07T20:14:53.929 [motion_node] SENT state TOOL_CHECK: OK TOOL_CHECK
2026-10-07T20:14:54.001 [mark_point_node] SENT state -> TOOL_CHECK
2026-10-07T20:14:59.249 [motion_node] RECEIVED SetState request: TOOL_MISSING
2026-10-07T20:14:59.282 [motion_node] SENT state TOOL_MISSING: OK TOOL_MISSING
2026-10-07T20:14:59.337 [mark_point_node] SENT state -> TOOL_MISSING
2026-10-07T20:14:59.379 [mark_point_node] SENT human notify: tool_missing: Tool "pencil" not detected. Place it and press the button.
2026-10-07T20:14:59.530 [pick_tool_node] RECEIVED push button pressed
2026-10-07T20:14:59.539 [dispatch_node] RECEIVED push button pressed
2026-10-07T20:14:59.577 [mark_point_node] RECEIVED push button pressed
2026-10-07T20:14:59.569 [draw_line_node] RECEIVED push button pressed
2026-10-07T20:14:59.619 [motion_node] RECEIVED SetState request: TOOL_CHECK
2026-10-07T20:14:59.660 [motion_node] SENT state TOOL_CHECK: OK TOOL_CHECK
2026-10-07T20:14:59.675 [draw_arc_node] RECEIVED push button pressed
2026-10-07T20:14:59.730 [mark_point_node] SENT state -> TOOL_CHECK
2026-10-07T20:15:03.318 [motion_node] RECEIVED SetState request: TOOL_MISSING
2026-10-07T20:15:03.374 [motion_node] SENT state TOOL_MISSING: OK TOOL_MISSING
2026-10-07T20:15:03.451 [mark_point_node] SENT state -> TOOL_MISSING
2026-10-07T20:15:03.483 [mark_point_node] SENT human notify: tool_missing: Tool "pencil" not detected. Place it and press the button.
2026-10-07T20:15:10.518 [draw_arc_node] RECEIVED push button pressed
2026-10-07T20:15:10.528 [pick_tool_node] RECEIVED push button pressed
2026-10-07T20:15:10.533 [draw_line_node] RECEIVED push button pressed
2026-10-07T20:15:10.584 [mark_point_node] RECEIVED push button pressed
2026-10-07T20:15:10.598 [motion_node] RECEIVED SetState request: TOOL_CHECK
2026-10-07T20:15:10.625 [dispatch_node] RECEIVED push button pressed
2026-10-07T20:15:10.658 [motion_node] SENT state TOOL_CHECK: OK TOOL_CHECK
2026-10-07T20:15:10.742 [mark_point_node] SENT state -> TOOL_CHECK
2026-10-07T20:15:14.027 [motion_node] RECEIVED SetState request: TOOL_MISSING
2026-10-07T20:15:14.075 [motion_node] SENT state TOOL_MISSING: OK TOOL_MISSING
2026-10-07T20:15:14.226 [mark_point_node] SENT state -> TOOL_MISSING
2026-10-07T20:15:14.249 [mark_point_node] SENT human notify: tool_missing: Tool "pencil" not detected. Place it and press the button.
2026-10-07T20:15:32.974 [pick_tool_node] RECEIVED push button pressed
2026-10-07T20:15:32.995 [draw_arc_node] RECEIVED push button pressed
2026-10-07T20:15:32.989 [mark_point_node] RECEIVED push button pressed
2026-10-07T20:15:33.088 [motion_node] RECEIVED SetState request: TOOL_CHECK
2026-10-07T20:15:33.142 [motion_node] SENT state TOOL_CHECK: OK TOOL_CHECK
2026-10-07T20:15:33.089 [draw_line_node] RECEIVED push button pressed
2026-10-07T20:15:33.169 [mark_point_node] SENT state -> TOOL_CHECK
2026-10-07T20:15:37.123 [motion_node] RECEIVED SetState request: TOOL_MISSING
2026-10-07T20:15:37.156 [motion_node] SENT state TOOL_MISSING: OK TOOL_MISSING
2026-10-07T20:15:37.197 [mark_point_node] SENT state -> TOOL_MISSING
2026-10-07T20:15:37.225 [mark_point_node] SENT human notify: tool_missing: Tool "pencil" not detected. Place it and press the button.
2026-10-07T20:16:06.114 [dispatch_node] RECEIVED actionId=mark-338e9792 source=robot pairId=mark-338e9792 pairSize=1 payload={'action': 'mark', 'point': [150.0, 150.0]}
2026-10-07T20:16:06.159 [screen_state_node] RECEIVED SetScreenState request: state="robot_mark_started" detail={"source": "robot", "payload": {"action": "mark", "point": [150.0, 150.0]}}
2026-10-07T20:16:06.178 [dispatch_node] DOING routing robot action "mark"
2026-10-07T20:16:06.233 [dispatch_node] SENT mark goal: nexus_interfaces.action.MarkPoint_Goal(x_mm=150.0, y_mm=150.0)
2026-10-07T20:16:06.266 [screen_state_node] SENT screen state -> robot_mark_started (display: "ROBOT MARK START")
2026-10-07T20:16:06.309 [mark_point_node] RECEIVED MarkPoint goal: (150.0, 150.0)
2026-10-07T20:16:06.350 [mark_point_node] DOING [markPoint] step: validating_tool
2026-10-07T20:16:06.379 [tool_state_node] RECEIVED GetHeldTool request
2026-10-07T20:16:06.421 [tool_state_node] SENT held tool: "pencil"
2026-10-07T20:16:06.481 [motion_node] RECEIVED SetState request: TOOL_CHECK
2026-10-07T20:16:06.610 [motion_node] SENT state TOOL_CHECK: OK TOOL_CHECK
2026-10-07T20:16:06.837 [mark_point_node] SENT state -> TOOL_CHECK
2026-10-07T20:16:11.640 [mark_point_node] RECEIVED push button pressed
2026-10-07T20:16:11.671 [draw_arc_node] RECEIVED push button pressed
2026-10-07T20:16:11.699 [pick_tool_node] RECEIVED push button pressed
2026-10-07T20:16:11.697 [draw_line_node] RECEIVED push button pressed
2026-10-07T20:16:11.721 [dispatch_node] RECEIVED push button pressed
2026-10-07T20:16:11.832 [motion_node] RECEIVED SetState request: TOOL_CHECK
2026-10-07T20:16:11.898 [motion_node] SENT state TOOL_CHECK: OK TOOL_CHECK
2026-10-07T20:16:12.037 [mark_point_node] SENT state -> TOOL_CHECK
2026-10-07T20:16:12.652 [motion_node] RECEIVED SetState request: TOOL_MISSING
2026-10-07T20:16:12.717 [motion_node] SENT state TOOL_MISSING: OK TOOL_MISSING
2026-10-07T20:16:12.952 [mark_point_node] SENT state -> TOOL_MISSING
2026-10-07T20:16:12.998 [mark_point_node] SENT human notify: tool_missing: Tool "pencil" not detected. Place it and press the button.
2026-10-07T20:16:17.384 [motion_node] RECEIVED SetState request: TOOL_MISSING
2026-10-07T20:16:17.412 [motion_node] SENT state TOOL_MISSING: OK TOOL_MISSING
2026-10-07T20:16:17.489 [mark_point_node] SENT state -> TOOL_MISSING
2026-10-07T20:16:17.538 [mark_point_node] SENT human notify: tool_missing: Tool "pencil" not detected. Place it and press the button.
2026-10-07T20:16:25.077 [pick_tool_node] RECEIVED push button pressed
2026-10-07T20:16:25.106 [dispatch_node] RECEIVED push button pressed
2026-10-07T20:16:25.142 [draw_line_node] RECEIVED push button pressed
2026-10-07T20:16:25.127 [mark_point_node] RECEIVED push button pressed
2026-10-07T20:16:25.179 [draw_arc_node] RECEIVED push button pressed
2026-10-07T20:16:25.182 [motion_node] RECEIVED SetState request: TOOL_CHECK
2026-10-07T20:16:25.288 [motion_node] RECEIVED SetState request: TOOL_CHECK
2026-10-07T20:16:25.306 [motion_node] SENT state TOOL_CHECK: OK TOOL_CHECK
2026-10-07T20:16:25.341 [motion_node] SENT state TOOL_CHECK: OK TOOL_CHECK
2026-10-07T20:16:25.389 [mark_point_node] SENT state -> TOOL_CHECK
2026-10-07T20:16:25.412 [mark_point_node] SENT state -> TOOL_CHECK
2026-10-07T20:16:30.198 [motion_node] RECEIVED SetState request: TOOL_MISSING
2026-10-07T20:16:30.229 [motion_node] SENT state TOOL_MISSING: OK TOOL_MISSING
2026-10-07T20:16:30.324 [mark_point_node] SENT state -> TOOL_MISSING
2026-10-07T20:16:30.409 [mark_point_node] SENT human notify: tool_missing: Tool "pencil" not detected. Place it and press the button.
2026-10-07T20:16:32.379 [motion_node] RECEIVED SetState request: TOOL_MISSING
2026-10-07T20:16:32.490 [dispatch_node] RECEIVED push button pressed
2026-10-07T20:16:32.530 [pick_tool_node] RECEIVED push button pressed
_MISSING
2026-10-07T20:16:32.566 [draw_arc_node] RECEIVED push button pressed
2026-10-07T20:16:32.622 [motion_node] RECEIVED SetState request: TOOL_CHECK
2026-10-07T20:16:32.627 [mark_point_node] RECEIVED push button pressed
2026-10-07T20:16:32.676 [motion_node] SENT state TOOL_CHECK: OK TOOL_CHECK
2026-10-07T20:16:32.726 [mark_point_node] SENT state -> TOOL_MISSING
2026-10-07T20:16:32.686 [draw_line_node] RECEIVED push button pressed
2026-10-07T20:16:32.752 [mark_point_node] SENT human notify: tool_missing: Tool "pencil" not detected. Place it and press the button.
2026-10-07T20:16:32.828 [mark_point_node] SENT state -> TOOL_CHECK
2026-10-07T20:16:37.519 [motion_node] RECEIVED SetState request: TOOL_MISSING
2026-10-07T20:16:37.540 [motion_node] SENT state TOOL_MISSING: OK TOOL_MISSING
2026-10-07T20:16:37.573 [mark_point_node] SENT state -> TOOL_MISSING
2026-10-07T20:16:37.614 [mark_point_node] SENT human notify: tool_missing: Tool "pencil" not detected. Place it and press the button.
2026-10-07T20:16:43.210 [pick_tool_node] RECEIVED push button pressed
2026-10-07T20:16:43.235 [motion_node] RECEIVED SetState request: TOOL_CHECK
2026-10-07T20:16:43.244 [draw_line_node] RECEIVED push button pressed
CHECK
2026-10-07T20:16:43.268 [motion_node] SENT state TOOL_CHECK: OK TOOL_CHECK
2026-10-07T20:16:43.298 [motion_node] SENT state TOOL_CHECK: OK TOOL_CHECK
2026-10-07T20:16:43.296 [mark_point_node] RECEIVED push button pressed
2026-10-07T20:16:43.351 [mark_point_node] SENT state -> TOOL_CHECK
2026-10-07T20:16:43.395 [mark_point_node] SENT state -> TOOL_CHECK
2026-10-07T20:16:43.302 [draw_arc_node] RECEIVED push button pressed
2026-10-07T20:16:48.944 [motion_node] RECEIVED SetState request: TOOL_MISSING
2026-10-07T20:16:49.007 [motion_node] SENT state TOOL_MISSING: OK TOOL_MISSING
2026-10-07T20:16:49.116 [mark_point_node] SENT state -> TOOL_MISSING
2026-10-07T20:16:49.226 [mark_point_node] SENT human notify: tool_missing: Tool "pencil" not detected. Place it and press the button.
2026-10-07T20:16:50.714 [motion_node] RECEIVED SetState request: TOOL_MISSING
2026-10-07T20:16:50.789 [motion_node] SENT state TOOL_MISSING: OK TOOL_MISSING
2026-10-07T20:16:50.861 [mark_point_node] SENT state -> TOOL_MISSING
2026-10-07T20:16:50.937 [mark_point_node] SENT human notify: tool_missing: Tool "pencil" not detected. Place it and press the button.
2026-10-07T20:16:53.791 [mark_point_node] RECEIVED push button pressed
2026-10-07T20:16:53.781 [draw_arc_node] RECEIVED push button pressed

2026-10-07T20:16:53.819 [dispatch_node] RECEIVED push button pressed
2026-10-07T20:16:53.861 [draw_line_node] RECEIVED push button pressed
2026-10-07T20:16:53.877 [motion_node] RECEIVED SetState request: TOOL_CHECK
2026-10-07T20:16:53.923 [motion_node] SENT state TOOL_CHECK: OK TOOL_CHECK
2026-10-07T20:16:53.936 [motion_node] SENT state TOOL_CHECK: OK TOOL_CHECK
2026-10-07T20:16:54.033 [mark_point_node] SENT state -> TOOL_CHECK
2026-10-07T20:16:54.106 [mark_point_node] SENT state -> TOOL_CHECK
2026-10-07T20:16:55.548 [motion_node] RECEIVED SetState request: CONFIRMED
2026-10-07T20:16:55.581 [motion_node] SENT state CONFIRMED: OK CONFIRMED
2026-10-07T20:16:55.660 [mark_point_node] SENT state -> CONFIRMED
2026-10-07T20:16:56.782 [mark_point_node] DOING [markPoint] step: validating_paper
2026-10-07T20:16:56.870 [motion_node] RECEIVED SetState request: GRID_CHECK
2026-10-07T20:16:56.962 [motion_node] SENT state GRID_CHECK: OK GRID_CHECK
2026-10-07T20:16:57.021 [motion_node] RECEIVED SetState request: CONFIRMED
2026-10-07T20:16:57.054 [motion_node] SENT state CONFIRMED: OK CONFIRMED
2026-10-07T20:16:57.087 [mark_point_node] SENT state -> GRID_CHECK
2026-10-07T20:16:57.120 [mark_point_node] SENT state -> CONFIRMED
2026-10-07T20:16:57.184 [grid_node] RECEIVED DetectPaper request: paper_size=A4
2026-10-07T20:16:57.213 [grid_node] DOING no matching paper rectangle currently in frame
2026-10-07T20:16:57.285 [motion_node] RECEIVED SetState request: PAPER_MISSING
2026-10-07T20:16:57.425 [motion_node] SENT state PAPER_MISSING: OK PAPER_MISSING
2026-10-07T20:16:57.467 [mark_point_node] SENT state -> PAPER_MISSING
2026-10-07T20:16:57.491 [mark_point_node] SENT human notify: paper_missing: Paper not detected. Place paper in view.
2026-10-07T20:16:58.018 [grid_node] RECEIVED DetectPaper request: paper_size=A4
2026-10-07T20:16:58.062 [grid_node] DOING no matching paper rectangle currently in frame
2026-10-07T20:16:58.263 [mark_point_node] DOING [markPoint] step: validating_paper
2026-10-07T20:16:58.298 [motion_node] RECEIVED SetState request: GRID_CHECK
2026-10-07T20:16:58.341 [motion_node] SENT state GRID_CHECK: OK GRID_CHECK
2026-10-07T20:16:58.387 [mark_point_node] SENT state -> GRID_CHECK
2026-10-07T20:16:58.412 [grid_node] RECEIVED DetectPaper request: paper_size=A4
2026-10-07T20:16:58.429 [grid_node] DOING no matching paper rectangle currently in frame
2026-10-07T20:16:58.491 [motion_node] RECEIVED SetState request: PAPER_MISSING
2026-10-07T20:16:58.521 [motion_node] SENT state PAPER_MISSING: OK PAPER_MISSING
2026-10-07T20:16:58.581 [mark_point_node] SENT state -> PAPER_MISSING
2026-10-07T20:16:58.613 [grid_node] RECEIVED DetectPaper request: paper_size=A4
2026-10-07T20:16:58.614 [mark_point_node] SENT human notify: paper_missing: Paper not detected. Place paper in view.
2026-10-07T20:16:58.642 [grid_node] DOING no matching paper rectangle currently in frame
2026-10-07T20:16:59.162 [grid_node] RECEIVED DetectPaper request: paper_size=A4
2026-10-07T20:16:59.183 [grid_node] DOING no matching paper rectangle currently in frame
2026-10-07T20:16:59.217 [grid_node] RECEIVED DetectPaper request: paper_size=A4
2026-10-07T20:16:59.234 [grid_node] DOING no matching paper rectangle currently in frame
2026-10-07T20:16:59.718 [grid_node] RECEIVED DetectPaper request: paper_size=A4
2026-10-07T20:16:59.760 [grid_node] DOING no matching paper rectangle currently in frame
2026-10-07T20:16:59.790 [grid_node] RECEIVED DetectPaper request: paper_size=A4
2026-10-07T20:16:59.809 [grid_node] DOING no matching paper rectangle currently in frame
2026-10-07T20:17:00.320 [grid_node] RECEIVED DetectPaper request: paper_size=A4
2026-10-07T20:17:00.361 [grid_node] DOING no matching paper rectangle currently in frame
2026-10-07T20:17:00.396 [grid_node] RECEIVED DetectPaper request: paper_size=A4
2026-10-07T20:17:00.434 [grid_node] DOING no matching paper rectangle currently in frame
2026-10-07T20:17:00.977 [grid_node] RECEIVED DetectPaper request: paper_size=A4
2026-10-07T20:17:00.987 [grid_node] DOING no matching paper rectangle currently in frame
2026-10-07T20:17:01.061 [grid_node] RECEIVED DetectPaper request: paper_size=A4
2026-10-07T20:17:01.083 [grid_node] DOING no matching paper rectangle currently in frame
2026-10-07T20:17:01.643 [grid_node] RECEIVED DetectPaper request: paper_size=A4
2026-10-07T20:17:01.683 [grid_node] DOING no matching paper rectangle currently in frame
2026-10-07T20:17:01.713 [grid_node] RECEIVED DetectPaper request: paper_size=A4
2026-10-07T20:17:01.737 [grid_node] DOING no matching paper rectangle currently in frame
2026-10-07T20:17:02.326 [grid_node] RECEIVED DetectPaper request: paper_size=A4
2026-10-07T20:17:02.423 [grid_node] DOING no matching paper rectangle currently in frame
2026-10-07T20:17:02.444 [grid_node] RECEIVED DetectPaper request: paper_size=A4
2026-10-07T20:17:02.475 [grid_node] DOING no matching paper rectangle currently in frame
2026-10-07T20:17:03.048 [grid_node] RECEIVED DetectPaper request: paper_size=A4
2026-10-07T20:17:03.072 [grid_node] DOING no matching paper rectangle currently in frame
2026-10-07T20:17:03.090 [grid_node] RECEIVED DetectPaper request: paper_size=A4
2026-10-07T20:17:03.120 [grid_node] DOING no matching paper rectangle currently in frame
2026-10-07T20:17:03.628 [grid_node] RECEIVED DetectPaper request: paper_size=A4
2026-10-07T20:17:03.661 [grid_node] DOING no matching paper rectangle currently in frame
2026-10-07T20:17:03.757 [grid_node] RECEIVED DetectPaper request: paper_size=A4
2026-10-07T20:17:03.768 [grid_node] DOING no matching paper rectangle currently in frame
2026-10-07T20:17:04.231 [grid_node] RECEIVED DetectPaper request: paper_size=A4
2026-10-07T20:17:04.248 [grid_node] DOING no matching paper rectangle currently in frame
2026-10-07T20:17:04.356 [grid_node] RECEIVED DetectPaper request: paper_size=A4
2026-10-07T20:17:04.370 [grid_node] DOING no matching paper rectangle currently in frame
2026-10-07T20:17:04.788 [grid_node] RECEIVED DetectPaper request: paper_size=A4
2026-10-07T20:17:04.806 [grid_node] DOING no matching paper rectangle currently in frame
2026-10-07T20:17:04.944 [grid_node] RECEIVED DetectPaper request: paper_size=A4
2026-10-07T20:17:04.973 [grid_node] DOING no matching paper rectangle currently in frame
2026-10-07T20:17:05.367 [grid_node] RECEIVED DetectPaper request: paper_size=A4
2026-10-07T20:17:05.390 [grid_node] DOING no matching paper rectangle currently in frame
2026-10-07T20:17:05.514 [grid_node] RECEIVED DetectPaper request: paper_size=A4
2026-10-07T20:17:05.548 [grid_node] DOING no matching paper rectangle currently in frame
2026-10-07T20:17:05.955 [grid_node] RECEIVED DetectPaper request: paper_size=A4
2026-10-07T20:17:05.963 [grid_node] DOING no matching paper rectangle currently in frame
2026-10-07T20:17:06.100 [grid_node] RECEIVED DetectPaper request: paper_size=A4
2026-10-07T20:17:06.147 [grid_node] DOING no matching paper rectangle currently in frame
2026-10-07T20:17:06.526 [grid_node] RECEIVED DetectPaper request: paper_size=A4
2026-10-07T20:17:06.559 [grid_node] DOING no matching paper rectangle currently in frame
2026-10-07T20:17:06.745 [grid_node] RECEIVED DetectPaper request: paper_size=A4
2026-10-07T20:17:06.788 [grid_node] DOING no matching paper rectangle currently in frame
2026-10-07T20:17:07.157 [grid_node] RECEIVED DetectPaper request: paper_size=A4
2026-10-07T20:17:07.188 [grid_node] DOING no matching paper rectangle currently in frame
2026-10-07T20:17:07.422 [grid_node] RECEIVED DetectPaper request: paper_size=A4
2026-10-07T20:17:07.439 [grid_node] DOING no matching paper rectangle currently in frame
2026-10-07T20:17:07.789 [grid_node] RECEIVED DetectPaper request: paper_size=A4
2026-10-07T20:17:07.821 [grid_node] DOING no matching paper rectangle currently in frame
2026-10-07T20:17:08.031 [grid_node] RECEIVED DetectPaper request: paper_size=A4
2026-10-07T20:17:08.057 [grid_node] DOING no matching paper rectangle currently in frame
2026-10-07T20:17:08.415 [grid_node] RECEIVED DetectPaper request: paper_size=A4
2026-10-07T20:17:08.441 [grid_node] DOING no matching paper rectangle currently in frame
2026-10-07T20:17:08.622 [grid_node] RECEIVED DetectPaper request: paper_size=A4
2026-10-07T20:17:08.644 [grid_node] DOING no matching paper rectangle currently in frame
2026-10-07T20:17:09.004 [grid_node] RECEIVED DetectPaper request: paper_size=A4
2026-10-07T20:17:09.016 [grid_node] DOING no matching paper rectangle currently in frame
2026-10-07T20:17:09.230 [grid_node] RECEIVED DetectPaper request: paper_size=A4
2026-10-07T20:17:09.241 [grid_node] DOING no matching paper rectangle currently in frame
2026-10-07T20:17:09.581 [grid_node] RECEIVED DetectPaper request: paper_size=A4
2026-10-07T20:17:09.598 [grid_node] DOING no matching paper rectangle currently in frame
2026-10-07T20:17:09.789 [grid_node] RECEIVED DetectPaper request: paper_size=A4
2026-10-07T20:17:09.808 [grid_node] DOING no matching paper rectangle currently in frame
2026-10-07T20:17:10.181 [grid_node] RECEIVED DetectPaper request: paper_size=A4
2026-10-07T20:17:10.191 [grid_node] DOING no matching paper rectangle currently in frame
2026-10-07T20:17:10.414 [grid_node] RECEIVED DetectPaper request: paper_size=A4
2026-10-07T20:17:10.445 [grid_node] DOING no matching paper rectangle currently in frame
2026-10-07T20:17:10.764 [grid_node] RECEIVED DetectPaper request: paper_size=A4
2026-10-07T20:17:10.786 [grid_node] DOING no matching paper rectangle currently in frame
2026-10-07T20:17:11.036 [grid_node] RECEIVED DetectPaper request: paper_size=A4
2026-10-07T20:17:11.056 [grid_node] DOING no matching paper rectangle currently in frame
2026-10-07T20:17:11.340 [grid_node] RECEIVED DetectPaper request: paper_size=A4
2026-10-07T20:17:11.386 [grid_node] DOING no matching paper rectangle currently in frame
2026-10-07T20:17:11.699 [grid_node] RECEIVED DetectPaper request: paper_size=A4
2026-10-07T20:17:11.718 [grid_node] DOING no matching paper rectangle currently in frame
2026-10-07T20:17:11.996 [grid_node] RECEIVED DetectPaper request: paper_size=A4
2026-10-07T20:17:12.007 [grid_node] DOING no matching paper rectangle currently in frame
2026-10-07T20:17:12.274 [grid_node] RECEIVED DetectPaper request: paper_size=A4
2026-10-07T20:17:12.298 [grid_node] DOING no matching paper rectangle currently in frame
2026-10-07T20:17:12.556 [grid_node] RECEIVED DetectPaper request: paper_size=A4
2026-10-07T20:17:12.577 [grid_node] DOING no matching paper rectangle currently in frame
2026-10-07T20:17:12.882 [grid_node] RECEIVED DetectPaper request: paper_size=A4
2026-10-07T20:17:12.904 [grid_node] DOING no matching paper rectangle currently in frame
2026-10-07T20:17:13.143 [grid_node] RECEIVED DetectPaper request: paper_size=A4
2026-10-07T20:17:13.186 [grid_node] DOING no matching paper rectangle currently in frame
2026-10-07T20:17:13.465 [grid_node] RECEIVED DetectPaper request: paper_size=A4
2026-10-07T20:17:13.492 [grid_node] DOING no matching paper rectangle currently in frame
2026-10-07T20:17:13.746 [grid_node] RECEIVED DetectPaper request: paper_size=A4
2026-10-07T20:17:13.778 [grid_node] DOING no matching paper rectangle currently in frame
2026-10-07T20:17:14.071 [grid_node] RECEIVED DetectPaper request: paper_size=A4
2026-10-07T20:17:14.090 [grid_node] DOING no matching paper rectangle currently in frame
2026-10-07T20:17:14.335 [grid_node] RECEIVED DetectPaper request: paper_size=A4
2026-10-07T20:17:14.353 [grid_node] DOING no matching paper rectangle currently in frame
2026-10-07T20:17:14.639 [grid_node] RECEIVED DetectPaper request: paper_size=A4
2026-10-07T20:17:14.669 [grid_node] DOING no matching paper rectangle currently in frame
2026-10-07T20:17:14.937 [grid_node] RECEIVED DetectPaper request: paper_size=A4
2026-10-07T20:17:14.953 [grid_node] DOING no matching paper rectangle currently in frame
2026-10-07T20:17:15.245 [grid_node] RECEIVED DetectPaper request: paper_size=A4
2026-10-07T20:17:15.270 [grid_node] DOING no matching paper rectangle currently in frame
2026-10-07T20:17:15.495 [grid_node] RECEIVED DetectPaper request: paper_size=A4
2026-10-07T20:17:15.509 [grid_node] DOING no matching paper rectangle currently in frame
2026-10-07T20:17:15.833 [grid_node] RECEIVED DetectPaper request: paper_size=A4
2026-10-07T20:17:15.867 [grid_node] DOING no matching paper rectangle currently in frame
2026-10-07T20:17:16.068 [grid_node] RECEIVED DetectPaper request: paper_size=A4
2026-10-07T20:17:16.089 [grid_node] DOING no matching paper rectangle currently in frame
2026-10-07T20:17:16.427 [grid_node] RECEIVED DetectPaper request: paper_size=A4
2026-10-07T20:17:16.447 [grid_node] DOING no matching paper rectangle currently in frame
2026-10-07T20:17:16.699 [grid_node] RECEIVED DetectPaper request: paper_size=A4
2026-10-07T20:17:16.753 [grid_node] DOING no matching paper rectangle currently in frame
2026-10-07T20:17:17.065 [grid_node] RECEIVED DetectPaper request: paper_size=A4
2026-10-07T20:17:17.096 [grid_node] DOING no matching paper rectangle currently in frame
2026-10-07T20:17:17.356 [grid_node] RECEIVED DetectPaper request: paper_size=A4
2026-10-07T20:17:17.367 [grid_node] DOING no matching paper rectangle currently in frame
2026-10-07T20:17:17.698 [grid_node] RECEIVED DetectPaper request: paper_size=A4
2026-10-07T20:17:17.721 [grid_node] DOING no matching paper rectangle currently in frame
2026-10-07T20:17:17.922 [grid_node] RECEIVED DetectPaper request: paper_size=A4
2026-10-07T20:17:17.947 [grid_node] DOING no matching paper rectangle currently in frame
2026-10-07T20:17:18.305 [grid_node] RECEIVED DetectPaper request: paper_size=A4
2026-10-07T20:17:18.342 [grid_node] DOING no matching paper rectangle currently in frame
2026-10-07T20:17:18.561 [grid_node] RECEIVED DetectPaper request: paper_size=A4
2026-10-07T20:17:18.576 [grid_node] DOING no matching paper rectangle currently in frame
2026-10-07T20:17:18.894 [grid_node] RECEIVED DetectPaper request: paper_size=A4
2026-10-07T20:17:18.939 [grid_node] DOING no matching paper rectangle currently in frame
2026-10-07T20:17:19.222 [grid_node] RECEIVED DetectPaper request: paper_size=A4
2026-10-07T20:17:19.259 [grid_node] DOING no matching paper rectangle currently in frame
2026-10-07T20:17:19.490 [grid_node] RECEIVED DetectPaper request: paper_size=A4
2026-10-07T20:17:19.511 [grid_node] DOING no matching paper rectangle currently in frame
2026-10-07T20:17:19.843 [grid_node] RECEIVED DetectPaper request: paper_size=A4
2026-10-07T20:17:19.882 [grid_node] DOING no matching paper rectangle currently in frame
2026-10-07T20:17:20.082 [grid_node] RECEIVED DetectPaper request: paper_size=A4
2026-10-07T20:17:20.115 [grid_node] DOING no matching paper rectangle currently in frame
2026-10-07T20:17:20.484 [grid_node] RECEIVED DetectPaper request: paper_size=A4
2026-10-07T20:17:20.510 [grid_node] DOING no matching paper rectangle currently in frame
2026-10-07T20:17:20.753 [grid_node] RECEIVED DetectPaper request: paper_size=A4
2026-10-07T20:17:20.769 [grid_node] DOING no matching paper rectangle currently in frame
2026-10-07T20:17:21.091 [grid_node] RECEIVED DetectPaper request: paper_size=A4
2026-10-07T20:17:21.142 [grid_node] DOING no matching paper rectangle currently in frame
2026-10-07T20:17:21.429 [grid_node] RECEIVED DetectPaper request: paper_size=A4
2026-10-07T20:17:21.501 [grid_node] DOING no matching paper rectangle currently in frame
2026-10-07T20:17:21.869 [grid_node] RECEIVED DetectPaper request: paper_size=A4
2026-10-07T20:17:21.917 [grid_node] DOING no matching paper rectangle currently in frame
2026-10-07T20:17:22.143 [grid_node] RECEIVED DetectPaper request: paper_size=A4
2026-10-07T20:17:22.185 [grid_node] DOING no matching paper rectangle currently in frame
2026-10-07T20:17:22.541 [grid_node] RECEIVED DetectPaper request: paper_size=A4
2026-10-07T20:17:22.571 [grid_node] DOING no matching paper rectangle currently in frame
2026-10-07T20:17:22.795 [grid_node] RECEIVED DetectPaper request: paper_size=A4
2026-10-07T20:17:22.855 [grid_node] DOING no matching paper rectangle currently in frame
2026-10-07T20:17:23.126 [grid_node] RECEIVED DetectPaper request: paper_size=A4
2026-10-07T20:17:23.158 [grid_node] DOING no matching paper rectangle currently in frame
2026-10-07T20:17:23.419 [grid_node] RECEIVED DetectPaper request: paper_size=A4
2026-10-07T20:17:23.456 [grid_node] DOING no matching paper rectangle currently in frame
2026-10-07T20:17:23.703 [grid_node] RECEIVED DetectPaper request: paper_size=A4
2026-10-07T20:17:23.770 [grid_node] DOING no matching paper rectangle currently in frame
2026-10-07T20:17:24.129 [grid_node] RECEIVED DetectPaper request: paper_size=A4
2026-10-07T20:17:24.143 [grid_node] DOING no matching paper rectangle currently in frame
2026-10-07T20:17:24.421 [grid_node] RECEIVED DetectPaper request: paper_size=A4
2026-10-07T20:17:24.456 [grid_node] DOING no matching paper rectangle currently in frame
2026-10-07T20:17:24.768 [grid_node] RECEIVED DetectPaper request: paper_size=A4
2026-10-07T20:17:24.790 [grid_node] DOING no matching paper rectangle currently in frame
2026-10-07T20:17:25.104 [grid_node] RECEIVED DetectPaper request: paper_size=A4
2026-10-07T20:17:25.146 [grid_node] DOING no matching paper rectangle currently in frame
2026-10-07T20:17:25.414 [grid_node] RECEIVED DetectPaper request: paper_size=A4
2026-10-07T20:17:25.569 [grid_node] DOING no matching paper rectangle currently in frame
2026-10-07T20:17:25.771 [grid_node] RECEIVED DetectPaper request: paper_size=A4
2026-10-07T20:17:25.813 [grid_node] DOING no matching paper rectangle currently in frame
2026-10-07T20:17:26.280 [grid_node] RECEIVED DetectPaper request: paper_size=A4
2026-10-07T20:17:26.302 [grid_node] DOING no matching paper rectangle currently in frame
2026-10-07T20:17:26.409 [grid_node] RECEIVED DetectPaper request: paper_size=A4
2026-10-07T20:17:26.503 [grid_node] DOING no matching paper rectangle currently in frame
2026-10-07T20:17:26.949 [grid_node] RECEIVED DetectPaper request: paper_size=A4
2026-10-07T20:17:26.995 [grid_node] DOING no matching paper rectangle currently in frame
2026-10-07T20:17:27.193 [grid_node] RECEIVED DetectPaper request: paper_size=A4
2026-10-07T20:17:27.268 [grid_node] DOING no matching paper rectangle currently in frame
2026-10-07T20:17:27.599 [grid_node] RECEIVED DetectPaper request: paper_size=A4
2026-10-07T20:17:27.620 [grid_node] DOING no matching paper rectangle currently in frame
2026-10-07T20:17:27.865 [grid_node] RECEIVED DetectPaper request: paper_size=A4
2026-10-07T20:17:27.888 [grid_node] DOING no matching paper rectangle currently in frame
2026-10-07T20:17:28.215 [grid_node] RECEIVED DetectPaper request: paper_size=A4
2026-10-07T20:17:28.237 [grid_node] DOING no matching paper rectangle currently in frame
2026-10-07T20:17:28.452 [grid_node] RECEIVED DetectPaper request: paper_size=A4
2026-10-07T20:17:28.482 [grid_node] DOING no matching paper rectangle currently in frame
2026-10-07T20:17:28.912 [grid_node] RECEIVED DetectPaper request: paper_size=A4
2026-10-07T20:17:28.961 [grid_node] DOING no matching paper rectangle currently in frame
2026-10-07T20:17:29.111 [grid_node] RECEIVED DetectPaper request: paper_size=A4
2026-10-07T20:17:29.142 [grid_node] DOING no matching paper rectangle currently in frame
2026-10-07T20:17:29.570 [grid_node] RECEIVED DetectPaper request: paper_size=A4
2026-10-07T20:17:29.592 [grid_node] DOING no matching paper rectangle currently in frame
2026-10-07T20:17:29.682 [grid_node] RECEIVED DetectPaper request: paper_size=A4
2026-10-07T20:17:29.738 [grid_node] DOING no matching paper rectangle currently in frame
2026-10-07T20:17:30.167 [grid_node] RECEIVED DetectPaper request: paper_size=A4
2026-10-07T20:17:30.183 [grid_node] DOING no matching paper rectangle currently in frame
2026-10-07T20:17:30.292 [grid_node] RECEIVED DetectPaper request: paper_size=A4
2026-10-07T20:17:30.312 [grid_node] DOING no matching paper rectangle currently in frame
2026-10-07T20:17:30.724 [grid_node] RECEIVED DetectPaper request: paper_size=A4
2026-10-07T20:17:30.757 [grid_node] DOING no matching paper rectangle currently in frame
2026-10-07T20:17:30.932 [grid_node] RECEIVED DetectPaper request: paper_size=A4
2026-10-07T20:17:30.959 [grid_node] DOING no matching paper rectangle currently in frame
2026-10-07T20:17:31.402 [grid_node] RECEIVED DetectPaper request: paper_size=A4
2026-10-07T20:17:31.442 [grid_node] DOING no matching paper rectangle currently in frame
2026-10-07T20:17:31.530 [grid_node] RECEIVED DetectPaper request: paper_size=A4
2026-10-07T20:17:31.554 [grid_node] DOING no matching paper rectangle currently in frame
2026-10-07T20:17:32.018 [grid_node] RECEIVED DetectPaper request: paper_size=A4
2026-10-07T20:17:32.042 [grid_node] DOING no matching paper rectangle currently in frame
2026-10-07T20:17:32.195 [grid_node] RECEIVED DetectPaper request: paper_size=A4
2026-10-07T20:17:32.230 [grid_node] DOING no matching paper rectangle currently in frame
2026-10-07T20:17:32.632 [grid_node] RECEIVED DetectPaper request: paper_size=A4
2026-10-07T20:17:32.653 [grid_node] DOING no matching paper rectangle currently in frame
2026-10-07T20:17:32.856 [grid_node] RECEIVED DetectPaper request: paper_size=A4
2026-10-07T20:17:32.869 [grid_node] DOING no matching paper rectangle currently in frame
2026-10-07T20:17:33.290 [grid_node] RECEIVED DetectPaper request: paper_size=A4
2026-10-07T20:17:33.306 [grid_node] DOING no matching paper rectangle currently in frame
2026-10-07T20:17:33.542 [grid_node] RECEIVED DetectPaper request: paper_size=A4
2026-10-07T20:17:33.562 [grid_node] DOING no matching paper rectangle currently in frame
2026-10-07T20:17:33.883 [grid_node] RECEIVED DetectPaper request: paper_size=A4
2026-10-07T20:17:33.906 [grid_node] DOING no matching paper rectangle currently in frame
2026-10-07T20:17:34.101 [grid_node] RECEIVED DetectPaper request: paper_size=A4
2026-10-07T20:17:34.125 [grid_node] DOING no matching paper rectangle currently in frame
2026-10-07T20:17:34.482 [grid_node] RECEIVED DetectPaper request: paper_size=A4
2026-10-07T20:17:34.495 [grid_node] DOING no matching paper rectangle currently in frame
2026-10-07T20:17:34.700 [grid_node] RECEIVED DetectPaper request: paper_size=A4
2026-10-07T20:17:34.726 [grid_node] DOING no matching paper rectangle currently in frame
2026-10-07T20:17:35.123 [grid_node] RECEIVED DetectPaper request: paper_size=A4
2026-10-07T20:17:35.180 [grid_node] DOING no matching paper rectangle currently in frame
2026-10-07T20:17:35.309 [grid_node] RECEIVED DetectPaper request: paper_size=A4
2026-10-07T20:17:35.329 [grid_node] DOING no matching paper rectangle currently in frame
2026-10-07T20:17:35.764 [grid_node] RECEIVED DetectPaper request: paper_size=A4
2026-10-07T20:17:35.811 [grid_node] DOING no matching paper rectangle currently in frame
2026-10-07T20:17:35.959 [grid_node] RECEIVED DetectPaper request: paper_size=A4
2026-10-07T20:17:35.969 [grid_node] DOING no matching paper rectangle currently in frame
2026-10-07T20:17:36.456 [grid_node] RECEIVED DetectPaper request: paper_size=A4
2026-10-07T20:17:36.481 [grid_node] DOING no matching paper rectangle currently in frame
2026-10-07T20:17:36.554 [grid_node] RECEIVED DetectPaper request: paper_size=A4
2026-10-07T20:17:36.592 [grid_node] DOING no matching paper rectangle currently in frame
2026-10-07T20:17:37.145 [grid_node] RECEIVED DetectPaper request: paper_size=A4
2026-10-07T20:17:37.203 [grid_node] DOING no matching paper rectangle currently in frame
2026-10-07T20:17:37.265 [grid_node] RECEIVED DetectPaper request: paper_size=A4
2026-10-07T20:17:37.316 [grid_node] DOING no matching paper rectangle currently in frame
2026-10-07T20:17:37.788 [grid_node] RECEIVED DetectPaper request: paper_size=A4
2026-10-07T20:17:37.817 [grid_node] DOING no matching paper rectangle currently in frame
2026-10-07T20:17:37.916 [grid_node] RECEIVED DetectPaper request: paper_size=A4
2026-10-07T20:17:37.956 [grid_node] DOING no matching paper rectangle currently in frame
2026-10-07T20:17:38.496 [grid_node] RECEIVED DetectPaper request: paper_size=A4
2026-10-07T20:17:38.559 [grid_node] DOING no matching paper rectangle currently in frame
2026-10-07T20:17:38.644 [grid_node] RECEIVED DetectPaper request: paper_size=A4
2026-10-07T20:17:38.710 [grid_node] DOING no matching paper rectangle currently in frame
2026-10-07T20:17:39.123 [grid_node] RECEIVED DetectPaper request: paper_size=A4
2026-10-07T20:17:39.149 [grid_node] DOING no matching paper rectangle currently in frame
2026-10-07T20:17:39.349 [grid_node] RECEIVED DetectPaper request: paper_size=A4
2026-10-07T20:17:39.441 [grid_node] DOING no matching paper rectangle currently in frame
2026-10-07T20:17:39.716 [grid_node] RECEIVED DetectPaper request: paper_size=A4
2026-10-07T20:17:39.791 [grid_node] DOING no matching paper rectangle currently in frame
2026-10-07T20:17:39.998 [grid_node] RECEIVED DetectPaper request: paper_size=A4
2026-10-07T20:17:40.029 [grid_node] DOING no matching paper rectangle currently in frame
2026-10-07T20:17:40.420 [grid_node] RECEIVED DetectPaper request: paper_size=A4
2026-10-07T20:17:40.513 [grid_node] DOING no matching paper rectangle currently in frame
2026-10-07T20:17:40.661 [grid_node] RECEIVED DetectPaper request: paper_size=A4
2026-10-07T20:17:40.701 [grid_node] DOING no matching paper rectangle currently in frame
2026-10-07T20:17:41.108 [grid_node] RECEIVED DetectPaper request: paper_size=A4
2026-10-07T20:17:41.179 [grid_node] DOING no matching paper rectangle currently in frame
2026-10-07T20:17:41.407 [grid_node] RECEIVED DetectPaper request: paper_size=A4
2026-10-07T20:17:41.435 [grid_node] DOING no matching paper rectangle currently in frame
2026-10-07T20:17:42.081 [grid_node] RECEIVED DetectPaper request: paper_size=A4
2026-10-07T20:17:42.092 [grid_node] DOING no matching paper rectangle currently in frame
2026-10-07T20:17:42.144 [grid_node] RECEIVED DetectPaper request: paper_size=A4
2026-10-07T20:17:42.169 [grid_node] DOING no matching paper rectangle currently in frame
2026-10-07T20:17:42.671 [grid_node] RECEIVED DetectPaper request: paper_size=A4
2026-10-07T20:17:42.692 [grid_node] DOING no matching paper rectangle currently in frame
2026-10-07T20:17:42.740 [grid_node] RECEIVED DetectPaper request: paper_size=A4
2026-10-07T20:17:42.785 [grid_node] DOING no matching paper rectangle currently in frame
2026-10-07T20:17:43.324 [grid_node] RECEIVED DetectPaper request: paper_size=A4
2026-10-07T20:17:43.338 [grid_node] DOING no matching paper rectangle currently in frame
2026-10-07T20:17:43.392 [grid_node] RECEIVED DetectPaper request: paper_size=A4
2026-10-07T20:17:43.419 [grid_node] DOING no matching paper rectangle currently in frame
2026-10-07T20:17:43.964 [grid_node] RECEIVED DetectPaper request: paper_size=A4
2026-10-07T20:17:43.987 [grid_node] DOING no matching paper rectangle currently in frame
2026-10-07T20:17:44.012 [grid_node] RECEIVED DetectPaper request: paper_size=A4
2026-10-07T20:17:44.038 [grid_node] DOING no matching paper rectangle currently in frame
2026-10-07T20:17:44.715 [grid_node] RECEIVED DetectPaper request: paper_size=A4
2026-10-07T20:17:44.734 [grid_node] DOING no matching paper rectangle currently in frame
2026-10-07T20:17:44.761 [grid_node] RECEIVED DetectPaper request: paper_size=A4
2026-10-07T20:17:44.804 [grid_node] DOING no matching paper rectangle currently in frame
2026-10-07T20:17:45.393 [grid_node] RECEIVED DetectPaper request: paper_size=A4
2026-10-07T20:17:45.427 [grid_node] DOING no matching paper rectangle currently in frame
2026-10-07T20:17:45.464 [grid_node] RECEIVED DetectPaper request: paper_size=A4
2026-10-07T20:17:45.498 [grid_node] DOING no matching paper rectangle currently in frame
2026-10-07T20:17:46.067 [grid_node] RECEIVED DetectPaper request: paper_size=A4
2026-10-07T20:17:46.104 [grid_node] DOING no matching paper rectangle currently in frame
2026-10-07T20:17:46.197 [grid_node] RECEIVED DetectPaper request: paper_size=A4
2026-10-07T20:17:46.238 [grid_node] DOING no matching paper rectangle currently in frame
2026-10-07T20:17:46.869 [grid_node] RECEIVED DetectPaper request: paper_size=A4
2026-10-07T20:17:46.895 [grid_node] DOING no matching paper rectangle currently in frame
2026-10-07T20:17:47.060 [grid_node] RECEIVED DetectPaper request: paper_size=A4
2026-10-07T20:17:47.107 [grid_node] DOING no matching paper rectangle currently in frame
2026-10-07T20:17:47.506 [grid_node] RECEIVED DetectPaper request: paper_size=A4
2026-10-07T20:17:47.517 [grid_node] DOING no matching paper rectangle currently in frame
2026-10-07T20:17:47.717 [grid_node] RECEIVED DetectPaper request: paper_size=A4
2026-10-07T20:17:47.750 [grid_node] DOING no matching paper rectangle currently in frame
2026-10-07T20:17:48.164 [grid_node] RECEIVED DetectPaper request: paper_size=A4
2026-10-07T20:17:48.180 [grid_node] DOING no matching paper rectangle currently in frame
2026-10-07T20:17:48.368 [grid_node] RECEIVED DetectPaper request: paper_size=A4
2026-10-07T20:17:48.421 [grid_node] DOING no matching paper rectangle currently in frame
2026-10-07T20:17:48.768 [grid_node] RECEIVED DetectPaper request: paper_size=A4
2026-10-07T20:17:48.879 [grid_node] DOING no matching paper rectangle currently in frame
2026-10-07T20:17:48.973 [grid_node] RECEIVED DetectPaper request: paper_size=A4
2026-10-07T20:17:49.004 [grid_node] DOING no matching paper rectangle currently in frame
2026-10-07T20:17:49.460 [grid_node] RECEIVED DetectPaper request: paper_size=A4
2026-10-07T20:17:49.479 [grid_node] DOING no matching paper rectangle currently in frame
2026-10-07T20:17:49.568 [grid_node] RECEIVED DetectPaper request: paper_size=A4
2026-10-07T20:17:49.594 [grid_node] DOING no matching paper rectangle currently in frame
2026-10-07T20:17:50.035 [grid_node] RECEIVED DetectPaper request: paper_size=A4
2026-10-07T20:17:50.059 [grid_node] DOING no matching paper rectangle currently in frame
2026-10-07T20:17:50.159 [grid_node] RECEIVED DetectPaper request: paper_size=A4
2026-10-07T20:17:50.186 [grid_node] DOING no matching paper rectangle currently in frame
2026-10-07T20:17:50.676 [grid_node] RECEIVED DetectPaper request: paper_size=A4
2026-10-07T20:17:50.741 [grid_node] DOING no matching paper rectangle currently in frame
2026-10-07T20:17:50.780 [grid_node] RECEIVED DetectPaper request: paper_size=A4
2026-10-07T20:17:50.824 [grid_node] DOING no matching paper rectangle currently in frame
2026-10-07T20:17:51.322 [grid_node] RECEIVED DetectPaper request: paper_size=A4
2026-10-07T20:17:51.374 [grid_node] DOING no matching paper rectangle currently in frame
2026-10-07T20:17:51.441 [grid_node] RECEIVED DetectPaper request: paper_size=A4
2026-10-07T20:17:51.457 [grid_node] DOING no matching paper rectangle currently in frame
2026-10-07T20:17:51.951 [grid_node] RECEIVED DetectPaper request: paper_size=A4
2026-10-07T20:17:51.976 [grid_node] DOING no matching paper rectangle currently in frame
2026-10-07T20:17:52.059 [grid_node] RECEIVED DetectPaper request: paper_size=A4
2026-10-07T20:17:52.104 [grid_node] DOING no matching paper rectangle currently in frame
2026-10-07T20:17:52.587 [grid_node] RECEIVED DetectPaper request: paper_size=A4
2026-10-07T20:17:52.623 [grid_node] DOING no matching paper rectangle currently in frame
2026-10-07T20:17:52.737 [grid_node] RECEIVED DetectPaper request: paper_size=A4
2026-10-07T20:17:52.840 [grid_node] DOING no matching paper rectangle currently in frame
2026-10-07T20:17:53.213 [grid_node] RECEIVED DetectPaper request: paper_size=A4
2026-10-07T20:17:53.236 [grid_node] DOING no matching paper rectangle currently in frame
2026-10-07T20:17:53.436 [grid_node] RECEIVED DetectPaper request: paper_size=A4
2026-10-07T20:17:53.453 [grid_node] DOING no matching paper rectangle currently in frame
2026-10-07T20:17:53.831 [grid_node] RECEIVED DetectPaper request: paper_size=A4
2026-10-07T20:17:53.912 [grid_node] DOING no matching paper rectangle currently in frame
2026-10-07T20:17:54.060 [grid_node] RECEIVED DetectPaper request: paper_size=A4
2026-10-07T20:17:54.144 [grid_node] DOING no matching paper rectangle currently in frame
2026-10-07T20:17:54.497 [grid_node] RECEIVED DetectPaper request: paper_size=A4
2026-10-07T20:17:54.511 [grid_node] DOING no matching paper rectangle currently in frame
2026-10-07T20:17:54.751 [grid_node] RECEIVED DetectPaper request: paper_size=A4
2026-10-07T20:17:54.768 [grid_node] DOING no matching paper rectangle currently in frame
2026-10-07T20:17:55.101 [grid_node] RECEIVED DetectPaper request: paper_size=A4
2026-10-07T20:17:55.124 [grid_node] DOING no matching paper rectangle currently in frame
2026-10-07T20:17:55.327 [grid_node] RECEIVED DetectPaper request: paper_size=A4
2026-10-07T20:17:55.370 [grid_node] DOING no matching paper rectangle currently in frame
2026-10-07T20:17:55.717 [grid_node] RECEIVED DetectPaper request: paper_size=A4
2026-10-07T20:17:55.807 [grid_node] DOING no matching paper rectangle currently in frame
2026-10-07T20:17:55.957 [grid_node] RECEIVED DetectPaper request: paper_size=A4
2026-10-07T20:17:56.008 [grid_node] DOING no matching paper rectangle currently in frame
2026-10-07T20:17:56.420 [grid_node] RECEIVED DetectPaper request: paper_size=A4
2026-10-07T20:17:56.446 [grid_node] DOING no matching paper rectangle currently in frame
2026-10-07T20:17:56.611 [grid_node] RECEIVED DetectPaper request: paper_size=A4
2026-10-07T20:17:56.658 [grid_node] DOING no matching paper rectangle currently in frame
2026-10-07T20:17:57.096 [grid_node] RECEIVED DetectPaper request: paper_size=A4
2026-10-07T20:17:57.164 [grid_node] DOING no matching paper rectangle currently in frame
2026-10-07T20:17:57.288 [grid_node] RECEIVED DetectPaper request: paper_size=A4
2026-10-07T20:17:57.328 [grid_node] DOING no matching paper rectangle currently in frame
2026-10-07T20:17:57.714 [grid_node] RECEIVED DetectPaper request: paper_size=A4
2026-10-07T20:17:57.741 [grid_node] DOING no matching paper rectangle currently in frame
2026-10-07T20:17:57.903 [grid_node] RECEIVED DetectPaper request: paper_size=A4
2026-10-07T20:17:57.914 [grid_node] DOING no matching paper rectangle currently in frame
2026-10-07T20:17:58.327 [grid_node] RECEIVED DetectPaper request: paper_size=A4
2026-10-07T20:17:58.348 [grid_node] DOING no matching paper rectangle currently in frame
2026-10-07T20:17:58.482 [grid_node] RECEIVED DetectPaper request: paper_size=A4
2026-10-07T20:17:58.504 [grid_node] DOING no matching paper rectangle currently in frame
2026-10-07T20:17:58.935 [grid_node] RECEIVED DetectPaper request: paper_size=A4
2026-10-07T20:17:58.958 [grid_node] DOING no matching paper rectangle currently in frame
2026-10-07T20:17:59.197 [grid_node] RECEIVED DetectPaper request: paper_size=A4
2026-10-07T20:17:59.253 [grid_node] DOING no matching paper rectangle currently in frame
2026-10-07T20:17:59.567 [grid_node] RECEIVED DetectPaper request: paper_size=A4
2026-10-07T20:17:59.598 [grid_node] DOING no matching paper rectangle currently in frame
2026-10-07T20:17:59.826 [grid_node] RECEIVED DetectPaper request: paper_size=A4
2026-10-07T20:17:59.881 [grid_node] DOING no matching paper rectangle currently in frame
2026-10-07T20:18:00.171 [grid_node] RECEIVED DetectPaper request: paper_size=A4
2026-10-07T20:18:00.204 [grid_node] DOING no matching paper rectangle currently in frame
2026-10-07T20:18:00.459 [grid_node] RECEIVED DetectPaper request: paper_size=A4
2026-10-07T20:18:00.511 [grid_node] DOING no matching paper rectangle currently in frame
2026-10-07T20:18:00.809 [grid_node] RECEIVED DetectPaper request: paper_size=A4
2026-10-07T20:18:00.837 [grid_node] DOING no matching paper rectangle currently in frame
2026-10-07T20:18:01.100 [grid_node] RECEIVED DetectPaper request: paper_size=A4
2026-10-07T20:18:01.127 [grid_node] DOING no matching paper rectangle currently in frame
2026-10-07T20:18:01.501 [grid_node] RECEIVED DetectPaper request: paper_size=A4
2026-10-07T20:18:01.527 [grid_node] DOING no matching paper rectangle currently in frame
2026-10-07T20:18:01.832 [grid_node] RECEIVED DetectPaper request: paper_size=A4
2026-10-07T20:18:01.882 [grid_node] DOING no matching paper rectangle currently in frame
2026-10-07T20:18:02.102 [grid_node] RECEIVED DetectPaper request: paper_size=A4
2026-10-07T20:18:02.137 [grid_node] DOING no matching paper rectangle currently in frame
2026-10-07T20:18:02.499 [grid_node] RECEIVED DetectPaper request: paper_size=A4
2026-10-07T20:18:02.516 [grid_node] DOING no matching paper rectangle currently in frame
2026-10-07T20:18:02.690 [grid_node] RECEIVED DetectPaper request: paper_size=A4
2026-10-07T20:18:02.712 [grid_node] DOING no matching paper rectangle currently in frame
2026-10-07T20:18:03.073 [grid_node] RECEIVED DetectPaper request: paper_size=A4
2026-10-07T20:18:03.082 [grid_node] DOING no matching paper rectangle currently in frame
2026-10-07T20:18:03.264 [grid_node] RECEIVED DetectPaper request: paper_size=A4
2026-10-07T20:18:03.281 [grid_node] DOING no matching paper rectangle currently in frame
2026-10-07T20:18:03.661 [grid_node] RECEIVED DetectPaper request: paper_size=A4
2026-10-07T20:18:03.757 [grid_node] DOING no matching paper rectangle currently in frame
2026-10-07T20:18:03.820 [grid_node] RECEIVED DetectPaper request: paper_size=A4
2026-10-07T20:18:03.855 [grid_node] DOING no matching paper rectangle currently in frame
2026-10-07T20:18:04.322 [grid_node] RECEIVED DetectPaper request: paper_size=A4
2026-10-07T20:18:04.358 [grid_node] DOING no matching paper rectangle currently in frame
2026-10-07T20:18:04.419 [grid_node] RECEIVED DetectPaper request: paper_size=A4
2026-10-07T20:18:04.445 [grid_node] DOING no matching paper rectangle currently in frame
2026-10-07T20:18:04.940 [grid_node] RECEIVED DetectPaper request: paper_size=A4
2026-10-07T20:18:04.965 [grid_node] DOING no matching paper rectangle currently in frame
2026-10-07T20:18:05.026 [grid_node] RECEIVED DetectPaper request: paper_size=A4
2026-10-07T20:18:05.054 [grid_node] DOING no matching paper rectangle currently in frame
2026-10-07T20:18:05.584 [grid_node] RECEIVED DetectPaper request: paper_size=A4
2026-10-07T20:18:05.612 [grid_node] DOING no matching paper rectangle currently in frame
2026-10-07T20:18:05.645 [grid_node] RECEIVED DetectPaper request: paper_size=A4
2026-10-07T20:18:05.682 [grid_node] DOING no matching paper rectangle currently in frame
2026-10-07T20:18:06.278 [grid_node] RECEIVED DetectPaper request: paper_size=A4
2026-10-07T20:18:06.299 [grid_node] DOING no matching paper rectangle currently in frame
2026-10-07T20:18:06.330 [grid_node] RECEIVED DetectPaper request: paper_size=A4
2026-10-07T20:18:06.357 [grid_node] DOING no matching paper rectangle currently in frame
2026-10-07T20:18:06.907 [grid_node] RECEIVED DetectPaper request: paper_size=A4
2026-10-07T20:18:06.964 [grid_node] SENT paper detected and matched
2026-10-07T20:18:07.076 [grid_node] RECEIVED DetectPaper request: paper_size=A4
2026-10-07T20:18:07.101 [grid_node] SENT paper detected and matched
2026-10-07T20:18:07.295 [motion_node] RECEIVED SetState request: GRID_CHECK
2026-10-07T20:18:07.413 [motion_node] SENT state GRID_CHECK: OK GRID_CHECK
2026-10-07T20:18:07.439 [motion_node] RECEIVED SetState request: GRID_CHECK
2026-10-07T20:18:07.486 [motion_node] SENT state GRID_CHECK: OK GRID_CHECK
2026-10-07T20:18:07.651 [mark_point_node] SENT state -> GRID_CHECK
2026-10-07T20:18:07.750 [mark_point_node] SENT state -> GRID_CHECK
2026-10-07T20:18:12.881 [grid_node] RECEIVED DetectPaper request: paper_size=A4
2026-10-07T20:18:12.897 [grid_node] SENT paper detected and matched
2026-10-07T20:18:12.958 [grid_node] RECEIVED DetectPaper request: paper_size=A4
2026-10-07T20:18:13.060 [mark_point_node] DOING [markPoint] step: validating_point
2026-10-07T20:18:13.122 [grid_node] RECEIVED GetGridPoint request: (150.0, 150.0) label="mark"
2026-10-07T20:18:13.160 [grid_node] SENT point accepted
2026-10-07T20:18:13.191 [mark_point_node] DOING [markPoint] step: validating_point
2026-10-07T20:18:13.225 [mark_point_node] DOING [markPoint] step: locating_point
2026-10-07T20:18:13.278 [grid_node] RECEIVED GetGridPoint request: (150.0, 150.0) label="mark"
2026-10-07T20:18:13.306 [grid_node] SENT point accepted
2026-10-07T20:18:13.404 [mark_point_node] DOING [markPoint] step: locating_point
2026-10-07T20:18:13.462 [mark_point_node] DOING [markPoint] step: ready_draw
2026-10-07T20:18:13.483 [mark_point_node] DOING [markPoint] step: ready_draw
2026-10-07T20:18:13.506 [motion_node] RECEIVED SetState request: READY_DRAW
2026-10-07T20:18:13.526 [motion_node] RECEIVED SetState request: READY_DRAW
2026-10-07T20:18:13.541 [motion_node] SENT state READY_DRAW: OK READY_DRAW
2026-10-07T20:18:13.604 [motion_node] SENT state READY_DRAW: OK READY_DRAW
2026-10-07T20:18:13.613 [mark_point_node] SENT state -> READY_DRAW
2026-10-07T20:18:13.636 [mark_point_node] SENT state -> READY_DRAW
2026-10-07T20:18:14.166 [mark_point_node] DOING MoveIt: move to (0.1900, 0.0000, 0.0600) m
2026-10-07T20:18:25.084 [mark_point_node] ERROR [markPoint] failed: timed out waiting for MoveIt
2026-10-07T20:18:25.143 [motion_node] RECEIVED SetState request: STANDBY
2026-10-07T20:18:25.185 [motion_node] SENT state STANDBY: OK STANDBY
2026-10-07T20:18:25.332 [mark_point_node] SENT state -> STANDBY
2026-10-07T20:18:25.427 [dispatch_node] RECEIVED mark result: success=False message="timed out waiting for MoveIt"
2026-10-07T20:18:25.464 [dispatch_node] SENT completion for actionId=mark-83bf7cbf source=robot result={'ok': False, 'action': 'mark', 'message': 'timed out waiting for MoveIt'}
2026-10-07T20:18:30.080 [mark_point_node] DOING MoveIt: move to (0.2758, 0.0003, 0.0600) m
2026-10-07T20:18:40.405 [mark_point_node] DOING MoveIt: Cartesian path through 1 point(s)
2026-10-07T20:18:41.809 [mark_point_node] DOING [markPoint] step: marking
2026-10-07T20:18:41.949 [motion_node] RECEIVED SetState request: MARK
2026-10-07T20:18:42.004 [motion_node] SENT state MARK: OK MARK
2026-10-07T20:18:42.107 [mark_point_node] SENT state -> MARK
2026-10-07T20:18:52.979 [mark_point_node] DOING MoveIt: Cartesian path through 2 point(s)
2026-10-07T20:18:53.650 [mark_point_node] DOING [markPoint] step: lifting
2026-10-07T20:18:54.231 [mark_point_node] DOING MoveIt: Cartesian path through 1 point(s)
2026-10-07T20:18:55.406 [mark_point_node] DOING [markPoint] step: saving_snapshot
2026-10-07T20:18:55.642 [grid_node] RECEIVED SaveTaskSnapshot request: task_id=1791404166 type=mark_point
2026-10-07T20:18:56.429 [grid_node] SENT snapshot saved to /ros2_ws/captures/grid_snapshots/mark_point_1791404166_1791404336.jpg
2026-10-07T20:18:56.626 [mark_point_node] DOING [markPoint] step: standby
2026-10-07T20:18:56.793 [motion_node] RECEIVED SetState request: STANDBY
2026-10-07T20:18:56.859 [motion_node] SENT state STANDBY: OK STANDBY
2026-10-07T20:18:57.127 [mark_point_node] SENT state -> STANDBY
2026-10-07T20:18:57.432 [dispatch_node] RECEIVED mark result: success=True message="marked point (150.0, 150.0)"
2026-10-07T20:18:57.499 [dispatch_node] SENT completion for actionId=mark-338e9792 source=robot result={'ok': True, 'action': 'mark', 'message': 'marked point (150.0, 150.0)'}
2026-10-07T20:20:03.135 [dispatch_node] RECEIVED actionId=draw-d56ffbdd source=robot pairId=draw-d56ffbdd pairSize=1 payload={'action': 'draw', 'from': [30.0, 40.0], 'to': [150.0, 40.0]}
2026-10-07T20:20:03.388 [dispatch_node] DOING routing robot action "draw"
2026-10-07T20:20:03.563 [dispatch_node] SENT draw goal: nexus_interfaces.action.DrawLine_Goal(orientation='', from_x_mm=30.0, from_y_mm=40.0, to_x_mm=150.0, to_y_mm=40.0)
2026-10-07T20:20:03.618 [screen_state_node] RECEIVED SetScreenState request: state="robot_draw_started" detail={"source": "robot", "payload": {"action": "draw", "from": [30.0, 40.0], "to": [150.0, 40.0]}}
2026-10-07T20:20:04.059 [screen_state_node] SENT screen state -> robot_draw_started (display: "ROBOT DRAW START")
2026-10-07T20:20:04.791 [draw_line_node] RECEIVED DrawLine goal: (30.0,40.0) -> (150.0,40.0) orientation=""
2026-10-07T20:20:04.889 [draw_line_node] DOING [drawLine] step: validating_tool
2026-10-07T20:20:06.193 [tool_state_node] RECEIVED GetHeldTool request
2026-10-07T20:20:06.291 [tool_state_node] SENT held tool: "pencil"
2026-10-07T20:20:06.636 [motion_node] RECEIVED SetState request: TOOL_CHECK
2026-10-07T20:20:06.690 [motion_node] SENT state TOOL_CHECK: OK TOOL_CHECK
2026-10-07T20:20:07.161 [draw_line_node] SENT state -> TOOL_CHECK
2026-10-07T20:20:12.821 [motion_node] RECEIVED SetState request: TOOL_MISSING
2026-10-07T20:20:12.861 [motion_node] SENT state TOOL_MISSING: OK TOOL_MISSING
2026-10-07T20:20:12.919 [draw_line_node] SENT state -> TOOL_MISSING
2026-10-07T20:20:13.053 [draw_line_node] SENT human notify: tool_missing: Tool "pencil" not detected. Place it and press the button.
2026-10-07T20:20:20.428 [draw_line_node] RECEIVED push button pressed
2026-10-07T20:20:20.440 [dispatch_node] RECEIVED push button pressed
2026-10-07T20:20:20.471 [pick_tool_node] RECEIVED push button pressed
2026-10-07T20:20:20.501 [motion_node] RECEIVED SetState request: TOOL_CHECK
2026-10-07T20:20:20.532 [motion_node] SENT state TOOL_CHECK: OK TOOL_CHECK
2026-10-07T20:20:20.582 [draw_arc_node] RECEIVED push button pressed
2026-10-07T20:20:20.657 [draw_line_node] SENT state -> TOOL_CHECK
2026-10-07T20:20:24.444 [motion_node] RECEIVED SetState request: CONFIRMED
2026-10-07T20:20:24.468 [motion_node] SENT state CONFIRMED: OK CONFIRMED
2026-10-07T20:20:24.550 [draw_line_node] SENT state -> CONFIRMED
2026-10-07T20:20:25.620 [draw_line_node] DOING [drawLine] step: validating_paper
2026-10-07T20:20:25.639 [motion_node] RECEIVED SetState request: GRID_CHECK
2026-10-07T20:20:25.662 [motion_node] SENT state GRID_CHECK: OK GRID_CHECK
2026-10-07T20:20:25.705 [draw_line_node] SENT state -> GRID_CHECK
2026-10-07T20:20:25.745 [grid_node] RECEIVED DetectPaper request: paper_size=A4
2026-10-07T20:20:25.793 [grid_node] DOING no matching paper rectangle currently in frame
2026-10-07T20:20:25.904 [motion_node] RECEIVED SetState request: PAPER_MISSING
2026-10-07T20:20:25.935 [motion_node] SENT state PAPER_MISSING: OK PAPER_MISSING
2026-10-07T20:20:25.959 [draw_line_node] SENT state -> PAPER_MISSING
2026-10-07T20:20:26.008 [draw_line_node] SENT human notify: paper_missing: Paper not detected. Place paper in view.
2026-10-07T20:20:26.582 [grid_node] RECEIVED DetectPaper request: paper_size=A4
2026-10-07T20:20:26.614 [grid_node] DOING no matching paper rectangle currently in frame
2026-10-07T20:20:27.223 [grid_node] RECEIVED DetectPaper request: paper_size=A4
2026-10-07T20:20:27.253 [grid_node] DOING no matching paper rectangle currently in frame
2026-10-07T20:20:27.815 [grid_node] RECEIVED DetectPaper request: paper_size=A4
2026-10-07T20:20:27.837 [grid_node] DOING no matching paper rectangle currently in frame
2026-10-07T20:20:28.395 [grid_node] RECEIVED DetectPaper request: paper_size=A4
2026-10-07T20:20:28.417 [grid_node] DOING no matching paper rectangle currently in frame
2026-10-07T20:20:28.982 [grid_node] RECEIVED DetectPaper request: paper_size=A4
2026-10-07T20:20:29.010 [grid_node] DOING no matching paper rectangle currently in frame
2026-10-07T20:20:29.573 [grid_node] RECEIVED DetectPaper request: paper_size=A4
2026-10-07T20:20:29.588 [grid_node] DOING no matching paper rectangle currently in frame
2026-10-07T20:20:30.168 [grid_node] RECEIVED DetectPaper request: paper_size=A4
2026-10-07T20:20:30.188 [grid_node] DOING no matching paper rectangle currently in frame
2026-10-07T20:20:30.754 [grid_node] RECEIVED DetectPaper request: paper_size=A4
2026-10-07T20:20:30.775 [grid_node] SENT paper detected and matched
2026-10-07T20:20:30.899 [motion_node] RECEIVED SetState request: GRID_CHECK
2026-10-07T20:20:30.920 [motion_node] SENT state GRID_CHECK: OK GRID_CHECK
2026-10-07T20:20:31.043 [draw_line_node] SENT state -> GRID_CHECK
2026-10-07T20:20:36.086 [grid_node] RECEIVED DetectPaper request: paper_size=A4
2026-10-07T20:20:36.116 [grid_node] SENT paper detected and matched
2026-10-07T20:20:36.241 [draw_line_node] DOING [drawLine] step: validating_line
2026-10-07T20:20:36.524 [grid_node] RECEIVED GetGridLine request: (30.0,40.0) -> (150.0,40.0) label="drawLine"
2026-10-07T20:20:36.568 [grid_node] SENT line accepted (orientation=horizontal)
2026-10-07T20:20:36.722 [draw_line_node] DOING [drawLine] step: locating_points
2026-10-07T20:20:37.618 [draw_line_node] DOING [drawLine] step: ready_draw
2026-10-07T20:20:37.689 [motion_node] RECEIVED SetState request: READY_DRAW
2026-10-07T20:20:37.720 [motion_node] SENT state READY_DRAW: OK READY_DRAW
2026-10-07T20:20:37.776 [draw_line_node] SENT state -> READY_DRAW
2026-10-07T20:20:38.285 [draw_line_node] DOING MoveIt: move to (0.1900, 0.0000, 0.0600) m
2026-10-07T20:20:44.722 [draw_line_node] DOING MoveIt: move to (0.1561, 0.1163, 0.0600) m
2026-10-07T20:20:54.252 [draw_line_node] DOING MoveIt: Cartesian path through 1 point(s)
2026-10-07T20:20:55.417 [draw_line_node] DOING [drawLine] step: drawing
2026-10-07T20:20:55.484 [motion_node] RECEIVED SetState request: DRAW_LINE
2026-10-07T20:20:55.534 [motion_node] SENT state DRAW_LINE: OK DRAW_LINE
2026-10-07T20:20:55.614 [draw_line_node] SENT state -> DRAW_LINE
2026-10-07T20:20:57.529 [draw_line_node] ERROR [drawLine] failed: Cartesian path only 98% reachable
2026-10-07T20:20:57.647 [motion_node] RECEIVED SetState request: STANDBY
2026-10-07T20:20:57.692 [motion_node] SENT state STANDBY: OK STANDBY
2026-10-07T20:20:57.804 [draw_line_node] SENT state -> STANDBY
2026-10-07T20:20:57.936 [dispatch_node] RECEIVED draw result: success=False message="Cartesian path only 98% reachable"
2026-10-07T20:20:57.971 [dispatch_node] SENT completion for actionId=draw-d56ffbdd source=robot result={'ok': False, 'action': 'draw', 'message': 'Cartesian path only 98% reachable'}
2026-10-07T20:22:13.794 [dispatch_node] RECEIVED actionId=drawArc-a54945d8 source=robot pairId=drawArc-a54945d8 pairSize=1 payload={'action': 'drawArc', 'center': [50.0, 40.0], 'radius': 40.0, 'angle': 180.0, 'direction': 'cw'}
2026-10-07T20:22:13.895 [dispatch_node] DOING routing robot action "drawArc"
2026-10-07T20:22:13.982 [dispatch_node] SENT drawArc goal: nexus_interfaces.action.DrawArc_Goal(center_x_mm=50.0, center_y_mm=40.0, radius_mm=40.0, angle_deg=180.0, direction='cw')
2026-10-07T20:22:14.049 [screen_state_node] RECEIVED SetScreenState request: state="robot_drawArc_started" detail={"source": "robot", "payload": {"action": "drawArc", "center": [50.0, 40.0], "radius": 40.0, "angle": 180.0, "direction": "cw"}}
2026-10-07T20:22:14.221 [screen_state_node] SENT screen state -> robot_drawArc_started (display: "ROBOT DRAWARC ST")
2026-10-07T20:22:14.962 [draw_arc_node] RECEIVED DrawArc goal: center=(50.0,40.0) radius=40.0 angle=180.0 direction=cw
2026-10-07T20:22:15.049 [draw_arc_node] DOING [drawArc] step: validating_tool
2026-10-07T20:22:16.159 [tool_state_node] RECEIVED GetHeldTool request
2026-10-07T20:22:16.222 [tool_state_node] SENT held tool: "pencil"
2026-10-07T20:22:16.398 [motion_node] RECEIVED SetState request: TOOL_CHECK
2026-10-07T20:22:16.450 [motion_node] SENT state TOOL_CHECK: OK TOOL_CHECK
2026-10-07T20:22:16.514 [draw_arc_node] SENT state -> TOOL_CHECK
2026-10-07T20:22:20.101 [motion_node] RECEIVED SetState request: TOOL_MISSING
2026-10-07T20:22:20.128 [motion_node] SENT state TOOL_MISSING: OK TOOL_MISSING
2026-10-07T20:22:20.420 [draw_arc_node] SENT state -> TOOL_MISSING
2026-10-07T20:22:20.549 [draw_arc_node] SENT human notify: tool_missing: Tool "pencil" not detected. Place it and press the button.
2026-10-07T20:22:32.904 [mark_point_node] RECEIVED push button pressed
2026-10-07T20:22:32.940 [pick_tool_node] RECEIVED push button pressed
2026-10-07T20:22:32.962 [motion_node] RECEIVED SetState request: TOOL_CHECK
2026-10-07T20:22:32.954 [dispatch_node] RECEIVED push button pressed
CHECK
2026-10-07T20:22:32.945 [draw_arc_node] RECEIVED push button pressed
2026-10-07T20:22:33.318 [draw_arc_node] SENT state -> TOOL_CHECK
2026-10-07T20:22:36.478 [motion_node] RECEIVED SetState request: CONFIRMED
2026-10-07T20:22:36.510 [motion_node] SENT state CONFIRMED: OK CONFIRMED
2026-10-07T20:22:36.598 [draw_arc_node] SENT state -> CONFIRMED
2026-10-07T20:22:37.637 [draw_arc_node] DOING [drawArc] step: validating_paper
2026-10-07T20:22:37.669 [motion_node] RECEIVED SetState request: GRID_CHECK
2026-10-07T20:22:37.715 [motion_node] SENT state GRID_CHECK: OK GRID_CHECK
2026-10-07T20:22:37.776 [draw_arc_node] SENT state -> GRID_CHECK
2026-10-07T20:22:37.837 [grid_node] RECEIVED DetectPaper request: paper_size=A4
2026-10-07T20:22:37.876 [grid_node] DOING no matching paper rectangle currently in frame
2026-10-07T20:22:37.961 [motion_node] RECEIVED SetState request: PAPER_MISSING
2026-10-07T20:22:37.982 [motion_node] SENT state PAPER_MISSING: OK PAPER_MISSING
2026-10-07T20:22:38.022 [draw_arc_node] SENT state -> PAPER_MISSING
2026-10-07T20:22:38.095 [draw_arc_node] SENT human notify: paper_missing: Paper not detected. Place paper in view.
2026-10-07T20:22:38.665 [grid_node] RECEIVED DetectPaper request: paper_size=A4
2026-10-07T20:22:38.694 [grid_node] DOING no matching paper rectangle currently in frame
2026-10-07T20:22:39.250 [grid_node] RECEIVED DetectPaper request: paper_size=A4
2026-10-07T20:22:39.279 [grid_node] DOING no matching paper rectangle currently in frame
2026-10-07T20:22:39.887 [grid_node] RECEIVED DetectPaper request: paper_size=A4
2026-10-07T20:22:39.912 [grid_node] DOING no matching paper rectangle currently in frame
2026-10-07T20:22:40.525 [grid_node] RECEIVED DetectPaper request: paper_size=A4
2026-10-07T20:22:40.573 [grid_node] DOING no matching paper rectangle currently in frame
2026-10-07T20:22:41.153 [grid_node] RECEIVED DetectPaper request: paper_size=A4
2026-10-07T20:22:41.184 [grid_node] DOING no matching paper rectangle currently in frame
2026-10-07T20:22:41.794 [grid_node] RECEIVED DetectPaper request: paper_size=A4
2026-10-07T20:22:41.876 [grid_node] DOING no matching paper rectangle currently in frame
2026-10-07T20:22:42.594 [grid_node] RECEIVED DetectPaper request: paper_size=A4
2026-10-07T20:22:42.606 [grid_node] SENT paper detected and matched
2026-10-07T20:22:42.651 [motion_node] RECEIVED SetState request: GRID_CHECK
2026-10-07T20:22:42.713 [motion_node] SENT state GRID_CHECK: OK GRID_CHECK
2026-10-07T20:22:42.743 [draw_arc_node] SENT state -> GRID_CHECK
2026-10-07T20:22:47.833 [grid_node] RECEIVED DetectPaper request: paper_size=A4
2026-10-07T20:22:47.864 [grid_node] DOING no matching paper rectangle currently in frame
2026-10-07T20:22:47.907 [grid_node] RECEIVED DetectPaper request: paper_size=A4
2026-10-07T20:22:47.925 [grid_node] DOING no matching paper rectangle currently in frame
2026-10-07T20:22:48.060 [motion_node] RECEIVED SetState request: PAPER_MISSING
2026-10-07T20:22:48.079 [motion_node] SENT state PAPER_MISSING: OK PAPER_MISSING
2026-10-07T20:22:48.139 [draw_arc_node] SENT state -> PAPER_MISSING
2026-10-07T20:22:48.198 [draw_arc_node] SENT human notify: paper_missing: Paper not detected. Place paper in view.
2026-10-07T20:22:48.912 [grid_node] RECEIVED DetectPaper request: paper_size=A4
2026-10-07T20:22:48.985 [grid_node] DOING no matching paper rectangle currently in frame
2026-10-07T20:22:49.575 [grid_node] RECEIVED DetectPaper request: paper_size=A4
2026-10-07T20:22:49.590 [grid_node] DOING no matching paper rectangle currently in frame
2026-10-07T20:22:50.147 [grid_node] RECEIVED DetectPaper request: paper_size=A4
2026-10-07T20:22:50.172 [grid_node] DOING no matching paper rectangle currently in frame
2026-10-07T20:22:50.729 [grid_node] RECEIVED DetectPaper request: paper_size=A4
2026-10-07T20:22:50.771 [grid_node] DOING no matching paper rectangle currently in frame
2026-10-07T20:22:51.322 [grid_node] RECEIVED DetectPaper request: paper_size=A4
2026-10-07T20:22:51.361 [grid_node] DOING no matching paper rectangle currently in frame
2026-10-07T20:22:52.067 [grid_node] RECEIVED DetectPaper request: paper_size=A4
2026-10-07T20:22:52.091 [grid_node] DOING no matching paper rectangle currently in frame
2026-10-07T20:22:52.646 [grid_node] RECEIVED DetectPaper request: paper_size=A4
2026-10-07T20:22:52.666 [grid_node] DOING no matching paper rectangle currently in frame
2026-10-07T20:22:53.218 [grid_node] RECEIVED DetectPaper request: paper_size=A4
2026-10-07T20:22:53.242 [grid_node] DOING no matching paper rectangle currently in frame
2026-10-07T20:22:53.838 [grid_node] RECEIVED DetectPaper request: paper_size=A4
2026-10-07T20:22:53.901 [grid_node] DOING no matching paper rectangle currently in frame
2026-10-07T20:22:54.445 [grid_node] RECEIVED DetectPaper request: paper_size=A4
2026-10-07T20:22:54.467 [grid_node] DOING no matching paper rectangle currently in frame
2026-10-07T20:22:55.013 [grid_node] RECEIVED DetectPaper request: paper_size=A4
2026-10-07T20:22:55.047 [grid_node] DOING no matching paper rectangle currently in frame
2026-10-07T20:22:55.619 [grid_node] RECEIVED DetectPaper request: paper_size=A4
2026-10-07T20:22:55.634 [grid_node] DOING no matching paper rectangle currently in frame
2026-10-07T20:22:56.206 [grid_node] RECEIVED DetectPaper request: paper_size=A4
2026-10-07T20:22:56.257 [grid_node] DOING no matching paper rectangle currently in frame
2026-10-07T20:22:56.800 [grid_node] RECEIVED DetectPaper request: paper_size=A4
2026-10-07T20:22:56.818 [grid_node] DOING no matching paper rectangle currently in frame
2026-10-07T20:22:57.438 [grid_node] RECEIVED DetectPaper request: paper_size=A4
2026-10-07T20:22:57.468 [grid_node] DOING no matching paper rectangle currently in frame
2026-10-07T20:22:58.034 [grid_node] RECEIVED DetectPaper request: paper_size=A4
2026-10-07T20:22:58.051 [grid_node] DOING no matching paper rectangle currently in frame
2026-10-07T20:22:58.682 [grid_node] RECEIVED DetectPaper request: paper_size=A4
2026-10-07T20:22:58.739 [grid_node] DOING no matching paper rectangle currently in frame
2026-10-07T20:22:59.323 [grid_node] RECEIVED DetectPaper request: paper_size=A4
2026-10-07T20:22:59.344 [grid_node] SENT paper detected and matched
2026-10-07T20:22:59.488 [motion_node] RECEIVED SetState request: GRID_CHECK
2026-10-07T20:22:59.661 [motion_node] SENT state GRID_CHECK: OK GRID_CHECK
2026-10-07T20:22:59.782 [draw_arc_node] SENT state -> GRID_CHECK
2026-10-07T20:23:04.845 [grid_node] RECEIVED DetectPaper request: paper_size=A4
2026-10-07T20:23:04.916 [grid_node] SENT paper detected and matched
2026-10-07T20:23:05.048 [draw_arc_node] DOING [drawArc] step: validating_center
2026-10-07T20:23:05.115 [grid_node] RECEIVED GetGridPoint request: (50.0, 40.0) label="arc_center"
2026-10-07T20:23:05.133 [grid_node] SENT point accepted
2026-10-07T20:23:05.249 [draw_arc_node] DOING [drawArc] step: locating_center
2026-10-07T20:23:05.319 [draw_arc_node] DOING [drawArc] step: ready_draw
2026-10-07T20:23:05.354 [motion_node] RECEIVED SetState request: READY_DRAW
2026-10-07T20:23:05.398 [motion_node] SENT state READY_DRAW: OK READY_DRAW
2026-10-07T20:23:05.463 [draw_arc_node] SENT state -> READY_DRAW
2026-10-07T20:23:05.654 [draw_arc_node] DOING MoveIt: move to (0.1900, 0.0000, 0.0600) m
2026-10-07T20:23:13.834 [draw_arc_node] DOING MoveIt: move to (0.1755, 0.1139, 0.0600) m
2026-10-07T20:23:17.689 [draw_arc_node] DOING MoveIt: Cartesian path through 1 point(s)
2026-10-07T20:23:18.799 [draw_arc_node] DOING [drawArc] step: drawing_arc
2026-10-07T20:23:18.889 [motion_node] RECEIVED SetState request: DRAW_ARC
2026-10-07T20:23:18.913 [motion_node] SENT state DRAW_ARC: OK DRAW_ARC
2026-10-07T20:23:18.962 [draw_arc_node] SENT state -> DRAW_ARC
2026-10-07T20:23:19.056 [draw_arc_node] ERROR [drawArc] failed: name 'math' is not defined
2026-10-07T20:23:19.099 [motion_node] RECEIVED SetState request: STANDBY
2026-10-07T20:23:19.139 [motion_node] SENT state STANDBY: OK STANDBY
2026-10-07T20:23:19.224 [draw_arc_node] SENT state -> STANDBY
2026-10-07T20:23:19.286 [dispatch_node] RECEIVED drawArc result: success=False message="name 'math' is not defined"
2026-10-07T20:23:19.322 [dispatch_node] SENT completion for actionId=drawArc-a54945d8 source=robot result={'ok': False, 'action': 'drawArc', 'message': "name 'math' is not defined"}
2026-10-07T20:24:17.602 [dispatch_node] RECEIVED actionId=draw-8e21ffb5 source=robot pairId=draw-8e21ffb5 pairSize=1 payload={'action': 'draw', 'from': [200.0, 200.0], 'to': [250.0, 200.0]}
2026-10-07T20:24:17.636 [dispatch_node] DOING routing robot action "draw"
2026-10-07T20:24:17.636 [screen_state_node] RECEIVED SetScreenState request: state="robot_draw_started" detail={"source": "robot", "payload": {"action": "draw", "from": [200.0, 200.0], "to": [250.0, 200.0]}}
2026-10-07T20:24:17.680 [dispatch_node] SENT draw goal: nexus_interfaces.action.DrawLine_Goal(orientation='', from_x_mm=200.0, from_y_mm=200.0, to_x_mm=250.0, to_y_mm=200.0)
2026-10-07T20:24:17.781 [screen_state_node] SENT screen state -> robot_draw_started (display: "ROBOT DRAW START")
2026-10-07T20:24:17.762 [draw_line_node] RECEIVED DrawLine goal: (200.0,200.0) -> (250.0,200.0) orientation=""
2026-10-07T20:24:17.897 [draw_line_node] DOING [drawLine] step: validating_tool
2026-10-07T20:24:17.931 [tool_state_node] RECEIVED GetHeldTool request
2026-10-07T20:24:17.977 [tool_state_node] SENT held tool: "pencil"
2026-10-07T20:24:18.074 [motion_node] RECEIVED SetState request: TOOL_CHECK
2026-10-07T20:24:18.106 [motion_node] SENT state TOOL_CHECK: OK TOOL_CHECK
2026-10-07T20:24:18.161 [draw_line_node] SENT state -> TOOL_CHECK
2026-10-07T20:24:22.670 [dispatch_node] RECEIVED push button pressed
2026-10-07T20:24:22.667 [pick_tool_node] RECEIVED push button pressed
2026-10-07T20:24:22.670 [draw_arc_node] RECEIVED push button pressed

2026-10-07T20:24:22.699 [mark_point_node] RECEIVED push button pressed
2026-10-07T20:24:23.518 [motion_node] RECEIVED SetState request: TOOL_MISSING
2026-10-07T20:24:23.608 [motion_node] SENT state TOOL_MISSING: OK TOOL_MISSING
2026-10-07T20:24:23.755 [draw_line_node] SENT state -> TOOL_MISSING
2026-10-07T20:24:23.852 [draw_line_node] SENT human notify: tool_missing: Tool "pencil" not detected. Place it and press the button.
2026-10-07T20:24:35.054 [dispatch_node] RECEIVED push button pressed
2026-10-07T20:24:35.050 [mark_point_node] RECEIVED push button pressed
2026-10-07T20:24:35.069 [pick_tool_node] RECEIVED push button pressed
2026-10-07T20:24:35.089 [draw_line_node] RECEIVED push button pressed
2026-10-07T20:24:35.130 [motion_node] RECEIVED SetState request: TOOL_CHECK
2026-10-07T20:24:35.157 [motion_node] SENT state TOOL_CHECK: OK TOOL_CHECK
2026-10-07T20:24:35.203 [draw_line_node] SENT state -> TOOL_CHECK
2026-10-07T20:24:36.690 [motion_node] RECEIVED SetState request: CONFIRMED
2026-10-07T20:24:36.712 [motion_node] SENT state CONFIRMED: OK CONFIRMED
2026-10-07T20:24:36.752 [draw_line_node] SENT state -> CONFIRMED
2026-10-07T20:24:37.766 [draw_line_node] DOING [drawLine] step: validating_paper
2026-10-07T20:24:37.791 [motion_node] RECEIVED SetState request: GRID_CHECK
2026-10-07T20:24:37.811 [motion_node] SENT state GRID_CHECK: OK GRID_CHECK
2026-10-07T20:24:37.845 [draw_line_node] SENT state -> GRID_CHECK
2026-10-07T20:24:37.863 [grid_node] RECEIVED DetectPaper request: paper_size=A4
2026-10-07T20:24:37.872 [grid_node] DOING no matching paper rectangle currently in frame
2026-10-07T20:24:37.913 [motion_node] RECEIVED SetState request: PAPER_MISSING
2026-10-07T20:24:37.930 [motion_node] SENT state PAPER_MISSING: OK PAPER_MISSING
2026-10-07T20:24:37.974 [draw_line_node] SENT state -> PAPER_MISSING
2026-10-07T20:24:38.053 [draw_line_node] SENT human notify: paper_missing: Paper not detected. Place paper in view.
2026-10-07T20:24:38.596 [grid_node] RECEIVED DetectPaper request: paper_size=A4
2026-10-07T20:24:38.606 [grid_node] DOING no matching paper rectangle currently in frame
2026-10-07T20:24:39.188 [grid_node] RECEIVED DetectPaper request: paper_size=A4
2026-10-07T20:24:39.206 [grid_node] DOING no matching paper rectangle currently in frame
2026-10-07T20:24:39.754 [grid_node] RECEIVED DetectPaper request: paper_size=A4
2026-10-07T20:24:39.781 [grid_node] DOING no matching paper rectangle currently in frame
2026-10-07T20:24:40.319 [grid_node] RECEIVED DetectPaper request: paper_size=A4
2026-10-07T20:24:40.329 [grid_node] DOING no matching paper rectangle currently in frame
2026-10-07T20:24:40.858 [grid_node] RECEIVED DetectPaper request: paper_size=A4
2026-10-07T20:24:40.877 [grid_node] DOING no matching paper rectangle currently in frame
2026-10-07T20:24:41.434 [grid_node] RECEIVED DetectPaper request: paper_size=A4
2026-10-07T20:24:41.454 [grid_node] DOING no matching paper rectangle currently in frame
2026-10-07T20:24:42.015 [grid_node] RECEIVED DetectPaper request: paper_size=A4
2026-10-07T20:24:42.034 [grid_node] DOING no matching paper rectangle currently in frame
2026-10-07T20:24:42.573 [grid_node] RECEIVED DetectPaper request: paper_size=A4
2026-10-07T20:24:42.609 [grid_node] DOING no matching paper rectangle currently in frame
2026-10-07T20:24:43.160 [grid_node] RECEIVED DetectPaper request: paper_size=A4
2026-10-07T20:24:43.175 [grid_node] DOING no matching paper rectangle currently in frame
2026-10-07T20:24:43.720 [grid_node] RECEIVED DetectPaper request: paper_size=A4
2026-10-07T20:24:43.731 [grid_node] SENT paper detected and matched
2026-10-07T20:24:43.786 [motion_node] RECEIVED SetState request: GRID_CHECK
2026-10-07T20:24:43.809 [motion_node] SENT state GRID_CHECK: OK GRID_CHECK
2026-10-07T20:24:43.886 [draw_line_node] SENT state -> GRID_CHECK
2026-10-07T20:24:48.916 [grid_node] RECEIVED DetectPaper request: paper_size=A4
2026-10-07T20:24:48.932 [grid_node] DOING no matching paper rectangle currently in frame
2026-10-07T20:24:48.981 [grid_node] RECEIVED DetectPaper request: paper_size=A4
2026-10-07T20:24:49.000 [grid_node] DOING no matching paper rectangle currently in frame
2026-10-07T20:24:49.026 [motion_node] RECEIVED SetState request: PAPER_MISSING
2026-10-07T20:24:49.060 [motion_node] SENT state PAPER_MISSING: OK PAPER_MISSING
2026-10-07T20:24:49.110 [draw_line_node] SENT state -> PAPER_MISSING
2026-10-07T20:24:49.127 [draw_line_node] SENT human notify: paper_missing: Paper not detected. Place paper in view.
2026-10-07T20:24:49.652 [grid_node] RECEIVED DetectPaper request: paper_size=A4
2026-10-07T20:24:49.662 [grid_node] DOING no matching paper rectangle currently in frame
2026-10-07T20:24:50.250 [grid_node] RECEIVED DetectPaper request: paper_size=A4
2026-10-07T20:24:50.277 [grid_node] DOING no matching paper rectangle currently in frame
2026-10-07T20:24:50.837 [grid_node] RECEIVED DetectPaper request: paper_size=A4
2026-10-07T20:24:50.847 [grid_node] DOING no matching paper rectangle currently in frame
2026-10-07T20:24:51.401 [grid_node] RECEIVED DetectPaper request: paper_size=A4
2026-10-07T20:24:51.419 [grid_node] DOING no matching paper rectangle currently in frame
2026-10-07T20:24:52.114 [grid_node] RECEIVED DetectPaper request: paper_size=A4
2026-10-07T20:24:52.135 [grid_node] DOING no matching paper rectangle currently in frame
2026-10-07T20:24:52.703 [grid_node] RECEIVED DetectPaper request: paper_size=A4
2026-10-07T20:24:52.723 [grid_node] DOING no matching paper rectangle currently in frame
2026-10-07T20:24:53.274 [grid_node] RECEIVED DetectPaper request: paper_size=A4
2026-10-07T20:24:53.287 [grid_node] DOING no matching paper rectangle currently in frame
2026-10-07T20:24:53.830 [grid_node] RECEIVED DetectPaper request: paper_size=A4
2026-10-07T20:24:53.854 [grid_node] DOING no matching paper rectangle currently in frame
2026-10-07T20:24:54.406 [grid_node] RECEIVED DetectPaper request: paper_size=A4
2026-10-07T20:24:54.418 [grid_node] DOING no matching paper rectangle currently in frame
2026-10-07T20:24:55.020 [grid_node] RECEIVED DetectPaper request: paper_size=A4
2026-10-07T20:24:55.031 [grid_node] DOING no matching paper rectangle currently in frame
2026-10-07T20:24:55.610 [grid_node] RECEIVED DetectPaper request: paper_size=A4
2026-10-07T20:24:55.637 [grid_node] DOING no matching paper rectangle currently in frame
2026-10-07T20:24:56.189 [grid_node] RECEIVED DetectPaper request: paper_size=A4
2026-10-07T20:24:56.246 [grid_node] DOING no matching paper rectangle currently in frame
2026-10-07T20:24:56.790 [grid_node] RECEIVED DetectPaper request: paper_size=A4
2026-10-07T20:24:56.803 [grid_node] DOING no matching paper rectangle currently in frame
2026-10-07T20:24:57.378 [grid_node] RECEIVED DetectPaper request: paper_size=A4
2026-10-07T20:24:57.390 [grid_node] DOING no matching paper rectangle currently in frame
2026-10-07T20:24:57.926 [grid_node] RECEIVED DetectPaper request: paper_size=A4
2026-10-07T20:24:57.942 [grid_node] DOING no matching paper rectangle currently in frame
2026-10-07T20:24:58.573 [grid_node] RECEIVED DetectPaper request: paper_size=A4
2026-10-07T20:24:58.600 [grid_node] DOING no matching paper rectangle currently in frame
2026-10-07T20:24:59.203 [grid_node] RECEIVED DetectPaper request: paper_size=A4
2026-10-07T20:24:59.250 [grid_node] DOING no matching paper rectangle currently in frame
2026-10-07T20:24:59.811 [grid_node] RECEIVED DetectPaper request: paper_size=A4
2026-10-07T20:24:59.825 [grid_node] DOING no matching paper rectangle currently in frame
2026-10-07T20:25:00.414 [grid_node] RECEIVED DetectPaper request: paper_size=A4
2026-10-07T20:25:00.438 [grid_node] DOING no matching paper rectangle currently in frame
2026-10-07T20:25:00.999 [grid_node] RECEIVED DetectPaper request: paper_size=A4
2026-10-07T20:25:01.015 [grid_node] DOING no matching paper rectangle currently in frame
2026-10-07T20:25:01.570 [grid_node] RECEIVED DetectPaper request: paper_size=A4
2026-10-07T20:25:01.641 [grid_node] DOING no matching paper rectangle currently in frame
2026-10-07T20:25:02.189 [grid_node] RECEIVED DetectPaper request: paper_size=A4
2026-10-07T20:25:02.219 [grid_node] DOING no matching paper rectangle currently in frame
2026-10-07T20:25:02.772 [grid_node] RECEIVED DetectPaper request: paper_size=A4
2026-10-07T20:25:02.789 [grid_node] DOING no matching paper rectangle currently in frame
2026-10-07T20:25:03.398 [grid_node] RECEIVED DetectPaper request: paper_size=A4
2026-10-07T20:25:03.413 [grid_node] DOING no matching paper rectangle currently in frame
2026-10-07T20:25:03.933 [grid_node] RECEIVED DetectPaper request: paper_size=A4
2026-10-07T20:25:03.962 [grid_node] DOING no matching paper rectangle currently in frame
2026-10-07T20:25:04.510 [grid_node] RECEIVED DetectPaper request: paper_size=A4
2026-10-07T20:25:04.535 [grid_node] DOING no matching paper rectangle currently in frame
2026-10-07T20:25:05.067 [grid_node] RECEIVED DetectPaper request: paper_size=A4
2026-10-07T20:25:05.095 [grid_node] SENT paper detected and matched
2026-10-07T20:25:05.138 [motion_node] RECEIVED SetState request: GRID_CHECK
2026-10-07T20:25:05.174 [motion_node] SENT state GRID_CHECK: OK GRID_CHECK
2026-10-07T20:25:05.231 [draw_line_node] SENT state -> GRID_CHECK
2026-10-07T20:25:10.289 [grid_node] RECEIVED DetectPaper request: paper_size=A4
2026-10-07T20:25:10.307 [grid_node] DOING no matching paper rectangle currently in frame
2026-10-07T20:25:10.368 [grid_node] RECEIVED DetectPaper request: paper_size=A4
2026-10-07T20:25:10.393 [grid_node] DOING no matching paper rectangle currently in frame
2026-10-07T20:25:10.440 [motion_node] RECEIVED SetState request: PAPER_MISSING
2026-10-07T20:25:10.480 [motion_node] SENT state PAPER_MISSING: OK PAPER_MISSING
2026-10-07T20:25:10.518 [draw_line_node] SENT state -> PAPER_MISSING
2026-10-07T20:25:10.547 [draw_line_node] SENT human notify: paper_missing: Paper not detected. Place paper in view.
2026-10-07T20:25:11.117 [grid_node] RECEIVED DetectPaper request: paper_size=A4
2026-10-07T20:25:11.141 [grid_node] DOING no matching paper rectangle currently in frame
2026-10-07T20:25:11.735 [grid_node] RECEIVED DetectPaper request: paper_size=A4
2026-10-07T20:25:11.775 [grid_node] DOING no matching paper rectangle currently in frame
2026-10-07T20:25:12.341 [grid_node] RECEIVED DetectPaper request: paper_size=A4
2026-10-07T20:25:12.361 [grid_node] DOING no matching paper rectangle currently in frame
2026-10-07T20:25:12.931 [grid_node] RECEIVED DetectPaper request: paper_size=A4
2026-10-07T20:25:12.950 [grid_node] DOING no matching paper rectangle currently in frame
2026-10-07T20:25:13.504 [grid_node] RECEIVED DetectPaper request: paper_size=A4
2026-10-07T20:25:13.522 [grid_node] SENT paper detected and matched
2026-10-07T20:25:13.603 [motion_node] RECEIVED SetState request: GRID_CHECK
2026-10-07T20:25:13.647 [motion_node] SENT state GRID_CHECK: OK GRID_CHECK
2026-10-07T20:25:13.695 [draw_line_node] SENT state -> GRID_CHECK
2026-10-07T20:25:18.742 [grid_node] RECEIVED DetectPaper request: paper_size=A4
2026-10-07T20:25:18.769 [grid_node] SENT paper detected and matched
2026-10-07T20:25:18.801 [draw_line_node] DOING [drawLine] step: validating_line
2026-10-07T20:25:18.865 [grid_node] RECEIVED GetGridLine request: (200.0,200.0) -> (250.0,200.0) label="drawLine"
2026-10-07T20:25:18.889 [grid_node] SENT line accepted (orientation=horizontal)
2026-10-07T20:25:18.948 [draw_line_node] DOING [drawLine] step: locating_points
2026-10-07T20:25:19.054 [grid_node] ERROR point (250.0, 200.0) is outside the A4 sheet
2026-10-07T20:25:19.097 [draw_line_node] ERROR [drawLine] failed: paper -> robot point failed: point (250.0, 200.0) is outside the A4 sheet
2026-10-07T20:25:19.167 [motion_node] RECEIVED SetState request: STANDBY
2026-10-07T20:25:19.186 [motion_node] SENT state STANDBY: OK STANDBY
2026-10-07T20:25:19.238 [draw_line_node] SENT state -> STANDBY
2026-10-07T20:25:19.298 [dispatch_node] RECEIVED draw result: success=False message="paper -> robot point failed: point (250.0, 200.0) is outside the A4 sheet"
2026-10-07T20:25:19.332 [dispatch_node] SENT completion for actionId=draw-8e21ffb5 source=robot result={'ok': False, 'action': 'draw', 'message': 'paper -> robot point failed: point (250.0, 200.0) is outside the A4 sheet'}
2026-10-07T20:39:15.481 [mark_point_node] RECEIVED push button pressed
2026-10-07T20:39:15.499 [pick_tool_node] RECEIVED push button pressed
2026-10-07T20:39:15.510 [draw_line_node] RECEIVED push button pressed
2026-10-07T20:39:15.729 [pick_tool_node] RECEIVED push button pressed
2026-10-07T20:39:15.710 [draw_arc_node] RECEIVED push button pressed
d
2026-10-07T20:39:15.758 [draw_line_node] RECEIVED push button pressed
2026-10-07T20:39:16.105 [dispatch_node] RECEIVED push button pressed
2026-10-07T20:52:55.538 [draw_line_node] RECEIVED push button pressed
2026-10-07T20:52:55.508 [mark_point_node] RECEIVED push button pressed
2026-10-07T20:52:55.635 [mark_point_node] RECEIVED push button pressed
2026-10-07T20:52:55.646 [draw_line_node] RECEIVED push button pressed
2026-10-07T20:52:55.684 [draw_arc_node] RECEIVED push button pressed
2026-10-07T20:52:55.666 [draw_arc_node] RECEIVED push button pressed
2026-10-07T20:52:55.846 [pick_tool_node] RECEIVED push button pressed
2026-10-07T20:52:56.009 [dispatch_node] RECEIVED push button pressed
2026-10-07T21:00:36.201 [draw_arc_node] RECEIVED push button pressed
2026-10-07T21:00:36.241 [draw_line_node] RECEIVED push button pressed
2026-10-07T21:00:36.222 [mark_point_node] RECEIVED push button pressed
2026-10-07T21:00:36.376 [pick_tool_node] RECEIVED push button pressed
2026-10-07T21:00:36.652 [dispatch_node] RECEIVED push button pressed
2026-10-07T21:00:36.820 [draw_arc_node] RECEIVED push button pressed
2026-10-07T21:00:36.798 [mark_point_node] RECEIVED push button pressed
026-10-07T21:00:36.901 [pick_tool_node] RECEIVED push button pressed
2026-10-07T21:00:42.073 [pick_tool_node] RECEIVED push button pressed
2026-10-07T21:00:42.136 [draw_line_node] RECEIVED push button pressed
2026-10-07T21:00:42.199 [mark_point_node] RECEIVED push button pressed
2026-10-07T21:00:42.267 [dispatch_node] RECEIVED push button pressed
2026-10-07T21:00:42.384 [draw_arc_node] RECEIVED push button pressed
2026-10-07T21:00:50.959 [draw_line_node] RECEIVED push button pressed
2026-10-07T21:00:50.942 [dispatch_node] RECEIVED push button pressed

2026-10-07T21:00:50.940 [draw_arc_node] RECEIVED push button pressed
d
2026-10-07T21:00:52.575 [dispatch_node] RECEIVED push button pressed
2026-10-07T21:00:52.607 [pick_tool_node] RECEIVED push button pressed
2026-10-07T21:00:52.609 [draw_arc_node] RECEIVED push button pressed
2026-10-07T21:00:52.636 [draw_line_node] RECEIVED push button pressed
2026-10-07T21:00:52.661 [mark_point_node] RECEIVED push button pressed
2026-10-07T21:01:01.652 [dispatch_node] RECEIVED push button pressed
2026-10-07T21:01:01.680 [pick_tool_node] RECEIVED push button pressed
2026-10-07T21:01:01.662 [mark_point_node] RECEIVED push button pressed
2026-10-07T21:01:01.763 [draw_arc_node] RECEIVED push button pressed

2026-10-07T21:01:22.110 [dispatch_node] RECEIVED actionId=pick-ebd24aae source=robot pairId=pick-ebd24aae pairSize=1 payload={'action': 'pick', 'tool': 'ppencil'}
2026-10-07T21:01:22.327 [dispatch_node] DOING routing robot action "pick"
2026-10-07T21:01:22.738 [dispatch_node] SENT pick goal: nexus_interfaces.action.PickTool_Goal(target_object='ppencil')
2026-10-07T21:01:23.063 [screen_state_node] RECEIVED SetScreenState request: state="robot_pick_started" detail={"source": "robot", "payload": {"action": "pick", "tool": "ppencil"}}
2026-10-07T21:01:23.257 [screen_state_node] SENT screen state -> robot_pick_started (display: "ROBOT PICK START")
2026-10-07T21:01:23.357 [pick_tool_node] RECEIVED PickTool goal: ppencil
2026-10-07T21:01:23.455 [pick_tool_node] DOING [pickTool:ppencil] step: receive_tool
2026-10-07T21:01:24.486 [motion_node] RECEIVED SetState request: STANDBY
2026-10-07T21:01:24.532 [motion_node] SENT state STANDBY: OK STANDBY
2026-10-07T21:01:24.751 [pick_tool_node] SENT state -> STANDBY
2026-10-07T21:01:24.842 [pick_tool_node] SENT human notify: place_tool: Place "ppencil" in the robot tool link, then press the button.
2026-10-07T21:01:24.878 [pick_tool_node] DOING [pickTool:ppencil] step: waiting_for_button
2026-10-07T21:03:04.394 [dispatch_node] RECEIVED actionId=pick-4c48c6f9 source=robot pairId=pick-4c48c6f9 pairSize=1 payload={'action': 'pick', 'tool': 'pencil'}
2026-10-07T21:03:04.455 [dispatch_node] DOING routing robot action "pick"
2026-10-07T21:03:04.573 [dispatch_node] SENT pick goal: nexus_interfaces.action.PickTool_Goal(target_object='pencil')
2026-10-07T21:03:04.658 [screen_state_node] RECEIVED SetScreenState request: state="robot_pick_started" detail={"source": "robot", "payload": {"action": "pick", "tool": "pencil"}}
2026-10-07T21:03:04.816 [screen_state_node] SENT screen state -> robot_pick_started (display: "ROBOT PICK START")
2026-10-07T21:03:05.075 [pick_tool_node] RECEIVED PickTool goal: pencil
2026-10-07T21:03:05.135 [pick_tool_node] DOING [pickTool:pencil] step: receive_tool
2026-10-07T21:03:05.339 [motion_node] RECEIVED SetState request: STANDBY
2026-10-07T21:03:05.487 [motion_node] SENT state STANDBY: OK STANDBY
2026-10-07T21:03:05.710 [pick_tool_node] SENT state -> STANDBY
2026-10-07T21:03:05.810 [pick_tool_node] SENT human notify: place_tool: Place "pencil" in the robot tool link, then press the button.
2026-10-07T21:03:05.834 [pick_tool_node] DOING [pickTool:pencil] step: waiting_for_button
2026-10-07T21:04:27.980 [grid_node] INFO grid_node using shared camera via /camera/frame
2026-10-07T21:04:28.178 [grid_node] INFO grid_node ready - viewer at http://<this-machine-ip>:8091/, paper_size=A4
2026-10-07T21:04:41.276 [tool_state_node] INFO tool_state_node ready — holding: <none>
2026-10-07T21:04:41.348 [screen_state_node] WARN screen_state_node running in MOCK serial mode - no display Arduino attached
2026-10-07T21:04:41.959 [screen_state_node] INFO screen_state_node ready (mock_serial=True) - serving /screen/set_state
2026-10-07T21:04:42.523 [pick_tool_node] INFO pick_tool_node ready — action server on "pick_tool"
2026-10-07T21:04:43.239 [dispatch_node] INFO dispatch_node ready - listening on /action/dispatch
2026-10-07T21:04:43.998 [pick_and_place_node] INFO pick_and_place_node ready — action server on "pick_and_place"
2026-10-07T21:04:45.101 [draw_line_node] INFO draw_line_node ready — action server on "draw_line"
2026-10-07T21:04:45.207 [draw_arc_node] INFO draw_arc_node ready — action server on "draw_arc"
2026-10-07T21:04:45.388 [mark_point_node] INFO mark_point_node ready — action server on "mark_point"
2026-10-07T21:04:52.204 [draw_arc_node] RECEIVED push button pressed

2026-10-07T21:04:52.247 [mark_point_node] RECEIVED push button pressed
2026-10-07T21:04:52.291 [pick_tool_node] RECEIVED push button pressed
2026-10-07T21:04:52.385 [dispatch_node] RECEIVED push button pressed
2026-10-07T21:07:40.163 [dispatch_node] RECEIVED actionId=pick-8811062a source=robot pairId=pick-8811062a pairSize=1 payload={'action': 'pick', 'tool': 'pencil'}
2026-10-07T21:07:42.139 [motion_node] RECEIVED SetState request: BOOT
2026-10-07T21:07:42.381 [screen_state_node] RECEIVED SetScreenState request: state="robot_pick_started" detail={"source": "robot", "payload": {"action": "pick", "tool": "pencil"}}
2026-10-07T21:07:42.775 [screen_state_node] SENT screen state -> robot_pick_started (display: "ROBOT PICK START")
2026-10-07T21:07:48.811 [motion_node] SENT state BOOT: OK BOOT
2026-10-07T21:07:48.869 [dispatch_node] SENT state -> BOOT
2026-10-07T21:07:48.884 [dispatch_node] DOING routing robot action "pick"
2026-10-07T21:07:48.957 [dispatch_node] SENT pick goal: nexus_interfaces.action.PickTool_Goal(target_object='pencil')
2026-10-07T21:07:50.503 [pick_tool_node] RECEIVED PickTool goal: pencil
2026-10-07T21:07:50.648 [pick_tool_node] DOING [pickTool:pencil] step: receive_tool
2026-10-07T21:07:51.469 [motion_node] RECEIVED SetState request: STANDBY
2026-10-07T21:07:51.499 [motion_node] SENT state STANDBY: OK STANDBY
2026-10-07T21:07:57.608 [pick_tool_node] SENT state -> STANDBY
2026-10-07T21:07:57.642 [pick_tool_node] SENT human notify: place_tool: Place "pencil" in the robot tool link, then press the button.
2026-10-07T21:07:57.658 [pick_tool_node] DOING [pickTool:pencil] step: waiting_for_button
2026-10-07T21:08:06.359 [dispatch_node] RECEIVED push button pressed

2026-10-07T21:08:06.370 [pick_tool_node] DOING [pickTool:pencil] step: validating_tool
2026-10-07T21:08:06.530 [motion_node] RECEIVED SetState request: TOOL_CHECK
2026-10-07T21:08:06.668 [motion_node] SENT state TOOL_CHECK: OK TOOL_CHECK
2026-10-07T21:08:06.815 [pick_tool_node] SENT state -> TOOL_CHECK
2026-10-07T21:08:07.195 [draw_line_node] RECEIVED push button pressed
2026-10-07T21:08:07.332 [mark_point_node] RECEIVED push button pressed
2026-10-07T21:08:07.353 [draw_arc_node] RECEIVED push button pressed
2026-10-07T21:08:17.693 [pick_tool_node] ERROR [pickTool:pencil] failed: timed out waiting for /vision/detect_object
2026-10-07T21:08:18.139 [motion_node] RECEIVED SetState request: STANDBY
2026-10-07T21:08:18.283 [motion_node] SENT state STANDBY: OK STANDBY
2026-10-07T21:08:18.398 [pick_tool_node] SENT state -> STANDBY
2026-10-07T21:08:18.580 [dispatch_node] RECEIVED pick result: success=False message="timed out waiting for /vision/detect_object"
2026-10-07T21:08:18.656 [dispatch_node] SENT completion for actionId=pick-8811062a source=robot result={'ok': False, 'action': 'pick', 'message': 'timed out waiting for /vision/detect_object'}
2026-10-07T21:08:21.841 [pick_tool_node] RECEIVED push button pressed
2026-10-07T21:08:21.850 [dispatch_node] RECEIVED push button pressed
2026-10-07T21:08:21.855 [mark_point_node] RECEIVED push button pressed
2026-10-07T21:08:21.976 [draw_line_node] RECEIVED push button pressed
2026-10-07T21:08:22.224 [draw_arc_node] RECEIVED push button pressed
2026-10-07T21:08:26.083 [dispatch_node] RECEIVED push button pressed
2026-10-07T21:08:26.169 [pick_tool_node] RECEIVED push button pressed
2026-10-07T21:08:26.168 [draw_line_node] RECEIVED push button pressed
2026-10-07T21:08:26.152 [draw_arc_node] RECEIVED push button pressed
2026-10-07T21:08:26.202 [mark_point_node] RECEIVED push button pressed
2026-10-07T21:08:29.751 [pick_tool_node] RECEIVED push button pressed
2026-10-07T21:08:29.857 [draw_line_node] RECEIVED push button pressed
2026-10-07T21:08:29.781 [dispatch_node] RECEIVED push button pressed
2026-10-07T21:08:29.873 [mark_point_node] RECEIVED push button pressed
2026-10-07T21:08:31.961 [pick_tool_node] RECEIVED push button pressed
2026-10-07T21:08:31.976 [draw_arc_node] RECEIVED push button pressed
2026-10-07T21:08:31.989 [mark_point_node] RECEIVED push button pressed
2026-10-07T21:08:32.041 [draw_line_node] RECEIVED push button pressed
2026-10-07T21:08:34.750 [dispatch_node] RECEIVED actionId=pick-a67c522e source=robot pairId=pick-a67c522e pairSize=1 payload={'action': 'pick', 'tool': 'pencil'}
2026-10-07T21:08:34.824 [dispatch_node] DOING routing robot action "pick"
2026-10-07T21:08:35.001 [screen_state_node] RECEIVED SetScreenState request: state="robot_pick_started" detail={"source": "robot", "payload": {"action": "pick", "tool": "pencil"}}
2026-10-07T21:08:35.069 [dispatch_node] SENT pick goal: nexus_interfaces.action.PickTool_Goal(target_object='pencil')
2026-10-07T21:08:35.119 [pick_tool_node] RECEIVED PickTool goal: pencil
2026-10-07T21:08:35.121 [screen_state_node] SENT screen state -> robot_pick_started (display: "ROBOT PICK START")
2026-10-07T21:08:35.269 [pick_tool_node] DOING [pickTool:pencil] step: receive_tool
2026-10-07T21:08:35.293 [motion_node] RECEIVED SetState request: STANDBY
2026-10-07T21:08:35.315 [motion_node] SENT state STANDBY: OK STANDBY
2026-10-07T21:08:35.373 [pick_tool_node] SENT state -> STANDBY
2026-10-07T21:08:35.391 [pick_tool_node] SENT human notify: place_tool: Place "pencil" in the robot tool link, then press the button.
2026-10-07T21:08:35.407 [pick_tool_node] DOING [pickTool:pencil] step: waiting_for_button
2026-10-07T21:18:01.882 [grid_node] INFO grid_node using shared camera via /camera/frame
2026-10-07T21:18:02.415 [grid_node] INFO grid_node ready - viewer at http://<this-machine-ip>:8091/, paper_size=A4
2026-10-07T21:18:05.430 [screen_state_node] WARN screen_state_node running in MOCK serial mode - no display Arduino attached
2026-10-07T21:18:05.805 [screen_state_node] INFO screen_state_node ready (mock_serial=True) - serving /screen/set_state
2026-10-07T21:18:06.054 [pick_tool_node] INFO pick_tool_node ready — action server on "pick_tool"
2026-10-07T21:18:06.174 [tool_state_node] INFO tool_state_node ready — holding: <none>
2026-10-07T21:18:06.237 [pick_and_place_node] INFO pick_and_place_node ready — action server on "pick_and_place"
2026-10-07T21:18:07.012 [draw_arc_node] INFO draw_arc_node ready — action server on "draw_arc"
2026-10-07T21:18:07.368 [draw_arc_node] RECEIVED push button pressed
2026-10-07T21:18:07.371 [draw_line_node] INFO draw_line_node ready — action server on "draw_line"
2026-10-07T21:18:07.360 [mark_point_node] INFO mark_point_node ready — action server on "mark_point"
2026-10-07T21:18:07.415 [draw_line_node] RECEIVED push button pressed
2026-10-07T21:18:07.433 [mark_point_node] RECEIVED push button pressed
2026-10-07T21:18:07.616 [dispatch_node] INFO dispatch_node ready - listening on /action/dispatch
2026-10-07T21:18:07.638 [dispatch_node] RECEIVED push button pressed
2026-10-07T21:19:55.893 [mark_point_node] RECEIVED push button pressed
2026-10-07T21:19:55.887 [draw_arc_node] RECEIVED push button pressed
2026-10-07T21:19:55.887 [draw_line_node] RECEIVED push button pressed
2026-10-07T21:19:56.239 [pick_tool_node] RECEIVED push button pressed
2026-10-07T21:19:57.223 [mark_point_node] RECEIVED push button pressed
2026-10-07T21:19:57.233 [pick_tool_node] RECEIVED push button pressed
2026-10-07T21:19:57.215 [draw_arc_node] RECEIVED push button pressed
2026-10-07T21:19:59.504 [dispatch_node] RECEIVED push button pressed
2026-10-07T21:19:59.507 [dispatch_node] RECEIVED push button pressed
2026-10-07T21:20:23.610 [motion_node] RECEIVED SetState request: BOOT
2026-10-07T21:20:30.291 [motion_node] SENT state BOOT: OK BOOT
2026-10-07T21:20:33.354 [dispatch_node] RECEIVED push button pressed
2026-10-07T21:20:33.362 [pick_tool_node] RECEIVED push button pressed
2026-10-07T21:20:33.359 [mark_point_node] RECEIVED push button pressed
2026-10-07T21:20:33.366 [draw_arc_node] RECEIVED push button pressed
2026-10-07T21:20:33.403 [draw_line_node] RECEIVED push button pressed
2026-10-07T21:20:33.648 [pick_tool_node] RECEIVED push button pressed
2026-10-07T21:20:33.643 [dispatch_node] RECEIVED push button pressed
2026-10-07T21:20:33.673 [mark_point_node] RECEIVED push button pressed
2026-10-07T21:20:33.697 [draw_arc_node] RECEIVED push button pressed
2026-10-07T21:20:33.691 [draw_line_node] RECEIVED push button pressed
2026-10-07T21:20:35.350 [mark_point_node] RECEIVED push button pressed
2026-10-07T21:20:35.367 [draw_arc_node] RECEIVED push button pressed

2026-10-07T21:20:35.374 [draw_line_node] RECEIVED push button pressed
2026-10-07T21:20:37.475 [dispatch_node] RECEIVED push button pressed

2026-10-07T21:20:37.528 [pick_tool_node] RECEIVED push button pressed
2026-10-07T21:20:37.541 [mark_point_node] RECEIVED push button pressed
2026-10-07T21:20:39.388 [dispatch_node] RECEIVED push button pressed
2026-10-07T21:20:39.473 [draw_line_node] RECEIVED push button pressed
2026-10-07T21:20:39.472 [draw_arc_node] RECEIVED push button pressed
2026-10-07T21:20:39.505 [mark_point_node] RECEIVED push button pressed
2026-10-07T21:20:39.542 [pick_tool_node] RECEIVED push button pressed
2026-10-07T21:20:41.382 [dispatch_node] RECEIVED push button pressed

2026-10-07T21:20:41.374 [draw_line_node] RECEIVED push button pressed
2026-10-07T21:20:41.501 [draw_arc_node] RECEIVED push button pressed
2026-10-07T21:20:41.441 [mark_point_node] RECEIVED push button pressed
